file,name,code_range,frequency,weighted
Household,CDIVMSAR,11=New England MSA/CMSA of 1 million+ with heavy rail,161,2066163.07583705
Household,CDIVMSAR,12=New England MSA/CMSA of 1 million+ w/o heavy rail,51,703523.166831864
Household,CDIVMSAR,13=New England MSA of less than 1 million,208,3135078.07195753
Household,CDIVMSAR,14=New England Not in an MSA,19,221998.32662453
Household,CDIVMSAR,21=Mid-Atlantic MSA/CMSA of 1 million+ with heavy rail,468,8330759.23953903
Household,CDIVMSAR,22=Mid-Atlantic MSA/CMSA of 1 million+ w/o heavy rail,136,2261377.10456885
Household,CDIVMSAR,23=Mid-Atlantic MSA of less than 1 million,302,5374346.66955614
Household,CDIVMSAR,24=Mid-Atlantic Not in an MSA,18,372341.700626488
Household,CDIVMSAR,31=East North Central MSA/CMSA of 1 million+ with heavy rail,266,4095724.10222997
Household,CDIVMSAR,32=East North Central MSA/CMSA of 1 million+ w/o heavy rail,374,5208902.98339577
Household,CDIVMSAR,33=East North Central MSA of less than 1 million,562,8364934.63087832
Household,CDIVMSAR,34=East North Central Not in an MSA,91,1360874.79042852
Household,CDIVMSAR,42=West North Central MSA/CMSA of 1 million+ w/o heavy rail,211,3631401.83764825
Household,CDIVMSAR,43=West North Central MSA of less than 1 million,275,4141517.3954031
Household,CDIVMSAR,44=West North Central Not in an MSA,82,887706.474540721
Household,CDIVMSAR,51=South Atlantic MSA/CMSA of 1 million+ with heavy rail,453,7412222.50867135
Household,CDIVMSAR,52=South Atlantic MSA/CMSA of 1 million+ w/o heavy rail,383,6222720.55297403
Household,CDIVMSAR,53=South Atlantic MSA of less than 1 million,681,11014145.4240815
Household,CDIVMSAR,54=South Atlantic Not in an MSA,65,1183864.22981719
Household,CDIVMSAR,62=East South Central MSA/CMSA of 1 million+ w/o heavy rail,147,2408597.82872358
Household,CDIVMSAR,63=East South Central MSA of less than 1 million,262,4504203.29526307
Household,CDIVMSAR,64=East South Central Not in an MSA,39,728983.974121286
Household,CDIVMSAR,72=West South Central MSA/CMSA of 1 million+ w/o heavy rail,508,8652288.12705937
Household,CDIVMSAR,73=West South Central MSA of less than 1 million,321,5622516.33622377
Household,CDIVMSAR,74=West South Central Not in an MSA,56,1024152.66167227
Household,CDIVMSAR,82=Mountain MSA/CMSA of 1 million+ w/o heavy rail,290,4790052.076031
Household,CDIVMSAR,83=Mountain MSA of less than 1 million,301,4427897.63775055
Household,CDIVMSAR,84=Mountain Not in an MSA,29,472885.648798016
Household,CDIVMSAR,91=Pacific MSA/CMSA of 1 million+ with heavy rail,400,7415804.84359144
Household,CDIVMSAR,92=Pacific MSA/CMSA of 1 million+ w/o heavy rail,398,6126638.16109982
Household,CDIVMSAR,93=Pacific MSA of less than 1 million,320,5141778.20349701
Household,CDIVMSAR,94=Pacific Not in an MSA,16,239305.920558666
Household,CENSUS_D,01=New England,439,6126762.64125097
Household,CENSUS_D,02=Middle Atlantic,924,16338824.7142905
Household,CENSUS_D,03=East North Central,1293,19030436.5069326
Household,CENSUS_D,04=West North Central,568,8660625.70759208
Household,CENSUS_D,05=South Atlantic,1582,25832952.7155441
Household,CENSUS_D,06=East South Central,448,7641785.09810794
Household,CENSUS_D,07=West South Central,885,15298957.1249554
Household,CENSUS_D,08=Mountain,620,9690835.36257956
Household,CENSUS_D,09=Pacific,1134,18923527.128747
Household,CENSUS_R,01=Northeast,1363,22465587.3555415
Household,CENSUS_R,02=Midwest,1861,27691062.2145247
Household,CENSUS_R,03=South,2915,48773694.9386074
Household,CENSUS_R,04=West,1754,28614362.4913265
Household,CNTTDHH,Responses=0-45,7893,127544707.0
Household,DRVRCNT,0,302,7099918.40718848
Household,DRVRCNT,1,2724,43858281.0473238
Household,DRVRCNT,2,4059,60010920.8980496
Household,DRVRCNT,3,592,12191086.088665
Household,DRVRCNT,4,180,3632458.79021622
Household,DRVRCNT,5,29,584967.113022582
Household,DRVRCNT,6,5,140241.757955268
Household,DRVRCNT,7,2,26832.8975790938
Household,FLAG100,01=All eligible household members completed,7784,125486651.544264
Household,FLAG100,02=75% to 99% of eligible household members completed,109,2058055.4557355
Household,HBHTNRNT,01=0-4%,476,6408769.68866195
Household,HBHTNRNT,05=5-14%,2009,29679267.3798075
Household,HBHTNRNT,20=15-24%,1603,24903349.3496827
Household,HBHTNRNT,30=25-34%,1160,18679644.4360107
Household,HBHTNRNT,40=35-44%,839,14932267.5328715
Household,HBHTNRNT,50=45-54%,638,10787820.6251276
Household,HBHTNRNT,60=55-64%,482,8919370.47432646
Household,HBHTNRNT,70=65-74%,339,6201539.37714035
Household,HBHTNRNT,80=75-84%,232,4466246.07578057
Household,HBHTNRNT,90=85-94%,101,2216207.02896621
Household,HBHTNRNT,95=95-100%,14,350225.031624495
Household,HBHUR,01=Rural,1553,24116021.6228579
Household,HBHUR,02=Small Town,1748,26778757.056252
Household,HBHUR,03=Second City,1514,25469405.0053254
Household,HBHUR,04=Suburban,1866,29898290.4159541
Household,HBHUR,05=Urban,1212,21282232.8996108
Household,HBPPOPDN,-9=Not ascertained,38,722449.90996476
Household,HBPPOPDN,01=0-99,919,13977712.2991198
Household,HBPPOPDN,02=100-499,1092,17011099.4216232
Household,HBPPOPDN,03=500-999,588,9248976.78460139
Household,HBPPOPDN,"04=1,000-1,999",990,15597274.5713402
Household,HBPPOPDN,"05=2,000-3,999",1612,25841633.3799922
Household,HBPPOPDN,"06=4,000-9,999",1849,30519565.8251979
Household,HBPPOPDN,"07=10,000-24,999",526,9233205.46245368
Household,HBPPOPDN,"08=25,000-999,999",279,5392789.34570693
Household,HBRESDN,-9=Not ascertained,62,833184.105985194
Household,HBRESDN,01=0-99,1522,23623256.8193338
Household,HBRESDN,02=100-499,1384,21297154.1679918
Household,HBRESDN,03=500-999,911,14311806.8137922
Household,HBRESDN,"04=1,000-1,999",1645,27430866.889087
Household,HBRESDN,"05=2,000-3,999",1452,23993133.4404979
Household,HBRESDN,"06=4,000-9,999",559,9478815.77418193
Household,HBRESDN,"07=10,000-24,999",212,3630050.36814555
Household,HBRESDN,"08=25,000-999,999",146,2946438.6209847
Household,HHFAMINC,-7=I prefer not to answer,93,1600742.72812411
Household,HHFAMINC,-8=I don't know,3,41548.8122342142
Household,HHFAMINC,"01=Less than $10,000",300,7385631.21369596
Household,HHFAMINC,"02=$10,000 to $14,999",242,5158270.63897854
Household,HHFAMINC,"03=$15,000 to $24,999",467,8616666.68506667
Household,HHFAMINC,"04=$25,000 to $34,999",552,9884379.5832018
Household,HHFAMINC,"05=$35,000 to $49,999",824,13569737.5593335
Household,HHFAMINC,"06=$50,000 to $74,999",1392,21252307.4995785
Household,HHFAMINC,"07=$75,000 to $99,999",1120,16651924.9716617
Household,HHFAMINC,"08=$100,000 to $124,999",890,12256706.3462585
Household,HHFAMINC,"09=$125,000 to $149,999",611,8490208.34639756
Household,HHFAMINC,"10=$150,000 to $199,999",593,9895359.5975804
Household,HHFAMINC,"11=$200,000 or more",806,12741223.0178887
Household,HHFAMINC_IMP,"01=Less than $10,000",301,7412232.89487837
Household,HHFAMINC_IMP,"02=$10,000 to $14,999",245,5190388.13247827
Household,HHFAMINC_IMP,"03=$15,000 to $24,999",470,8689824.52280537
Household,HHFAMINC_IMP,"04=$25,000 to $34,999",560,9988974.8115368
Household,HHFAMINC_IMP,"05=$35,000 to $49,999",831,13739585.6444155
Household,HHFAMINC_IMP,"06=$50,000 to $74,999",1415,21714429.8851345
Household,HHFAMINC_IMP,"07=$75,000 to $99,999",1132,16823250.7976763
Household,HHFAMINC_IMP,"08=$100,000 to $124,999",909,12591085.7867361
Household,HHFAMINC_IMP,"09=$125,000 to $149,999",617,8553170.86648721
Household,HHFAMINC_IMP,"10=$150,000 to $199,999",599,10026162.3391545
Household,HHFAMINC_IMP,"11=$200,000 or more",814,12815601.3186972
Household,HHRELATD,01=At least two persons in hh are related,5485,88955337.9555484
Household,HHRELATD,02=No related persons in hh,2408,38589369.0444515
Household,HHSIZE,1,2271,36408704.9713443
Household,HHSIZE,2,3339,44750885.6274505
Household,HHSIZE,3,967,19001129.4053198
Household,HHSIZE,4,786,15515882.3151773
Household,HHSIZE,5,343,7521882.49142153
Household,HHSIZE,6,123,2635515.19052985
Household,HHSIZE,7,37,1058082.43099063
Household,HHSIZE,8,19,506172.75582843
Household,HHSIZE,9,6,113514.233141861
Household,HHSIZE,10,2,32937.5787959488
Household,HHVEHCNT,0,476,10712489.2681484
Household,HHVEHCNT,1,2623,42271037.0035142
Household,HHVEHCNT,2,3199,48347256.6664491
Household,HHVEHCNT,3,1043,16859279.6217925
Household,HHVEHCNT,4,360,6251993.79430358
Household,HHVEHCNT,5,122,1810760.20762904
Household,HHVEHCNT,6,44,781712.356487293
Household,HHVEHCNT,7,13,230253.067648207
Household,HHVEHCNT,8,7,101909.207106304
Household,HHVEHCNT,9,1,12447.2301040471
Household,HHVEHCNT,11,3,130732.346695523
Household,HHVEHCNT,14,1,9225.77881469857
Household,HHVEHCNT,17,1,25610.4513071656
Household,HH_HISP,01=Hispanic or Latino,604,16553655.8535854
Household,HH_HISP,02=Not Hispanic or Latino,7289,110991051.146415
Household,HH_RACE,01=White,6664,96010623.2237211
Household,HH_RACE,02=Black or African American,579,15096503.2128488
Household,HH_RACE,03=Asian,388,8704890.38282253
Household,HH_RACE,04=American Indian/Alaska Native,39,1194452.39651951
Household,HH_RACE,05=Native Hawaiian/Pacific Islander,19,397448.265320956
Household,HH_RACE,06=Multiple races selected,29,819754.07392931
Household,HH_RACE,97=Other race,175,5321035.44483778
Household,HOMEOWN,01=Owned by hh member with mortgage or loan,3670,57012795.8145099
Household,HOMEOWN,02=Owned by hh member free and clear (no mortgage),2166,29733271.7806622
Household,HOMEOWN,03=Rented by hh member,1941,38426212.8815147
Household,HOMEOWN,04=Occupied without payment,116,2372426.52331319
Household,HOMETYPE,01=One-family detached,5430,83144698.9417257
Household,HOMETYPE,"02=One-family attached (townhome, condo)",748,11870408.5457218
Household,HOMETYPE,03=Building with 2 or more apartments,1437,27055566.4672643
Household,HOMETYPE,04=Mobile home,263,5181584.56456396
Household,HOMETYPE,"05=Boat, RV, van, etc.",15,292448.480724163
Household,HOUSEID,Responses=9000013002-9000218040,7893,127544707.0
Household,HTEEMPDN,-9=Not ascertained,56,840868.11937468
Household,HTEEMPDN,01=0-49,1118,17378746.922165
Household,HTEEMPDN,02=50-99,434,7248793.80745584
Household,HTEEMPDN,03=100-249,696,10438502.8865754
Household,HTEEMPDN,04=250-499,740,11759799.3826213
Household,HTEEMPDN,05=500-999,903,14101013.6805933
Household,HTEEMPDN,"06=1,000-1,999",1585,25964370.3928698
Household,HTEEMPDN,"07=2,000-3,999",1451,23711441.683305
Household,HTEEMPDN,"08=4,000-999,999",910,16101170.1250397
Household,HTHTNRNT,01=0-4%,230,3454979.09722084
Household,HTHTNRNT,05=5-14%,1783,25737486.5670405
Household,HTHTNRNT,20=15-24%,1848,29040766.1085209
Household,HTHTNRNT,30=25-34%,1325,21340144.2314906
Household,HTHTNRNT,40=35-44%,995,15829573.2856503
Household,HTHTNRNT,50=45-54%,717,13721920.5859945
Household,HTHTNRNT,60=55-64%,458,8339113.54534463
Household,HTHTNRNT,70=65-74%,294,5248867.89317998
Household,HTHTNRNT,80=75-84%,183,3470122.32909537
Household,HTHTNRNT,90=85-94%,55,1253936.63344372
Household,HTHTNRNT,95=95-100%,5,107796.72301873
Household,HTPPOPDN,-9=Not ascertained,33,493895.639530479
Household,HTPPOPDN,01=0-99,1045,16493192.9542355
Household,HTPPOPDN,02=100-499,1157,18250663.2218799
Household,HTPPOPDN,03=500-999,638,10059086.8724056
Household,HTPPOPDN,"04=1,000-1,999",1048,16147231.5953616
Household,HTPPOPDN,"05=2,000-3,999",1628,26326517.391659
Household,HTPPOPDN,"06=4,000-9,999",1672,27942564.3729245
Household,HTPPOPDN,"07=10,000-24,999",425,7139351.01440599
Household,HTPPOPDN,"08=25,000-999,999",247,4692203.93759735
Household,HTRESDN,-9=Not ascertained,61,963571.478828966
Household,HTRESDN,01=0-99,1640,25721428.6256991
Household,HTRESDN,02=100-499,1524,23900699.3866486
Household,HTRESDN,03=500-999,959,14444990.2904579
Household,HTRESDN,"04=1,000-1,999",1667,27614138.7784984
Household,HTRESDN,"05=2,000-3,999",1276,21629305.5652358
Household,HTRESDN,"06=4,000-9,999",455,7582439.967713
Household,HTRESDN,"07=10,000-24,999",197,3374845.01271875
Household,HTRESDN,"08=25,000-999,999",114,2313287.89419944
Household,LIF_CYC,"01=one adult, no children",1281,21718944.7889922
Household,LIF_CYC,"02=2+ adults, no children",1497,23083322.6141086
Household,LIF_CYC,"03=one adult, youngest child 0-5",63,1628014.88389323
Household,LIF_CYC,"04=2+ adults, youngest child 0-5",645,13532119.5152556
Household,LIF_CYC,"05=one adult, youngest child 6-15",184,3532237.44568657
Household,LIF_CYC,"06=2+ adults, youngest child 6-15",772,15211748.075308
Household,LIF_CYC,"07=one adult, youngest child 16-21",90,1564283.57876552
Household,LIF_CYC,"08=2+ adults, youngest child 16-21",256,5115490.8287065
Household,LIF_CYC,"09=one adult, retired, no children",990,14689760.1823521
Household,LIF_CYC,"10=2+ adults, retired, no children",2115,27468785.0869318
Household,MSACAT,"01=MSA of 1 million or more, with rail",1748,29320673.7698688
Household,MSACAT,"02=MSA of 1 million or more, without rail",2498,40005501.8383326
Household,MSACAT,03=MSA less than 1 million,3232,51726417.6646109
Household,MSACAT,04=Not in MSA,415,6492113.7271877
Household,MSASIZE,"01=In an MSA of Less than 250,000",1458,23004676.24776
Household,MSASIZE,"02=In an MSA of 250,000 - 499,999",751,11829216.2518429
Household,MSASIZE,"03=In an MSA of 500,000 - 999,999",1023,16892525.165008
Household,MSASIZE,"04=In an MSA or CMSA of 1,000,000 - 2,999,999",1805,28603471.5492365
Household,MSASIZE,05=In an MSA or CMSA of 3 million or more,2441,40722704.058965
Household,MSASIZE,06=Not in MSA or CMSA,415,6492113.7271877
Household,NUMADLT,1,2535,41752813.6643273
Household,NUMADLT,2,4427,66233077.2969962
Household,NUMADLT,3,670,13922132.6857153
Household,NUMADLT,4,208,4402441.01352428
Household,NUMADLT,5,38,840126.827129164
Household,NUMADLT,6,9,271959.185040361
Household,NUMADLT,7,5,114531.891461554
Household,NUMADLT,8,1,7624.43580599674
Household,PPT517,0,6397,97033313.3314139
Household,PPT517,1,730,14565767.247292
Household,PPT517,2,528,10824230.5293474
Household,PPT517,3,169,3580625.13176117
Household,PPT517,4,52,1227131.63050583
Household,PPT517,5,14,239010.497001486
Household,PPT517,6,3,74628.6326782946
Household,RAIL,01=Yes,1808,30282605.1805891
Household,RAIL,02=No,6085,97262101.8194107
Household,RESP_CNT,1,2298,36897743.8043169
Household,RESP_CNT,2,3589,49533888.4143362
Household,RESP_CNT,3,1019,20412806.0835333
Household,RESP_CNT,4,631,12916474.5710909
Household,RESP_CNT,5,251,5251665.69634653
Household,RESP_CNT,6,65,1426219.63090191
Household,RESP_CNT,7,29,874666.131694794
Household,RESP_CNT,8,8,190316.967933966
Household,RESP_CNT,9,2,18283.3019562043
Household,RESP_CNT,10,1,22642.3978892748
Household,STRATUMID,Responses=1021-1040,7893,127544707.0
Household,TDAYDATE,202201,216,4020208.53519615
Household,TDAYDATE,202202,807,9784209.56338399
Household,TDAYDATE,202203,706,10832627.054924
Household,TDAYDATE,202204,694,10483154.557744
Household,TDAYDATE,202205,560,10832499.510217
Household,TDAYDATE,202206,358,10483154.557744
Household,TDAYDATE,202207,468,10832499.510217
Household,TDAYDATE,202208,474,10832499.510217
Household,TDAYDATE,202209,441,10483154.557744
Household,TDAYDATE,202210,621,10832499.510217
Household,TDAYDATE,202211,1203,10482776.6043011
Household,TDAYDATE,202212,973,10832627.054924
Household,TDAYDATE,202301,372,6812796.47317074
Household,TRAVDAY,01=Sunday,1388,18220672.4285923
Household,TRAVDAY,02=Monday,1428,18220672.4285875
Household,TRAVDAY,03=Tuesday,1133,18220672.4285893
Household,TRAVDAY,04=Wednesday,1006,18220672.4285756
Household,TRAVDAY,05=Thursday,1034,18220672.4285141
Household,TRAVDAY,06=Friday,1061,18220672.4285333
Household,TRAVDAY,07=Saturday,843,18220672.4286078
Household,URBAN,01=In an urban area,5632,91931509.5349674
Household,URBAN,02=In an Urban cluster,674,10987800.2794619
Household,URBAN,03=In an area surrounded by urban areas,1,14432.9714079352
Household,URBAN,04=Not in urban area,1586,24610964.2141627
Household,URBANSIZE,"01=50,000-199,999",768,12505316.5130985
Household,URBANSIZE,"02=200,000-499,999",879,13977640.3976531
Household,URBANSIZE,"03=500,000-999,999",760,12182845.2233126
Household,URBANSIZE,"04=1,000,000 or more with heavy rail",1491,25434046.0209671
Household,URBANSIZE,"05=1,000,000 or more without heavy rail",1734,27831661.3799363
Household,URBANSIZE,06=Not in urbanized area,2261,35613197.4650325
Household,URBRUR,01=Urban,6306,102919309.81443
Household,URBRUR,02=Rural,1587,24625397.1855706
Household,URBRUR_2010,01=Urban,6298,103092708.601309
Household,URBRUR_2010,02=Rural,1595,24451998.3986911
Household,WRKCOUNT,0,2758,43369247.0002101
Household,WRKCOUNT,1,2790,45309376.4542813
Household,WRKCOUNT,2,2026,32224592.5820057
Household,WRKCOUNT,3,266,5430724.96011058
Household,WRKCOUNT,4,42,955350.607026088
Household,WRKCOUNT,5,8,202620.499819384
Household,WRKCOUNT,6,3,52794.8965469922
Household,WTHHFIN,Responses=100.84634725-81832.021407,7893,127544707.0
Household,WTHHFIN2D,Responses=0-264588.14373,7893,127544707.0
Household,WTHHFIN5D,Responses=0-112970.16439,7893,127544707.0
Household,YOUNGCHILD,0,7271,114340083.738722
Household,YOUNGCHILD,1,445,9496669.56342831
Household,YOUNGCHILD,2,154,3284250.81031704
Household,YOUNGCHILD,3,20,350815.327693267
Household,YOUNGCHILD,4,3,72887.559839083
Person,BIKESHARE22,-1=Appropriate skip,16910,303853064.663602
Person,BIKESHARE22,Responses=0-30,87,1707860.33645875
Person,BIKETRANSIT,-1=Appropriate skip,15438,278562891.136289
Person,BIKETRANSIT,Responses=0-30,1559,26998033.8637717
Person,CDIVMSAR,11=New England MSA/CMSA of 1 million+ with heavy rail,335,4810761.96513364
Person,CDIVMSAR,12=New England MSA/CMSA of 1 million+ w/o heavy rail,109,2118086.1825408
Person,CDIVMSAR,13=New England MSA of less than 1 million,432,6539310.76893297
Person,CDIVMSAR,14=New England Not in an MSA,41,404307.07838704
Person,CDIVMSAR,21=Mid-Atlantic MSA/CMSA of 1 million+ with heavy rail,993,20543695.5033129
Person,CDIVMSAR,22=Mid-Atlantic MSA/CMSA of 1 million+ w/o heavy rail,266,4509274.82630501
Person,CDIVMSAR,23=Mid-Atlantic MSA of less than 1 million,651,12738014.0130982
Person,CDIVMSAR,24=Mid-Atlantic Not in an MSA,45,831916.5773204
Person,CDIVMSAR,31=East North Central MSA/CMSA of 1 million+ with heavy rail,555,8887014.86601863
Person,CDIVMSAR,32=East North Central MSA/CMSA of 1 million+ w/o heavy rail,778,11221595.875607
Person,CDIVMSAR,33=East North Central MSA of less than 1 million,1197,19752882.0030264
Person,CDIVMSAR,34=East North Central Not in an MSA,216,3589270.7781357
Person,CDIVMSAR,42=West North Central MSA/CMSA of 1 million+ w/o heavy rail,478,8475007.19811671
Person,CDIVMSAR,43=West North Central MSA of less than 1 million,610,9515771.5656053
Person,CDIVMSAR,44=West North Central Not in an MSA,183,1840125.26877332
Person,CDIVMSAR,51=South Atlantic MSA/CMSA of 1 million+ with heavy rail,980,19129787.0471709
Person,CDIVMSAR,52=South Atlantic MSA/CMSA of 1 million+ w/o heavy rail,822,13854561.9550436
Person,CDIVMSAR,53=South Atlantic MSA of less than 1 million,1471,25791452.6733064
Person,CDIVMSAR,54=South Atlantic Not in an MSA,135,2703056.44058152
Person,CDIVMSAR,62=East South Central MSA/CMSA of 1 million+ w/o heavy rail,307,5682663.5100103
Person,CDIVMSAR,63=East South Central MSA of less than 1 million,584,10787206.6424844
Person,CDIVMSAR,64=East South Central Not in an MSA,89,1405443.9599956
Person,CDIVMSAR,72=West South Central MSA/CMSA of 1 million+ w/o heavy rail,1143,21999890.550964
Person,CDIVMSAR,73=West South Central MSA of less than 1 million,674,13286951.4715452
Person,CDIVMSAR,74=West South Central Not in an MSA,117,2419376.12249561
Person,CDIVMSAR,82=Mountain MSA/CMSA of 1 million+ w/o heavy rail,629,11565777.0710693
Person,CDIVMSAR,83=Mountain MSA of less than 1 million,674,10935846.4344363
Person,CDIVMSAR,84=Mountain Not in an MSA,65,904343.3495072
Person,CDIVMSAR,91=Pacific MSA/CMSA of 1 million+ with heavy rail,845,19511817.8961217
Person,CDIVMSAR,92=Pacific MSA/CMSA of 1 million+ w/o heavy rail,816,14739673.2548755
Person,CDIVMSAR,93=Pacific MSA of less than 1 million,726,14589397.6144181
Person,CDIVMSAR,94=Pacific Not in an MSA,31,476644.53572156
Person,CENSUS_D,01=New England,917,13872465.9949945
Person,CENSUS_D,02=Middle Atlantic,1955,38622900.9200365
Person,CENSUS_D,03=East North Central,2746,43450763.5227877
Person,CENSUS_D,04=West North Central,1271,19830904.0324953
Person,CENSUS_D,05=South Atlantic,3408,61478858.1161024
Person,CENSUS_D,06=East South Central,980,17875314.1124903
Person,CENSUS_D,07=West South Central,1934,37706218.1450047
Person,CENSUS_D,08=Mountain,1368,23405966.8550128
Person,CENSUS_D,09=Pacific,2418,49317533.3011369
Person,CENSUS_R,01=Northeast,2872,52495366.9150309
Person,CENSUS_R,02=Midwest,4017,63281667.555283
Person,CENSUS_R,03=South,6322,117060390.373598
Person,CENSUS_R,04=West,3786,72723500.1561497
Person,CNTTDTR,Responses=0-36,16997,305560925.000061
Person,CONDNIGH,-1=Valid skip,15360,280934641.532697
Person,CONDNIGH,-9=Not ascertained,6,122262.5886659
Person,CONDNIGH,01=Selected,355,5037391.84029246
Person,CONDNIGH,02=Not Selected,1276,19466629.0384051
Person,CONDNONE,-1=Valid skip,15360,280934641.532697
Person,CONDNONE,-9=Not ascertained,6,122262.5886659
Person,CONDNONE,01=Selected,250,3712886.10488182
Person,CONDNONE,02=Not Selected,1381,20791134.7738157
Person,CONDPUB,-1=Valid skip,15360,280934641.532697
Person,CONDPUB,-9=Not ascertained,6,122262.5886659
Person,CONDPUB,01=Selected,76,1235016.4375816
Person,CONDPUB,02=Not Selected,1555,23269004.4411159
Person,CONDRF,-1=Valid skip,15360,280934641.532697
Person,CONDRF,-9=Not ascertained,6,122262.5886659
Person,CONDRF,01=Selected,68,1259740.3796116
Person,CONDRF,02=Not Selected,1563,23244280.4990859
Person,CONDRIDE,-1=Valid skip,15360,280934641.532697
Person,CONDRIDE,-9=Not ascertained,6,122262.5886659
Person,CONDRIDE,01=Selected,440,6767587.07681154
Person,CONDRIDE,02=Not Selected,1191,17736433.801886
Person,CONDRIVE,-1=Valid skip,15360,280934641.532697
Person,CONDRIVE,-9=Not ascertained,6,122262.5886659
Person,CONDRIVE,01=Selected,312,4448708.71532854
Person,CONDRIVE,02=Not Selected,1319,20055312.163369
Person,CONDSHARE,-1=Valid skip,15360,280934641.532697
Person,CONDSHARE,-9=Not ascertained,6,122262.5886659
Person,CONDSHARE,01=Selected,79,1313474.7296847
Person,CONDSHARE,02=Not Selected,1552,23190546.1490128
Person,CONDSPEC,-1=Valid skip,15360,280934641.532697
Person,CONDSPEC,-9=Not ascertained,6,122262.5886659
Person,CONDSPEC,01=Selected,87,1490533.4539891
Person,CONDSPEC,02=Not Selected,1544,23013487.4247084
Person,CONDTRAV,-1=Valid skip,15360,280934641.532697
Person,CONDTRAV,-9=Not ascertained,6,122262.5886659
Person,CONDTRAV,01=Selected,992,13923467.9436422
Person,CONDTRAV,02=Not Selected,639,10580552.9350553
Person,COV1_OHD,-8=Don't Know,574,12945765.2890303
Person,COV1_OHD,-9=Not ascertained,66,1346762.1701152
Person,COV1_OHD,01=Do more often than before,5633,94606751.741717
Person,COV1_OHD,02=Do the same as before,7122,121794667.899256
Person,COV1_OHD,03=Do less often than before,480,10399422.5094658
Person,COV1_OHD,04=Not Applicable,3122,64467555.3904766
Person,COV1_PT,-8=Don't Know,561,12930285.4847384
Person,COV1_PT,-9=Not ascertained,51,1313207.8063318
Person,COV1_PT,01=Do more often than before,377,6866885.50600594
Person,COV1_PT,02=Do the same as before,4626,77606734.1769798
Person,COV1_PT,03=Do less often than before,3189,51841643.6426261
Person,COV1_PT,04=Not Applicable,8193,155002168.383379
Person,COV1_SCH,-1=Valid skip,13670,235542266.715198
Person,COV1_SCH,-8=Don't Know,120,2660045.8538426
Person,COV1_SCH,-9=Not ascertained,8,160501.1518965
Person,COV1_SCH,01=Do more often than before,296,6566671.14251274
Person,COV1_SCH,02=Do the same as before,2093,44009705.98864
Person,COV1_SCH,03=Do less often than before,469,9266855.49828378
Person,COV1_SCH,04=Not Applicable,341,7354878.64968731
Person,COV1_WK,-1=Valid skip,9214,147551414.674601
Person,COV1_WK,-8=Don't Know,123,3426087.9538452
Person,COV1_WK,-9=Not ascertained,4,70820.5305374
Person,COV1_WK,01=Do more often than before,511,11731476.2803127
Person,COV1_WK,02=Do the same as before,4317,91034405.3375887
Person,COV1_WK,03=Do less often than before,2433,43562413.2934971
Person,COV1_WK,04=Not Applicable,395,8184306.92967927
Person,COV2_OHD,-1=Valid skip,10884,200554750.748878
Person,COV2_OHD,-8=Don't Know,1133,21837232.9452449
Person,COV2_OHD,-9=Not ascertained,8,94521.4789159
Person,COV2_OHD,01=Temporary,767,14363172.4189521
Person,COV2_OHD,02=Permanent,4205,68711247.4080698
Person,COV2_PT,-1=Valid skip,13431,246852395.851429
Person,COV2_PT,-8=Don't Know,1035,17839644.7607917
Person,COV2_PT,-9=Not ascertained,6,191103.3206736
Person,COV2_PT,01=Temporary,1318,21050528.8562832
Person,COV2_PT,02=Permanent,1207,19627252.2108835
Person,COV2_SCH,-1=Valid skip,16232,289727398.359265
Person,COV2_SCH,-8=Don't Know,135,2219918.55319303
Person,COV2_SCH,01=Temporary,290,6106806.5782828
Person,COV2_SCH,02=Permanent,340,7506801.50932068
Person,COV2_WK,-1=Valid skip,14053,250267035.426251
Person,COV2_WK,-8=Don't Know,550,11691142.7155121
Person,COV2_WK,-9=Not ascertained,1,139546.37722
Person,COV2_WK,01=Temporary,672,12993627.2104458
Person,COV2_WK,02=Permanent,1721,30469573.2706317
Person,DELIVER,-1=Appropriate skip,2193,46150762.6605722
Person,DELIVER,Responses=0-99,14804,259410162.339489
Person,DELIV_FOOD,-9=Not ascertained,4476,71867767.1466888
Person,DELIV_FOOD,-1=Appropriate skip,5993,120304284.856874
Person,DELIV_FOOD,Responses=0-59,6528,113388872.996498
Person,DELIV_GOOD,-9=Not ascertained,243,4344278.76002273
Person,DELIV_GOOD,-1=Appropriate skip,5993,120304284.856874
Person,DELIV_GOOD,Responses=0-99,10761,180912361.383165
Person,DELIV_GROC,-9=Not ascertained,5193,86598939.4941842
Person,DELIV_GROC,-1=Appropriate skip,5993,120304284.856874
Person,DELIV_GROC,Responses=0-30,5811,98657700.6490034
Person,DELIV_PERS,-9=Not ascertained,5257,88468561.7129196
Person,DELIV_PERS,-1=Appropriate skip,5993,120304284.856874
Person,DELIV_PERS,Responses=0-60,5747,96788078.430268
Person,DRIVER,-1=Valid skip,1964,41806100.5941762
Person,DRIVER,01=Yes,13434,231803889.469379
Person,DRIVER,02=No,1599,31950934.9365055
Person,DRIVINGOCCUPATION,-1=Valid skip,9409,152347586.447552
Person,DRIVINGOCCUPATION,-9=Not ascertained,7,114581.5113415
Person,DRIVINGOCCUPATION,01=Yes,1502,32399038.8637079
Person,DRIVINGOCCUPATION,02=No,6079,120699718.17746
Person,DRIVINGVEHICLE,-1=Valid skip,15495,273161886.136353
Person,DRIVINGVEHICLE,"01=Yes, use a household vehicle",846,18146289.4056681
Person,DRIVINGVEHICLE,"02=No, use non-household vehicle",481,10430248.2011356
Person,DRIVINGVEHICLE,03=Use both household and non-household vehicle,175,3822501.25690414
Person,DRVRCNT,0,432,9995515.86187337
Person,DRVRCNT,1,3611,61185614.2771288
Person,DRVRCNT,2,9789,158842173.698297
Person,DRVRCNT,3,2152,50323038.918966
Person,DRVRCNT,4,809,20359988.3816559
Person,DRVRCNT,5,157,3835124.5821406
Person,DRVRCNT,6,31,892290.1043879
Person,DRVRCNT,7,16,127179.1756123
Person,EDUC,-1=Valid skip,1765,38037040.4234895
Person,EDUC,01=Less than high school,544,14041499.231971
Person,EDUC,"02=Some high school, no diploma/GED",932,25528117.9698506
Person,EDUC,"03=High school graduate, have diploma/GED",2401,71126449.2559952
Person,EDUC,"04=Some college, no degree/ some trade school",2603,44747687.820757
Person,EDUC,05=Associates degree (2-year)/ trade school certificate,1704,28670187.5557203
Person,EDUC,06=Bachelor's degree,4021,46133784.5064672
Person,EDUC,07=Master's degree,2180,26430208.1422894
Person,EDUC,08=Professional/Doctorate degree,847,10845950.0935208
Person,EMPLOYMENT2,-1=Appropriate skip,9214,147551414.674601
Person,EMPLOYMENT2,Responses=0-99,7783,158009510.32546
Person,EMPPASS,-1=Valid skip,16824,302831555.038326
Person,EMPPASS,01=Yes,68,954314.46594504
Person,EMPPASS,02=No,105,1775055.4957895
Person,ESCOOTERUSED,-1=Appropriate skip,16756,300607941.326813
Person,ESCOOTERUSED,Responses=0-30,241,4952983.67324896
Person,FRSTHM,01=Yes,15956,286324952.90587
Person,FRSTHM,02=No,1041,19235972.0941913
Person,GCDWORK,-9=Not ascertained,2028,37747279.8651832
Person,GCDWORK,-1=Appropriate skip,9214,147551414.674601
Person,GCDWORK,Responses=0-2543.9541665,5755,120262230.460277
Person,HBHTNRNT,01=0-4%,1151,17186136.3021508
Person,HBHTNRNT,05=5-14%,4596,73181734.0975476
Person,HBHTNRNT,20=15-24%,3572,59667009.9726811
Person,HBHTNRNT,30=25-34%,2480,44631727.6346163
Person,HBHTNRNT,40=35-44%,1799,37345899.2446512
Person,HBHTNRNT,50=45-54%,1250,25087098.7145832
Person,HBHTNRNT,60=55-64%,927,22377768.2455412
Person,HBHTNRNT,70=65-74%,611,13304191.0322468
Person,HBHTNRNT,80=75-84%,411,8264928.74536472
Person,HBHTNRNT,90=85-94%,177,4047676.0969758
Person,HBHTNRNT,95=95-100%,23,466754.9137022
Person,HBHUR,01=Rural,3484,56827875.1111057
Person,HBHUR,02=Small Town,3926,66575651.464443
Person,HBHUR,03=Second City,3205,61190374.8468788
Person,HBHUR,04=Suburban,4025,71801912.0727238
Person,HBHUR,05=Urban,2357,49165111.5049098
Person,HBPPOPDN,-9=Not ascertained,93,1869465.1824957
Person,HBPPOPDN,01=0-99,1998,31310617.4741456
Person,HBPPOPDN,02=100-499,2443,41185504.5488521
Person,HBPPOPDN,03=500-999,1323,23941535.7748059
Person,HBPPOPDN,"04=1,000-1,999",2194,37570100.9139529
Person,HBPPOPDN,"05=2,000-3,999",3472,61508050.187224
Person,HBPPOPDN,"06=4,000-9,999",3956,74208907.3701916
Person,HBPPOPDN,"07=10,000-24,999",1043,23423947.0011273
Person,HBPPOPDN,"08=25,000-999,999",475,10542796.5472658
Person,HBRESDN,-9=Not ascertained,142,2110150.19464196
Person,HBRESDN,01=0-99,3359,53480520.568242
Person,HBRESDN,02=100-499,3167,54120411.018639
Person,HBRESDN,03=500-999,2002,35193087.8479529
Person,HBRESDN,"04=1,000-1,999",3611,68085667.4751366
Person,HBRESDN,"05=2,000-3,999",3042,57798219.3297277
Person,HBRESDN,"06=4,000-9,999",1076,22782814.2301682
Person,HBRESDN,"07=10,000-24,999",361,6680486.27620593
Person,HBRESDN,"08=25,000-999,999",237,5309568.05934669
Person,HHFAMINC,-7=I prefer not to answer,205,3321285.83563
Person,HHFAMINC,-8=I don't know,5,108411.1243596
Person,HHFAMINC,"01=Less than $10,000",547,12777003.1847057
Person,HHFAMINC,"02=$10,000 to $14,999",405,7652726.37213021
Person,HHFAMINC,"03=$15,000 to $24,999",811,16967877.697938
Person,HHFAMINC,"04=$25,000 to $34,999",1064,21208086.7889717
Person,HHFAMINC,"05=$35,000 to $49,999",1583,27892188.7878585
Person,HHFAMINC,"06=$50,000 to $74,999",2824,48440546.5542767
Person,HHFAMINC,"07=$75,000 to $99,999",2436,41285423.1635267
Person,HHFAMINC,"08=$100,000 to $124,999",2056,32133171.5046175
Person,HHFAMINC,"09=$125,000 to $149,999",1503,24875938.4558835
Person,HHFAMINC,"10=$150,000 to $199,999",1507,32009298.277377
Person,HHFAMINC,"11=$200,000 or more",2051,36888967.2527859
Person,HHFAMINC_IMP,"01=Less than $10,000",549,12824414.1095987
Person,HHFAMINC_IMP,"02=$10,000 to $14,999",409,7694097.20557741
Person,HHFAMINC_IMP,"03=$15,000 to $24,999",817,17071869.1939442
Person,HHFAMINC_IMP,"04=$25,000 to $34,999",1081,21388206.501683
Person,HHFAMINC_IMP,"05=$35,000 to $49,999",1598,28219078.4699787
Person,HHFAMINC_IMP,"06=$50,000 to $74,999",2867,49404936.6981506
Person,HHFAMINC_IMP,"07=$75,000 to $99,999",2464,41688877.3533222
Person,HHFAMINC_IMP,"08=$100,000 to $124,999",2099,32832803.763885
Person,HHFAMINC_IMP,"09=$125,000 to $149,999",1516,24980200.4449036
Person,HHFAMINC_IMP,"10=$150,000 to $199,999",1525,32336208.8611408
Person,HHFAMINC_IMP,"11=$200,000 or more",2072,37120232.3978768
Person,HHSIZE,1,2271,36098091.0261278
Person,HHSIZE,2,6657,87921569.3028693
Person,HHSIZE,3,2719,57418391.5682434
Person,HHSIZE,4,2781,60418305.290025
Person,HHSIZE,5,1517,38752988.1552654
Person,HHSIZE,6,636,13676387.1419096
Person,HHSIZE,7,222,6053193.9139305
Person,HHSIZE,8,131,4170204.1536143
Person,HHSIZE,9,44,864569.510345
Person,HHSIZE,10,19,187224.9377311
Person,HHVEHCNT,0,743,16634884.4775055
Person,HHVEHCNT,1,4092,70456908.5353858
Person,HHVEHCNT,2,7583,127012310.669043
Person,HHVEHCNT,3,2885,55305070.6707285
Person,HHVEHCNT,4,1093,24703795.6872792
Person,HHVEHCNT,5,391,7054316.7330841
Person,HHVEHCNT,6,139,2835859.88434145
Person,HHVEHCNT,7,37,832013.4690185
Person,HHVEHCNT,8,21,317996.8769388
Person,HHVEHCNT,9,2,17696.7525218
Person,HHVEHCNT,11,7,343100.9305218
Person,HHVEHCNT,14,3,26988.694693
Person,HHVEHCNT,17,1,19981.619
Person,HH_HISP,01=Hispanic or Latino,1525,52613378.2735377
Person,HH_HISP,02=Not Hispanic or Latino,15472,252947546.726523
Person,HH_RACE,01=White,14261,221708653.170358
Person,HH_RACE,02=Black or African American,1201,36899218.8510912
Person,HH_RACE,03=Asian,899,20917284.7218396
Person,HH_RACE,04=American Indian/Alaska Native,100,3278147.339553
Person,HH_RACE,05=Native Hawaiian/Pacific Islander,56,1340654.11596767
Person,HH_RACE,06=Multiple races selected,57,7845160.4900318
Person,HH_RACE,97=Other race,423,13571806.3112197
Person,HOMEOWN,01=Owned by hh member with mortgage or loan,8873,157818131.337713
Person,HOMEOWN,02=Owned by hh member free and clear (no mortgage),4227,59854220.7150598
Person,HOMEOWN,03=Rented by hh member,3666,83204677.9422401
Person,HOMEOWN,04=Occupied without payment,231,4683895.00504819
Person,HOUSEID,Responses=9000013002-9000218040,16997,305560925.000061
Person,HTEEMPDN,-9=Not ascertained,124,1758464.6185348
Person,HTEEMPDN,01=0-49,2430,40800143.6499469
Person,HTEEMPDN,02=50-99,997,16936694.6453998
Person,HTEEMPDN,03=100-249,1554,24587235.0015758
Person,HTEEMPDN,04=250-499,1663,29757844.2876795
Person,HTEEMPDN,05=500-999,1983,33471165.2345246
Person,HTEEMPDN,"06=1,000-1,999",3406,63171901.1117157
Person,HTEEMPDN,"07=2,000-3,999",3101,59613705.9811977
Person,HTEEMPDN,"08=4,000-999,999",1739,35463770.4694866
Person,HTHTNRNT,01=0-4%,588,10318758.6306894
Person,HTHTNRNT,05=5-14%,4099,63886710.6566506
Person,HTHTNRNT,20=15-24%,4149,70630396.4995192
Person,HTHTNRNT,30=25-34%,2858,50624637.2705808
Person,HTHTNRNT,40=35-44%,2030,37973767.4883406
Person,HTHTNRNT,50=45-54%,1446,31253896.0006773
Person,HTHTNRNT,60=55-64%,882,19919944.9020339
Person,HTHTNRNT,70=65-74%,520,11566733.6952709
Person,HTHTNRNT,80=75-84%,316,6607986.03280062
Person,HTHTNRNT,90=85-94%,99,2520827.2534112
Person,HTHTNRNT,95=95-100%,10,257266.5700866
Person,HTPPOPDN,-9=Not ascertained,63,1046653.52061676
Person,HTPPOPDN,01=0-99,2282,37939835.1716806
Person,HTPPOPDN,02=100-499,2623,43030198.482303
Person,HTPPOPDN,03=500-999,1439,25260026.1272856
Person,HTPPOPDN,"04=1,000-1,999",2289,39062193.3894332
Person,HTPPOPDN,"05=2,000-3,999",3511,62831146.8119281
Person,HTPPOPDN,"06=4,000-9,999",3540,69505656.0484841
Person,HTPPOPDN,"07=10,000-24,999",828,17316527.6813936
Person,HTPPOPDN,"08=25,000-999,999",422,9568687.76693612
Person,HTRESDN,-9=Not ascertained,129,3034682.7103797
Person,HTRESDN,01=0-99,3639,59544561.3294512
Person,HTRESDN,02=100-499,3447,60169788.5388121
Person,HTRESDN,03=500-999,2136,34551670.8556287
Person,HTRESDN,"04=1,000-1,999",3600,66477023.8427712
Person,HTRESDN,"05=2,000-3,999",2674,54338713.3928112
Person,HTRESDN,"06=4,000-9,999",855,16631325.8347566
Person,HTRESDN,"07=10,000-24,999",330,6238772.30569895
Person,HTRESDN,"08=25,000-999,999",187,4574386.18975136
Person,LAST30_BIKE,-1=Valid skip,2193,46150762.6605722
Person,LAST30_BIKE,-8=Don't Know,55,1190964.655577
Person,LAST30_BIKE,01=Yes,1559,26998033.8637717
Person,LAST30_BIKE,02=No,13190,231221163.82014
Person,LAST30_BKSHR,-1=Valid skip,15438,278562891.136289
Person,LAST30_BKSHR,-8=Don't Know,6,108472.93712345
Person,LAST30_BKSHR,-9=Not ascertained,1,6766.1056265
Person,LAST30_BKSHR,01=Yes,87,1707860.33645875
Person,LAST30_BKSHR,02=No,1465,25174934.484563
Person,LAST30_ESCT,-1=Valid skip,2193,46150762.6605722
Person,LAST30_ESCT,-8=Don't Know,56,1242860.3307438
Person,LAST30_ESCT,01=Yes,241,4952983.67324896
Person,LAST30_ESCT,02=No,14507,253214318.335496
Person,LAST30_MTRC,-1=Valid skip,2193,46150762.6605722
Person,LAST30_MTRC,-8=Don't Know,47,1112457.1476539
Person,LAST30_MTRC,01=Yes,374,6824047.69877482
Person,LAST30_MTRC,02=No,14383,251473657.49306
Person,LAST30_PT,-1=Valid skip,2193,46150762.6605722
Person,LAST30_PT,-8=Don't Know,59,1340245.0535117
Person,LAST30_PT,01=Yes,1610,32020627.4064362
Person,LAST30_PT,02=No,13135,226049289.879541
Person,LAST30_RDSHR,-1=Valid skip,2193,46150762.6605722
Person,LAST30_RDSHR,-8=Don't Know,74,1538789.9672015
Person,LAST30_RDSHR,01=Yes,2294,44483732.5959033
Person,LAST30_RDSHR,02=No,12436,213387639.776385
Person,LAST30_TAXI,-1=Valid skip,2193,46150762.6605722
Person,LAST30_TAXI,-8=Don't Know,67,1219786.7348155
Person,LAST30_TAXI,01=Yes,544,10883480.7487006
Person,LAST30_TAXI,02=No,14193,247306894.855973
Person,LAST30_WALK,-1=Valid skip,2193,46150762.6605722
Person,LAST30_WALK,-8=Don't Know,72,1394707.3916541
Person,LAST30_WALK,01=Yes,6473,110279370.076095
Person,LAST30_WALK,02=No,8259,147736084.87174
Person,LIF_CYC,"01=one adult, no children",1281,23077500.5717126
Person,LIF_CYC,"02=2+ adults, no children",3258,54787802.935083
Person,LIF_CYC,"03=one adult, youngest child 0-5",137,4250317.13983555
Person,LIF_CYC,"04=2+ adults, youngest child 0-5",2010,47014063.1303666
Person,LIF_CYC,"05=one adult, youngest child 6-15",502,10271698.4263693
Person,LIF_CYC,"06=2+ adults, youngest child 6-15",3167,70473398.7965337
Person,LIF_CYC,"07=one adult, youngest child 16-21",199,3722612.39067149
Person,LIF_CYC,"08=2+ adults, youngest child 16-21",906,21701999.4321244
Person,LIF_CYC,"09=one adult, retired, no children",990,13020590.4544152
Person,LIF_CYC,"10=2+ adults, retired, no children",4547,57240941.7229493
Person,MCTRANSIT,-1=Appropriate skip,16623,298736877.301286
Person,MCTRANSIT,Responses=0-30,374,6824047.69877482
Person,MEDCOND,-7=I prefer not to answer,679,12168423.5775369
Person,MEDCOND,-8=Don't know,101,2643257.84359233
Person,MEDCOND,-9=Not ascertained,33,565448.4784206
Person,MEDCOND,01=Yes,1206,18647930.8358373
Person,MEDCOND,02=No,14978,271535864.264674
Person,MEDCOND6,-1=Valid skip,15791,286912994.164224
Person,MEDCOND6,-7=I prefer not to answer,40,865165.7179677
Person,MEDCOND6,-8=Don't know,15,445088.0407078
Person,MEDCOND6,-9=Not ascertained,5,76312.2936834
Person,MEDCOND6,01=6 months or less,80,1295363.2986122
Person,MEDCOND6,02=More than 6 months,895,12670707.3630485
Person,MEDCOND6,03=Entire life,171,3295294.1218177
Person,MSACAT,"01=MSA of 1 million or more, with rail",3708,72883077.2777576
Person,MSACAT,"02=MSA of 1 million or more, without rail",5348,94166530.4245327
Person,MSACAT,03=MSA less than 1 million,7019,123936833.186853
Person,MSACAT,04=Not in MSA,922,14574484.110918
Person,MSASIZE,"01=In an MSA of Less than 250,000",3154,53109001.0004719
Person,MSASIZE,"02=In an MSA of 250,000 - 499,999",1647,29786993.4948957
Person,MSASIZE,"03=In an MSA of 500,000 - 999,999",2218,41040838.6914856
Person,MSASIZE,"04=In an MSA or CMSA of 1,000,000 - 2,999,999",3864,68477466.5909874
Person,MSASIZE,05=In an MSA or CMSA of 3 million or more,5192,98572141.1113026
Person,MSASIZE,06=Not in MSA or CMSA,922,14574484.110918
Person,NUMADLT,1,2918,50335502.3144108
Person,NUMADLT,2,10526,171330353.705551
Person,NUMADLT,3,2358,53315088.3248728
Person,NUMADLT,4,895,22562579.3524798
Person,NUMADLT,5,196,5186376.3861906
Person,NUMADLT,6,56,2160736.9987378
Person,NUMADLT,7,40,622999.4290687
Person,NUMADLT,8,8,47288.4887499
Person,OUTOFTWN,01=Yes,75,1515001.1440297
Person,OUTOFTWN,02=No,16922,304045923.856032
Person,PARK,-1=Valid skip,9599,155422007.203655
Person,PARK,01=Yes,186,4098814.8457681
Person,PARK,02=No,7212,146040102.950638
Person,PARKHOME,-1=Valid skip,16811,301462110.154293
Person,PARKHOME,01=Yes,14,367226.6312057
Person,PARKHOME,02=No,172,3731588.2145624
Person,PARKHOMEAMT,-1=Valid skip,16983,305193698.368856
Person,PARKHOMEAMT,0001=Paid to park at home,12,290411.8391737
Person,PARKHOMEAMT,9998=Paid but I don't remember the cost,2,76814.792032
Person,PARKHOMEAMT_PAMOUNT,-1=Appropriate skip,16985,305270513.160888
Person,PARKHOMEAMT_PAMOUNT,Responses=6.55-200,12,290411.8391737
Person,PARKHOMEAMT_PAYTYPE,-1=Valid skip,16985,305270513.160888
Person,PARKHOMEAMT_PAYTYPE,01=One Time,4,152835.530924
Person,PARKHOMEAMT_PAYTYPE,03=Per Month,8,137576.3082497
Person,PAYPROF,-1=Valid skip,2193,46150762.6605722
Person,PAYPROF,01=Yes,7559,152753321.522142
Person,PAYPROF,02=No,7245,106656840.817348
Person,PERSONID,01,7852,137629125.173316
Person,PERSONID,02,5554,87542459.5951971
Person,PERSONID,03,1986,44286567.7583203
Person,PERSONID,04,1041,22966179.3048486
Person,PERSONID,05,384,9199927.24768432
Person,PERSONID,06,120,2498081.19797937
Person,PERSONID,07,44,1141112.9551096
Person,PERSONID,08,12,259117.6074
Person,PERSONID,09,3,26480.0495296
Person,PERSONID,10,1,11874.110677
Person,PRMACT,-1=Valid skip,9752,198904084.182714
Person,PRMACT,01=Temporarily absent from a job or business,224,5256188.8033184
Person,PRMACT,02=Looking for work/unemployed,499,8718082.71584767
Person,PRMACT,03=A homemaker,807,12174137.2351525
Person,PRMACT,04=Going to school,532,10863661.2828918
Person,PRMACT,05=Retired,4051,49050555.5422907
Person,PRMACT,97=Something else,1132,20594215.2378461
Person,PROXY,01=Self,11568,203513392.281939
Person,PROXY,02=Someone else,5429,102047532.718123
Person,PTUSED,-1=Appropriate skip,15387,273540297.593625
Person,PTUSED,Responses=0-30,1610,32020627.4064362
Person,QACSLAN1,-9=Not ascertained,26,354664.171241273
Person,QACSLAN1,01=Yes,2247,53814967.9618575
Person,QACSLAN1,02=No,14724,251391292.866962
Person,QACSLAN3,-1=Valid skip,14724,251391292.866962
Person,QACSLAN3,-9=Not ascertained,27,414742.636765273
Person,QACSLAN3,01=Very well,1700,38808876.8342591
Person,QACSLAN3,02=Well,369,9227434.40483294
Person,QACSLAN3,03=Not well,146,4692768.59806
Person,QACSLAN3,04=Not at all,31,1025809.6591816
Person,RAIL,01=Yes,3845,75551007.6004449
Person,RAIL,02=No,13152,230009917.399616
Person,RET_AMZ,-9=Not ascertained,2946,50615867.7350685
Person,RET_AMZ,-1=Appropriate skip,5993,120304284.856874
Person,RET_AMZ,Responses=0-31,8058,134640772.408119
Person,RET_HOME,-9=Not ascertained,3177,53341225.1415312
Person,RET_HOME,-1=Appropriate skip,5993,120304284.856874
Person,RET_HOME,Responses=0-60,7827,131915415.001656
Person,RET_PUF,-9=Not ascertained,2332,39488912.9486442
Person,RET_PUF,-1=Appropriate skip,5993,120304284.856874
Person,RET_PUF,Responses=0-47,8672,145767727.194543
Person,RET_STORE,-9=Not ascertained,3179,52561680.4090522
Person,RET_STORE,-1=Appropriate skip,5993,120304284.856874
Person,RET_STORE,Responses=0-17,7825,132694959.734135
Person,RIDESHARE22,-1=Appropriate skip,14703,261077192.404158
Person,RIDESHARE22,Responses=0-30,2294,44483732.5959033
Person,R_AGE,Responses=5-92,16997,305560925.000061
Person,R_HISP,01=Hispanic,1722,56715891.263312
Person,R_HISP,02=Not Hispanic,15275,248845033.736749
Person,R_RACE,-9=Not ascertained,2,23871.2100824
Person,R_RACE,01=White,14053,218057853.779033
Person,R_RACE,02=Black or African American,1282,37907512.2723381
Person,R_RACE,03=Asian,935,17369165.3789778
Person,R_RACE,04=American Indian/Alaska Native,124,3564969.466328
Person,R_RACE,05=Native Hawaiian/Pacific Islander,67,1382010.75880959
Person,R_RACE,06=Multiple races selected,70,12995066.0100723
Person,R_RACE,97=Other race,464,14260476.1244195
Person,R_RACE_IMP,01=White,14055,218081724.989116
Person,R_RACE_IMP,02=Black or African American,1282,37907512.2723381
Person,R_RACE_IMP,03=Asian,935,17369165.3789778
Person,R_RACE_IMP,04=American Indian/Alaska Native,124,3564969.466328
Person,R_RACE_IMP,05=Native Hawaiian/Pacific Islander,67,1382010.75880959
Person,R_RACE_IMP,06=Multiple races selected,70,12995066.0100723
Person,R_RACE_IMP,97=Other race,464,14260476.1244195
Person,R_RELAT,-9=Not ascertained,9,168983.4118372
Person,R_RELAT,01=Spouse/Partner,4547,68828752.3405244
Person,R_RELAT,02=Child,3284,69790557.8297756
Person,R_RELAT,03=Parent,355,8380901.35046174
Person,R_RELAT,04=Brother/Sister,207,5136442.68429844
Person,R_RELAT,05=Other relative,418,9855000.15562258
Person,R_RELAT,06=Not related,325,5771162.05422564
Person,R_RELAT,07=Self,7852,137629125.173316
Person,R_SEX,-7=Refuse,228,4179855.30966133
Person,R_SEX,-8=Don't know,8,232338.3893851
Person,R_SEX,-9=Not ascertained,1,12070.276926
Person,R_SEX,01=Male,8154,148289961.587196
Person,R_SEX,02=Female,8606,152846699.436893
Person,R_SEX_IMP,01=Male,8250,150091842.331825
Person,R_SEX_IMP,02=Female,8747,155469082.668236
Person,SAMEPLC,-1=Valid skip,10592,226115054.756128
Person,SAMEPLC,-7=I prefer not to answer,990,13481579.5191431
Person,SAMEPLC,-8=Don't know,1057,14923177.066279
Person,SAMEPLC,-9=Not ascertained,477,5844281.49046393
Person,SAMEPLC,01=Personally sick or quarantining,343,4267168.84603341
Person,SAMEPLC,02=Vacation or personal day,273,3676589.86546034
Person,SAMEPLC,03=Caretaking,93,1219129.21907993
Person,SAMEPLC,04=Disabled or home-bound,144,1759712.28269782
Person,SAMEPLC,05=Worked at home (for pay),427,4955731.33500197
Person,SAMEPLC,06=Not scheduled to work,130,1826897.49458301
Person,SAMEPLC,07=Household chores/projects,263,3334930.81418122
Person,SAMEPLC,08=Bad weather,347,3276669.89930482
Person,SAMEPLC,09=Out of country,4,19405.5422935
Person,SAMEPLC,10=No transportation available,92,1138889.3152876
Person,SAMEPLC,12=School holiday/teacher workday,58,591441.5951332
Person,SAMEPLC,14=Hospitalized or otherwise confined,22,285111.8026862
Person,SAMEPLC,15=School from home,111,1009636.13407103
Person,SAMEPLC,16=Reluctant to travel,83,903632.16573259
Person,SAMEPLC,"97=Something else, please specify",1491,16931885.8565009
Person,SBHTNRNT,-1=Appropriate skip,14861,258754274.837853
Person,SBHTNRNT,-9=Not ascertained,5,70144.3971586
Person,SBHTNRNT,01=0-4%,116,2705385.59022777
Person,SBHTNRNT,05=5-14%,490,9139661.68205572
Person,SBHTNRNT,20=15-24%,457,9274750.44429021
Person,SBHTNRNT,30=25-34%,326,7878079.00805225
Person,SBHTNRNT,40=35-44%,226,5600534.07421726
Person,SBHTNRNT,50=45-54%,160,3811757.09766477
Person,SBHTNRNT,60=55-64%,124,2471636.1436386
Person,SBHTNRNT,70=65-74%,94,2401679.87863738
Person,SBHTNRNT,80=75-84%,77,2117575.9715034
Person,SBHTNRNT,90=85-94%,50,1029838.7278265
Person,SBHTNRNT,95=95-100%,11,305607.1469364
Person,SBHUR,-1=Appropriate skip,14861,258754274.837853
Person,SBHUR,-9=Not ascertained,5,70144.3971586
Person,SBHUR,01=Rural,330,5884756.45784241
Person,SBHUR,02=Small Town,471,10171269.1492786
Person,SBHUR,03=Second City,462,10010058.1405274
Person,SBHUR,04=Suburban,587,13244471.1522229
Person,SBHUR,05=Urban,281,7425950.86517901
Person,SBPPOPDN,-1=Appropriate skip,14861,258754274.837853
Person,SBPPOPDN,-9=Not ascertained,16,339569.3428065
Person,SBPPOPDN,01=0-99,161,2839009.80183976
Person,SBPPOPDN,02=100-499,300,6085568.15285388
Person,SBPPOPDN,03=500-999,189,3682867.1543165
Person,SBPPOPDN,"04=1,000-1,999",308,7261847.69913117
Person,SBPPOPDN,"05=2,000-3,999",551,11761778.8163281
Person,SBPPOPDN,"06=4,000-9,999",450,10632085.7815678
Person,SBPPOPDN,"07=10,000-24,999",120,3009402.87301057
Person,SBPPOPDN,"08=25,000-999,999",41,1194520.5403546
Person,SBRESDN,-1=Appropriate skip,14861,258754274.837853
Person,SBRESDN,-9=Not ascertained,19,291151.8394457
Person,SBRESDN,01=0-99,370,7446506.62220726
Person,SBRESDN,02=100-499,482,9750158.80091599
Person,SBRESDN,03=500-999,345,6872796.24729154
Person,SBRESDN,"04=1,000-1,999",528,11471395.6181489
Person,SBRESDN,"05=2,000-3,999",271,7247118.70534685
Person,SBRESDN,"06=4,000-9,999",79,2532270.24531467
Person,SBRESDN,"07=10,000-24,999",22,416280.0409092
Person,SBRESDN,"08=25,000-999,999",20,778972.0426287
Person,SCHOOL1,-9=Not ascertained,27,429104.2621173
Person,SCHOOL1,01=Yes,3327,70018658.2848628
Person,SCHOOL1,02=No,13643,235113162.453081
Person,SCHOOL1C,-1=Valid skip,16094,288254914.378433
Person,SCHOOL1C,-9=Not ascertained,1,8823.4552384
Person,SCHOOL1C,01=In- person,458,9317473.55376351
Person,SCHOOL1C,02=Online,382,6857125.38903915
Person,SCHOOL1C,03=Other (specify),62,1122588.2235874
Person,SCHTRN1,-1=Valid skip,14246,245289741.565526
Person,SCHTRN1,01=Car,857,21104247.0448593
Person,SCHTRN1,02=Van,137,2489403.6366585
Person,SCHTRN1,03=SUV/Crossover,481,8846291.11194477
Person,SCHTRN1,04=Pickup truck,98,1573619.61415506
Person,SCHTRN1,07=Motorcycle,1,9914.3424139
Person,SCHTRN1,08=Public or commuter bus,62,1565170.0805123
Person,SCHTRN1,09=School bus,745,16993219.1296177
Person,SCHTRN1,10=Streetcar or trolley car,3,43662.1337712
Person,SCHTRN1,11=Subway or elevated rail,11,262692.6147576
Person,SCHTRN1,12=Commuter rail,6,80107.3498716
Person,SCHTRN1,15=Taxicab or limo service,1,14744.202054
Person,SCHTRN1,16=Other ride-sharing service,7,167259.4350355
Person,SCHTRN1,17=Paratransit/ Dial a ride,1,21711.11504
Person,SCHTRN1,"18=Bicycle (including bikeshare, ebike, etc.)",49,892277.4365504
Person,SCHTRN1,19=E-scooter,2,13216.1503726
Person,SCHTRN1,20=Walked,254,5615939.55507497
Person,SCHTRN1,21=Other (specify),36,577708.4818453
Person,SCHTYP,-1=Valid skip,14579,252977032.137105
Person,SCHTYP,-9=Not ascertained,4,30912.753943
Person,SCHTYP,01=Public or private school,2220,49652950.4077243
Person,SCHTYP,02=Home schooled,183,2721858.4518296
Person,SCHTYP,03=Other (specify),11,178171.2494597
Person,STEEMPDN,-1=Appropriate skip,14861,258754274.837853
Person,STEEMPDN,-9=Not ascertained,14,201607.7516539
Person,STEEMPDN,01=0-49,227,4324185.77646709
Person,STEEMPDN,02=50-99,118,2742315.4948381
Person,STEEMPDN,03=100-249,192,3797834.6408108
Person,STEEMPDN,04=250-499,214,3969419.5643444
Person,STEEMPDN,05=500-999,283,6252996.92783303
Person,STEEMPDN,"06=1,000-1,999",499,10610838.6051511
Person,STEEMPDN,"07=2,000-3,999",392,9828328.21610647
Person,STEEMPDN,"08=4,000-999,999",197,5079123.18500398
Person,STHTNRNT,-1=Appropriate skip,14861,258754274.837853
Person,STHTNRNT,-9=Not ascertained,5,70144.3971586
Person,STHTNRNT,01=0-4%,59,1888467.2107424
Person,STHTNRNT,05=5-14%,420,7418146.17890108
Person,STHTNRNT,20=15-24%,502,10349923.3036363
Person,STHTNRNT,30=25-34%,383,9646263.63227593
Person,STHTNRNT,40=35-44%,263,5675950.95455523
Person,STHTNRNT,50=45-54%,174,4118084.88908976
Person,STHTNRNT,60=55-64%,124,2860284.7653708
Person,STHTNRNT,70=65-74%,87,1757922.8927364
Person,STHTNRNT,80=75-84%,72,2101620.5401522
Person,STHTNRNT,90=85-94%,43,778771.7944021
Person,STHTNRNT,95=95-100%,4,141069.603188
Person,STPPOPDN,-1=Appropriate skip,14861,258754274.837853
Person,STPPOPDN,-9=Not ascertained,10,152711.0642985
Person,STPPOPDN,01=0-99,210,4253989.14018401
Person,STPPOPDN,02=100-499,310,5882053.13929188
Person,STPPOPDN,03=500-999,179,3487509.4323685
Person,STPPOPDN,"04=1,000-1,999",322,7246523.62566323
Person,STPPOPDN,"05=2,000-3,999",492,10964774.583157
Person,STPPOPDN,"06=4,000-9,999",444,10731681.7559613
Person,STPPOPDN,"07=10,000-24,999",119,2672196.66323623
Person,STPPOPDN,"08=25,000-999,999",50,1415210.7580482
Person,STRATUMID,Responses=1021-1040,16997,305560925.000061
Person,STRESDN,-1=Appropriate skip,14861,258754274.837853
Person,STRESDN,-9=Not ascertained,22,457003.7746321
Person,STRESDN,01=0-99,387,7181067.57480879
Person,STRESDN,02=100-499,484,9499414.9867459
Person,STRESDN,03=500-999,323,8337986.97214284
Person,STRESDN,"04=1,000-1,999",510,10910475.0647562
Person,STRESDN,"05=2,000-3,999",294,7643666.94305603
Person,STRESDN,"06=4,000-9,999",67,1462337.04675003
Person,STRESDN,"07=10,000-24,999",28,528146.4578399
Person,STRESDN,"08=25,000-999,999",21,786551.3414771
Person,STUDE,-1=Valid skip,13670,235542266.715198
Person,STUDE,-9=Not ascertained,6,128754.800278
Person,STUDE,01=K-12th grade including GED,2418,52583892.8629566
Person,STUDE,02=Vocation/Technical/Trade School,57,1502206.74654604
Person,STUDE,03=Part-time college or university,252,4857771.4147194
Person,STUDE,04=Full-time college or university,487,9007933.86046361
Person,STUDE,05=Other (specify),107,1938098.5998994
Person,TAXISERVICE,-1=Appropriate skip,16453,294677444.251361
Person,TAXISERVICE,Responses=0-30,544,10883480.7487006
Person,TDAYDATE,202201,441,7909178.6580463
Person,TDAYDATE,202202,1717,23440225.7200965
Person,TDAYDATE,202203,1508,25951890.2381285
Person,TDAYDATE,202204,1472,25114686.7183576
Person,TDAYDATE,202205,1218,25951623.7265512
Person,TDAYDATE,202206,780,25114668.3173238
Person,TDAYDATE,202207,998,25951601.1178757
Person,TDAYDATE,202208,1028,25951582.8739187
Person,TDAYDATE,202209,937,25114654.9350163
Person,TDAYDATE,202210,1369,25951554.5951956
Person,TDAYDATE,202211,2566,25114377.9681805
Person,TDAYDATE,202212,2126,25951892.3693706
Person,TDAYDATE,202301,837,18042987.7619998
Person,TRAVDAY,01=Sunday,3032,43651555.2734937
Person,TRAVDAY,02=Monday,3199,43651501.5901854
Person,TRAVDAY,03=Tuesday,2311,43651578.3309666
Person,TRAVDAY,04=Wednesday,2111,43651549.8958959
Person,TRAVDAY,05=Thursday,2287,43651659.2466583
Person,TRAVDAY,06=Friday,2278,43651588.602261
Person,TRAVDAY,07=Saturday,1779,43651492.0606001
Person,TRNPASS,-1=Valid skip,15432,274095231.571447
Person,TRNPASS,01=Yes,445,7592751.76110302
Person,TRNPASS,02=No,1120,23872941.6675108
Person,URBAN,01=In an urban area,11945,220756776.181429
Person,URBAN,02=In an Urban cluster,1494,26082431.9468894
Person,URBAN,03=In an area surrounded by urban areas,2,17645.0261647
Person,URBAN,04=Not in urban area,3556,58704071.8455776
Person,URBANSIZE,"01=50,000-199,999",1665,29792063.2667154
Person,URBANSIZE,"02=200,000-499,999",1854,33753568.3859555
Person,URBANSIZE,"03=500,000-999,999",1654,30533415.4865352
Person,URBANSIZE,"04=1,000,000 or more with heavy rail",3117,62864817.8209922
Person,URBANSIZE,"05=1,000,000 or more without heavy rail",3655,63812911.2212308
Person,URBANSIZE,06=Not in urbanized area,5052,84804148.8186319
Person,URBRUR,01=Urban,13439,246839208.128318
Person,URBRUR,02=Rural,3558,58721716.8717423
Person,USAGE1,-1=Valid skip,2193,46150762.6605722
Person,USAGE1,-9=Not ascertained,38,639344.3458523
Person,USAGE1,"01=Yes, took fewer trips",4109,72595522.4733849
Person,USAGE1,"02=No, did not take fewer trips",10657,186175295.520252
Person,USAGE2_1,-1=Valid skip,12888,232965402.526676
Person,USAGE2_1,-9=Not ascertained,16,232300.5649092
Person,USAGE2_1,01=I had more home deliveries,697,11594658.5042567
Person,USAGE2_1,02=Not Selected,3396,60768563.404219
Person,USAGE2_10,-1=Valid skip,12888,232965402.526676
Person,USAGE2_10,-9=Not ascertained,16,232300.5649092
Person,USAGE2_10,01=Concerns related to COVID 19,1147,18955851.5886176
Person,USAGE2_10,02=Not Selected,2946,53407370.319858
Person,USAGE2_2,-1=Valid skip,12888,232965402.526676
Person,USAGE2_2,-9=Not ascertained,16,232300.5649092
Person,USAGE2_2,01=Transportation did not feel safe,198,3573315.38456445
Person,USAGE2_2,02=Not Selected,3895,68789906.5239113
Person,USAGE2_3,-1=Valid skip,12888,232965402.526676
Person,USAGE2_3,-9=Not ascertained,16,232300.5649092
Person,USAGE2_3,01=Transportation did not feel clean or healthy,131,2220465.01303412
Person,USAGE2_3,02=Not Selected,3962,70142756.8954415
Person,USAGE2_4,-1=Valid skip,12888,232965402.526676
Person,USAGE2_4,-9=Not ascertained,16,232300.5649092
Person,USAGE2_4,01=Transportation was not reliable,265,5863773.72999815
Person,USAGE2_4,02=Not Selected,3828,66499448.1784774
Person,USAGE2_5,-1=Valid skip,12888,232965402.526676
Person,USAGE2_5,-9=Not ascertained,16,232300.5649092
Person,USAGE2_5,01=Available transportation did not go where I need to go,230,3802898.5519764
Person,USAGE2_5,02=Not Selected,3863,68560323.3564993
Person,USAGE2_6,-1=valid skip,12888,232965402.526676
Person,USAGE2_6,-9=Not ascertained,16,232300.5649092
Person,USAGE2_6,01=Unable to afford available forms of transportation,553,11764346.2252416
Person,USAGE2_6,02=Not Selected,3540,60598875.6832341
Person,USAGE2_7,-1=valid skip,12888,232965402.526676
Person,USAGE2_7,-9=Not ascertained,16,232300.5649092
Person,USAGE2_7,01=Had health problems and unable to travel,851,12069913.4090052
Person,USAGE2_7,02=Not Selected,3242,60293308.4994704
Person,USAGE2_8,-1=Valid skip,12888,232965402.526676
Person,USAGE2_8,-9=Not ascertained,16,232300.5649092
Person,USAGE2_8,01=Did not have time to travel,706,12784831.3907383
Person,USAGE2_8,02=Not Selected,3387,59578390.5177373
Person,USAGE2_9,-1=Valid skip,12888,232965402.526676
Person,USAGE2_9,-9=Not ascertained,16,232300.5649092
Person,USAGE2_9,01=Another reason,1318,23537071.0361128
Person,USAGE2_9,02=Not Selected,2775,48826150.8723628
Person,USEPUBTR,01=Yes,182,4992814.5377844
Person,USEPUBTR,02=No,16815,300568110.462277
Person,WALKTRANSIT,-1=Appropriate skip,10523,195272358.474444
Person,WALKTRANSIT,Responses=0-30,6474,110288566.525617
Person,WBHTNRNT,-1=Appropriate skip,11224,184842865.888122
Person,WBHTNRNT,-9=Not ascertained,18,455828.6516629
Person,WBHTNRNT,01=0-4%,229,4023620.82102501
Person,WBHTNRNT,05=5-14%,771,14620909.1657095
Person,WBHTNRNT,20=15-24%,916,20186757.0458925
Person,WBHTNRNT,30=25-34%,875,17867234.5062952
Person,WBHTNRNT,40=35-44%,682,15629855.8267947
Person,WBHTNRNT,50=45-54%,701,16050798.100457
Person,WBHTNRNT,60=55-64%,542,9970368.47839621
Person,WBHTNRNT,70=65-74%,460,9613714.07786628
Person,WBHTNRNT,80=75-84%,385,8461684.04159375
Person,WBHTNRNT,90=85-94%,161,3074473.4218234
Person,WBHTNRNT,95=95-100%,33,762814.97442334
Person,WBHUR,-1=Appropriate skip,11224,184842865.888122
Person,WBHUR,-9=Not ascertained,18,455828.6516629
Person,WBHUR,01=Rural,731,14385232.0236454
Person,WBHUR,02=Small Town,1222,25260838.0570113
Person,WBHUR,03=Second City,1064,22168063.7891608
Person,WBHUR,04=Suburban,1739,36835965.0163817
Person,WBHUR,05=Urban,999,21612131.5740778
Person,WBPPOPDN,-1=Appropriate skip,11224,184842865.888122
Person,WBPPOPDN,-9=Not ascertained,90,1964022.0920338
Person,WBPPOPDN,01=0-99,572,10692133.0482567
Person,WBPPOPDN,02=100-499,885,19348327.7809662
Person,WBPPOPDN,03=500-999,567,12571550.4842294
Person,WBPPOPDN,"04=1,000-1,999",949,19266868.5383602
Person,WBPPOPDN,"05=2,000-3,999",1213,25275079.3372482
Person,WBPPOPDN,"06=4,000-9,999",962,20493048.7087327
Person,WBPPOPDN,"07=10,000-24,999",369,6888894.06058362
Person,WBPPOPDN,"08=25,000-999,999",166,4218135.0615289
Person,WBRESDN,-1=Appropriate skip,11224,184842865.888122
Person,WBRESDN,-9=Not ascertained,138,2829680.09847611
Person,WBRESDN,01=0-99,1019,19565888.5356942
Person,WBRESDN,02=100-499,1365,30577215.4592578
Person,WBRESDN,03=500-999,794,16361207.573339
Person,WBRESDN,"04=1,000-1,999",1105,23034152.7296981
Person,WBRESDN,"05=2,000-3,999",730,15851826.720059
Person,WBRESDN,"06=4,000-9,999",362,6995814.65313338
Person,WBRESDN,"07=10,000-24,999",167,3192995.42957879
Person,WBRESDN,"08=25,000-999,999",93,2309277.9127035
Person,WHOPROXY,-1=Valid skip,11568,203513392.281939
Person,WHOPROXY,01=Person1,5215,96668359.7712853
Person,WHOPROXY,02=Person 2,100,2138256.7566281
Person,WHOPROXY,03=Person 3,28,749299.8976245
Person,WHOPROXY,04=Person 4,10,298938.539093
Person,WHOPROXY,05=Person 5,5,115914.0483785
Person,WHOPROXY,06=Person 6,4,111926.858945
Person,WHOPROXY,97=Someone else,67,1964836.8461682
Person,WKFMHM22,-1=Valid skip,9214,147551414.674601
Person,WKFMHM22,01=Never,4366,98141336.2438747
Person,WKFMHM22,02=One or two days a week,1120,18610325.7937501
Person,WKFMHM22,03=Three or four days a week,610,10484138.7402256
Person,WKFMHM22,04=Five or more days a week/ Entire work week,1687,30773709.5476099
Person,WORKER,-1=Valid skip,2193,46150762.6605722
Person,WORKER,01=Worker,7783,158009510.32546
Person,WORKER,02=Not worker,7021,101400652.014029
Person,WRKCOUNT,0,4769,65254658.8411027
Person,WRKCOUNT,1,5421,96952160.2951807
Person,WRKCOUNT,2,5509,108241205.428207
Person,WRKCOUNT,3,1044,27188781.7487452
Person,WRKCOUNT,4,188,5593976.58578212
Person,WRKCOUNT,5,47,1960413.8829502
Person,WRKCOUNT,6,19,369728.2180928
Person,WRKLOC,-1=Valid skip,9214,147551414.674601
Person,WRKLOC,01=Only one work location outside of home,4659,98564167.0703408
Person,WRKLOC,02=Work location regularly varies (different offices/job sites),1301,26410451.0889133
Person,WRKLOC,"03=Only work at home (telework, self-employed)",1489,26276357.578031
Person,WRKLOC,"04=Drive/travel for work (driver, sales)",334,6758534.5881753
Person,WRKTRANS,-1=Valid skip,10901,178325124.222211
Person,WRKTRANS,01=Car,2972,65010734.4474836
Person,WRKTRANS,02=Van,204,4648517.473866
Person,WRKTRANS,03=SUV/Crossover,1585,30039129.961568
Person,WRKTRANS,04=Pickup truck,758,15175254.5645783
Person,WRKTRANS,07=Motorcycle,12,283635.3450635
Person,WRKTRANS,08=Public or commuter bus,97,2640723.2400086
Person,WRKTRANS,09=School bus,7,125816.4225599
Person,WRKTRANS,10=Streetcar or trolley car,2,18983.4077867
Person,WRKTRANS,11=Subway or elevated rail,88,1660118.44641654
Person,WRKTRANS,12=Commuter rail,49,888393.0521583
Person,WRKTRANS,13=Amtrak,1,33161.66516
Person,WRKTRANS,14=Airplane,11,216473.483205
Person,WRKTRANS,15=Taxicab or limo service,2,38626.6006027
Person,WRKTRANS,16=Other ride-sharing service,35,675128.1343959
Person,WRKTRANS,17=Paratransit/ Dial a ride,4,110671.791548
Person,WRKTRANS,"18=Bicycle (including bikeshare, ebike, etc.)",77,1292623.9091213
Person,WRKTRANS,19=E-scooter,1,6640.2369368
Person,WRKTRANS,20=Walked,163,3723305.2546798
Person,WRKTRANS,21=Other (specify),25,590109.2966873
Person,WRKTRANS,22=Ferryboat,3,57754.044024
Person,WTEEMPDN,-1=Appropriate skip,11224,184842865.888122
Person,WTEEMPDN,-9=Not ascertained,96,2245256.2982379
Person,WTEEMPDN,01=0-49,599,11458075.690313
Person,WTEEMPDN,02=50-99,299,7080422.2336366
Person,WTEEMPDN,03=100-249,556,12125488.5369451
Person,WTEEMPDN,04=250-499,610,12703104.644118
Person,WTEEMPDN,05=500-999,804,16644202.9481996
Person,WTEEMPDN,"06=1,000-1,999",1247,26943023.2520471
Person,WTEEMPDN,"07=2,000-3,999",866,18080119.5396211
Person,WTEEMPDN,"08=4,000-999,999",696,13438365.9688214
Person,WTHTNRNT,-1=Appropriate skip,11224,184842865.888122
Person,WTHTNRNT,-9=Not ascertained,18,455828.6516629
Person,WTHTNRNT,01=0-4%,99,1931563.60838921
Person,WTHTNRNT,05=5-14%,720,14118208.1669743
Person,WTHTNRNT,20=15-24%,1042,22117731.5719256
Person,WTHTNRNT,30=25-34%,922,19821402.5651732
Person,WTHTNRNT,40=35-44%,822,17292346.7546369
Person,WTHTNRNT,50=45-54%,682,14862636.6942115
Person,WTHTNRNT,60=55-64%,581,11677255.6147051
Person,WTHTNRNT,70=65-74%,446,10081483.7331249
Person,WTHTNRNT,80=75-84%,312,5575347.16005736
Person,WTHTNRNT,90=85-94%,116,2409432.61385324
Person,WTHTNRNT,95=95-100%,13,374821.9772257
Person,WTPERFIN,Responses=30.877179031-781699.97227,16997,305560925.000061
Person,WTPERFIN2D,Responses=0-473081.72428,16997,305560925.000061
Person,WTPERFIN5D,Responses=0-972351.28194,16997,305560925.000061
Person,WTPPOPDN,-1=Appropriate skip,11224,184842865.888122
Person,WTPPOPDN,-9=Not ascertained,66,1634494.4084171
Person,WTPPOPDN,01=0-99,597,11148954.1733183
Person,WTPPOPDN,02=100-499,798,17394022.5768765
Person,WTPPOPDN,03=500-999,545,11109448.729131
Person,WTPPOPDN,"04=1,000-1,999",940,20237909.0939696
Person,WTPPOPDN,"05=2,000-3,999",1258,26843457.1956959
Person,WTPPOPDN,"06=4,000-9,999",1022,21801486.7901875
Person,WTPPOPDN,"07=10,000-24,999",361,6114062.98474854
Person,WTPPOPDN,"08=25,000-999,999",186,4434223.15959536
Person,WTRESDN,-1=Appropriate skip,11224,184842865.888122
Person,WTRESDN,-9=Not ascertained,107,2668698.83535701
Person,WTRESDN,01=0-99,992,19830410.9794823
Person,WTRESDN,02=100-499,1268,27354579.3125144
Person,WTRESDN,03=500-999,827,17409077.9295493
Person,WTRESDN,"04=1,000-1,999",1185,24800280.6136047
Person,WTRESDN,"05=2,000-3,999",752,15851352.7447546
Person,WTRESDN,"06=4,000-9,999",377,7187037.05722161
Person,WTRESDN,"07=10,000-24,999",168,2864817.59069796
Person,WTRESDN,"08=25,000-999,999",97,2751804.0487578
Person,W_CANE,-1=Valid skip,15791,286912994.164224
Person,W_CANE,-7=I prefer not to answer,80,1562095.7415825
Person,W_CANE,-8=Don't know,4,38676.3309523
Person,W_CANE,-9=Not ascertained,11,114290.0698163
Person,W_CANE,01=Selected,379,5396130.22863179
Person,W_CANE,02=Not Selected,732,11536738.4648544
Person,W_CHAIR,-1=Valid skip,15791,286912994.164224
Person,W_CHAIR,-7=I prefer not to answer,80,1562095.7415825
Person,W_CHAIR,-8=Don't know,4,38676.3309523
Person,W_CHAIR,-9=Not ascertained,11,114290.0698163
Person,W_CHAIR,01=Selected,113,1755731.060646
Person,W_CHAIR,02=Not Selected,998,15177137.6328402
Person,W_NONE,-1=Valid skip,15791,286912994.164224
Person,W_NONE,-7=I prefer not to answer,80,1562095.7415825
Person,W_NONE,-8=Don't know,4,38676.3309523
Person,W_NONE,-9=Not ascertained,11,114290.0698163
Person,W_NONE,01=Selected,479,7733761.50918671
Person,W_NONE,02=Not Selected,632,9199107.1842995
Person,W_SCCH,-1=Valid skip,15791,286912994.164224
Person,W_SCCH,-7=I prefer not to answer,80,1562095.7415825
Person,W_SCCH,-8=Don't know,4,38676.3309523
Person,W_SCCH,-9=Not ascertained,11,114290.0698163
Person,W_SCCH,01=Selected,119,1643490.26527905
Person,W_SCCH,02=Not Selected,992,15289378.4282072
Person,W_VISIMP,-1=Valid skip,15791,286912994.164224
Person,W_VISIMP,-7=I prefer not to answer,80,1562095.7415825
Person,W_VISIMP,-8=Don't know,4,38676.3309523
Person,W_VISIMP,-9=Not ascertained,11,114290.0698163
Person,W_VISIMP,01=Selected,17,338301.7291868
Person,W_VISIMP,02=Not Selected,1094,16594566.9642994
Person,W_WKCR,-1=Valid skip,15791,286912994.164224
Person,W_WKCR,-7=I prefer not to answer,80,1562095.7415825
Person,W_WKCR,-8=Don't know,4,38676.3309523
Person,W_WKCR,-9=Not ascertained,11,114290.0698163
Person,W_WKCR,01=Selected,265,3744649.55427184
Person,W_WKCR,02=Not Selected,846,13188219.1392144
Vehicle,ANNMILES,-9=Not ascertained,213,3869451.20607313
Vehicle,ANNMILES,Responses=0-200000,14471,228967652.940602
Vehicle,CDIVMSAR,11=New England MSA/CMSA of 1 million+ with heavy rail,281,3751502.06957323
Vehicle,CDIVMSAR,12=New England MSA/CMSA of 1 million+ w/o heavy rail,93,1216193.57810721
Vehicle,CDIVMSAR,13=New England MSA of less than 1 million,365,5589562.73306265
Vehicle,CDIVMSAR,14=New England Not in an MSA,33,374414.822261037
Vehicle,CDIVMSAR,21=Mid-Atlantic MSA/CMSA of 1 million+ with heavy rail,657,10841833.3377326
Vehicle,CDIVMSAR,22=Mid-Atlantic MSA/CMSA of 1 million+ w/o heavy rail,221,3401521.95811021
Vehicle,CDIVMSAR,23=Mid-Atlantic MSA of less than 1 million,569,10168427.1310533
Vehicle,CDIVMSAR,24=Mid-Atlantic Not in an MSA,38,811141.991171369
Vehicle,CDIVMSAR,31=East North Central MSA/CMSA of 1 million+ with heavy rail,452,6766069.76819402
Vehicle,CDIVMSAR,32=East North Central MSA/CMSA of 1 million+ w/o heavy rail,710,9537243.83754973
Vehicle,CDIVMSAR,33=East North Central MSA of less than 1 million,1169,17238485.6472997
Vehicle,CDIVMSAR,34=East North Central Not in an MSA,212,3439623.05503613
Vehicle,CDIVMSAR,42=West North Central MSA/CMSA of 1 million+ w/o heavy rail,396,6657762.45704158
Vehicle,CDIVMSAR,43=West North Central MSA of less than 1 million,562,8428864.88588613
Vehicle,CDIVMSAR,44=West North Central Not in an MSA,206,2111759.05091118
Vehicle,CDIVMSAR,51=South Atlantic MSA/CMSA of 1 million+ with heavy rail,787,12709142.2141134
Vehicle,CDIVMSAR,52=South Atlantic MSA/CMSA of 1 million+ w/o heavy rail,696,11445057.7308788
Vehicle,CDIVMSAR,53=South Atlantic MSA of less than 1 million,1277,20358236.184181
Vehicle,CDIVMSAR,54=South Atlantic Not in an MSA,114,1911988.90341277
Vehicle,CDIVMSAR,62=East South Central MSA/CMSA of 1 million+ w/o heavy rail,291,4692250.69293883
Vehicle,CDIVMSAR,63=East South Central MSA of less than 1 million,501,8232245.85550056
Vehicle,CDIVMSAR,64=East South Central Not in an MSA,86,1505712.63704494
Vehicle,CDIVMSAR,72=West South Central MSA/CMSA of 1 million+ w/o heavy rail,922,15197416.6178608
Vehicle,CDIVMSAR,73=West South Central MSA of less than 1 million,572,9963183.49393335
Vehicle,CDIVMSAR,74=West South Central Not in an MSA,103,1752974.66717176
Vehicle,CDIVMSAR,82=Mountain MSA/CMSA of 1 million+ w/o heavy rail,501,8173464.52374714
Vehicle,CDIVMSAR,83=Mountain MSA of less than 1 million,631,9013994.58010077
Vehicle,CDIVMSAR,84=Mountain Not in an MSA,72,1026428.84451363
Vehicle,CDIVMSAR,91=Pacific MSA/CMSA of 1 million+ with heavy rail,729,13442448.7232665
Vehicle,CDIVMSAR,92=Pacific MSA/CMSA of 1 million+ w/o heavy rail,724,11047293.5954787
Vehicle,CDIVMSAR,93=Pacific MSA of less than 1 million,679,11469242.634855
Vehicle,CDIVMSAR,94=Pacific Not in an MSA,35,561615.92468773
Vehicle,CENSUS_D,01=New England,772,10931673.2030041
Vehicle,CENSUS_D,02=Middle Atlantic,1485,25222924.4180675
Vehicle,CENSUS_D,03=East North Central,2543,36981422.3080796
Vehicle,CENSUS_D,04=West North Central,1164,17198386.3938389
Vehicle,CENSUS_D,05=South Atlantic,2874,46424425.0325858
Vehicle,CENSUS_D,06=East South Central,878,14430209.1854843
Vehicle,CENSUS_D,07=West South Central,1597,26913574.7789659
Vehicle,CENSUS_D,08=Mountain,1204,18213887.9483615
Vehicle,CENSUS_D,09=Pacific,2167,36520600.8782879
Vehicle,CENSUS_R,01=Northeast,2257,36154597.6210717
Vehicle,CENSUS_R,02=Midwest,3707,54179808.7019186
Vehicle,CENSUS_R,03=South,5349,87768208.9970357
Vehicle,CENSUS_R,04=West,3371,54734488.8266493
Vehicle,COMMERCIALFREQ,-1=Appropriate skip,13282,210478573.113849
Vehicle,COMMERCIALFREQ,-9=Not ascertained,4,45804.7873936598
Vehicle,COMMERCIALFREQ,Responses=00-30,1398,22312726.2454327
Vehicle,DRVRCNT,0,36,841564.984092333
Vehicle,DRVRCNT,1,3330,52367278.5919752
Vehicle,DRVRCNT,2,8757,127812349.588492
Vehicle,DRVRCNT,3,1732,35060377.6263596
Vehicle,DRVRCNT,4,662,13315412.5854818
Vehicle,DRVRCNT,5,127,2504378.71742616
Vehicle,DRVRCNT,6,27,758206.950701456
Vehicle,DRVRCNT,7,13,177535.102146983
Vehicle,HBHTNRNT,01=0-4%,1062,14619021.7168822
Vehicle,HBHTNRNT,05=5-14%,4328,64697069.5988192
Vehicle,HBHTNRNT,20=15-24%,3290,51425964.2785732
Vehicle,HBHTNRNT,30=25-34%,2175,34423069.4342294
Vehicle,HBHTNRNT,40=35-44%,1418,24955699.3435898
Vehicle,HBHTNRNT,50=45-54%,942,15668270.1049722
Vehicle,HBHTNRNT,60=55-64%,686,12444680.2007035
Vehicle,HBHTNRNT,70=65-74%,433,8202585.90190089
Vehicle,HBHTNRNT,80=75-84%,248,4568904.67958822
Vehicle,HBHTNRNT,90=85-94%,92,1640678.54136606
Vehicle,HBHTNRNT,95=95-100%,10,191160.346050997
Vehicle,HBHUR,01=Rural,3482,53193200.2762161
Vehicle,HBHUR,02=Small Town,3524,53832780.6103354
Vehicle,HBHUR,03=Second City,2564,42008508.6320254
Vehicle,HBHUR,04=Suburban,3481,56129621.3526448
Vehicle,HBHUR,05=Urban,1633,27672993.2754541
Vehicle,HBPPOPDN,-9=Not ascertained,88,1517806.93216319
Vehicle,HBPPOPDN,01=0-99,2049,29936928.1306023
Vehicle,HBPPOPDN,02=100-499,2351,36167646.0154684
Vehicle,HBPPOPDN,03=500-999,1151,17871267.9534785
Vehicle,HBPPOPDN,"04=1,000-1,999",1904,30254904.0093707
Vehicle,HBPPOPDN,"05=2,000-3,999",2976,47273135.3068368
Vehicle,HBPPOPDN,"06=4,000-9,999",3222,52970894.0137737
Vehicle,HBPPOPDN,"07=10,000-24,999",738,13135717.9139865
Vehicle,HBPPOPDN,"08=25,000-999,999",205,3708803.87099579
Vehicle,HBRESDN,-9=Not ascertained,140,1675273.99481914
Vehicle,HBRESDN,01=0-99,3357,50501205.9550857
Vehicle,HBRESDN,02=100-499,2845,43922558.3855324
Vehicle,HBRESDN,03=500-999,1773,28576531.6814071
Vehicle,HBRESDN,"04=1,000-1,999",3033,49644699.4115499
Vehicle,HBRESDN,"05=2,000-3,999",2475,40445071.4959018
Vehicle,HBRESDN,"06=4,000-9,999",779,13069017.4256912
Vehicle,HBRESDN,"07=10,000-24,999",213,3655904.23617361
Vehicle,HBRESDN,"08=25,000-999,999",69,1346841.5605151
Vehicle,HHFAMINC,-7=I prefer not to answer,197,3216972.38386405
Vehicle,HHFAMINC,-8=I don't know,10,123191.521198702
Vehicle,HHFAMINC,"01=Less than $10,000",279,6126055.95910533
Vehicle,HHFAMINC,"02=$10,000 to $14,999",233,4062848.45519568
Vehicle,HHFAMINC,"03=$15,000 to $24,999",578,10845805.6728316
Vehicle,HHFAMINC,"04=$25,000 to $34,999",776,13998149.5450669
Vehicle,HHFAMINC,"05=$35,000 to $49,999",1360,22037546.6130876
Vehicle,HHFAMINC,"06=$50,000 to $74,999",2535,39558195.2784525
Vehicle,HHFAMINC,"07=$75,000 to $99,999",2242,34688479.9717668
Vehicle,HHFAMINC,"08=$100,000 to $124,999",1844,25135623.6960753
Vehicle,HHFAMINC,"09=$125,000 to $149,999",1394,20201698.802264
Vehicle,HHFAMINC,"10=$150,000 to $199,999",1357,22976206.681538
Vehicle,HHFAMINC,"11=$200,000 or more",1879,29866329.5662295
Vehicle,HHFAMINC_IMP,"01=Less than $10,000",281,6179259.32147015
Vehicle,HHFAMINC_IMP,"02=$10,000 to $14,999",241,4134205.98201728
Vehicle,HHFAMINC_IMP,"03=$15,000 to $24,999",586,11018284.9800163
Vehicle,HHFAMINC_IMP,"04=$25,000 to $34,999",791,14160656.5836097
Vehicle,HHFAMINC_IMP,"05=$35,000 to $49,999",1375,22344661.7118526
Vehicle,HHFAMINC_IMP,"06=$50,000 to $74,999",2585,40548797.2646864
Vehicle,HHFAMINC_IMP,"07=$75,000 to $99,999",2269,35110333.6057982
Vehicle,HHFAMINC_IMP,"08=$100,000 to $124,999",1883,25726571.0428194
Vehicle,HHFAMINC_IMP,"09=$125,000 to $149,999",1406,20326619.4426751
Vehicle,HHFAMINC_IMP,"10=$150,000 to $199,999",1369,23252926.0091604
Vehicle,HHFAMINC_IMP,"11=$200,000 or more",1898,30034788.2025704
Vehicle,HHSIZE,1,2557,38877930.6981165
Vehicle,HHSIZE,2,6714,86643381.1740134
Vehicle,HHSIZE,3,2190,42592121.4259132
Vehicle,HHSIZE,4,1870,36249110.0005955
Vehicle,HHSIZE,5,884,18361684.0785772
Vehicle,HHSIZE,6,299,6057814.85188418
Vehicle,HHSIZE,7,91,2306468.00577393
Vehicle,HHSIZE,8,45,1101220.62252394
Vehicle,HHSIZE,9,23,472390.214391721
Vehicle,HHSIZE,10,11,174983.074886418
Vehicle,HHVEHCNT,1,2623,42271037.0035142
Vehicle,HHVEHCNT,2,6398,96694513.3328978
Vehicle,HHVEHCNT,3,3129,50577838.8653776
Vehicle,HHVEHCNT,4,1440,25007975.1772143
Vehicle,HHVEHCNT,5,610,9053801.03814519
Vehicle,HHVEHCNT,6,264,4690274.13892376
Vehicle,HHVEHCNT,7,91,1611771.47353745
Vehicle,HHVEHCNT,8,56,815273.65685043
Vehicle,HHVEHCNT,9,9,112025.070936424
Vehicle,HHVEHCNT,11,33,1438055.81365076
Vehicle,HHVEHCNT,14,14,129160.90340578
Vehicle,HHVEHCNT,17,17,435377.672221815
Vehicle,HHVEHUSETIME_DEL,-1=Appropriate skip,14485,228981016.617807
Vehicle,HHVEHUSETIME_DEL,-9=Not ascertained,5,63813.5301658406
Vehicle,HHVEHUSETIME_DEL,Responses=00-30,194,3792273.99870293
Vehicle,HHVEHUSETIME_OTH,-1=Appropriate skip,13572,216222730.929024
Vehicle,HHVEHUSETIME_OTH,-9=Not ascertained,26,410318.188829438
Vehicle,HHVEHUSETIME_OTH,Responses=00-30,1086,16204055.0288215
Vehicle,HHVEHUSETIME_RS,-1=Appropriate skip,14598,230974585.077394
Vehicle,HHVEHUSETIME_RS,-9=Not ascertained,2,33659.2532686471
Vehicle,HHVEHUSETIME_RS,Responses=00-30,84,1828859.8160125
Vehicle,HH_HISP,01=Hispanic or Latino,1046,27397358.2591852
Vehicle,HH_HISP,02=Not Hispanic or Latino,13638,205439745.88749
Vehicle,HH_RACE,01=White,12789,186127207.689692
Vehicle,HH_RACE,02=Black or African American,821,20006732.5788598
Vehicle,HH_RACE,03=Asian,621,13841528.2018585
Vehicle,HH_RACE,04=American Indian/Alaska Native,82,2630306.72748482
Vehicle,HH_RACE,05=Native Hawaiian/Pacific Islander,32,633972.499451899
Vehicle,HH_RACE,06=Multiple races selected,49,1426548.49748704
Vehicle,HH_RACE,97=Other race,290,8170807.95184159
Vehicle,HOMEOWN,01=Owned by hh member with mortgage or loan,7790,122998361.477867
Vehicle,HOMEOWN,02=Owned by hh member free and clear (no mortgage),4310,59533459.2484933
Vehicle,HOMEOWN,03=Rented by hh member,2396,46729388.175904
Vehicle,HOMEOWN,04=Occupied without payment,188,3575895.24441155
Vehicle,HOUSEID,Responses=9000013002-9000218040,14684,232837104.146675
Vehicle,HTEEMPDN,-9=Not ascertained,131,1735299.92869097
Vehicle,HTEEMPDN,01=0-49,2446,37368352.1408705
Vehicle,HTEEMPDN,02=50-99,914,15221167.8779108
Vehicle,HTEEMPDN,03=100-249,1434,21080089.3618586
Vehicle,HTEEMPDN,04=250-499,1502,23852835.4773798
Vehicle,HTEEMPDN,05=500-999,1737,26802608.5868132
Vehicle,HTEEMPDN,"06=1,000-1,999",2903,47340014.9241891
Vehicle,HTEEMPDN,"07=2,000-3,999",2489,39721427.7082107
Vehicle,HTEEMPDN,"08=4,000-999,999",1128,19715308.1407523
Vehicle,HTHTNRNT,01=0-4%,517,7989634.84313767
Vehicle,HTHTNRNT,05=5-14%,3860,56513116.2269524
Vehicle,HTHTNRNT,20=15-24%,3867,60106092.1982995
Vehicle,HTHTNRNT,30=25-34%,2455,39572636.9997456
Vehicle,HTHTNRNT,40=35-44%,1652,25518516.5432833
Vehicle,HTHTNRNT,50=45-54%,1116,21287942.0830366
Vehicle,HTHTNRNT,60=55-64%,624,11116269.2913108
Vehicle,HTHTNRNT,70=65-74%,366,6856264.95781108
Vehicle,HTHTNRNT,80=75-84%,176,2889854.25821425
Vehicle,HTHTNRNT,90=85-94%,46,912851.251101874
Vehicle,HTHTNRNT,95=95-100%,5,73925.4937828038
Vehicle,HTPPOPDN,-9=Not ascertained,79,1143764.57870916
Vehicle,HTPPOPDN,01=0-99,2324,35809432.3891841
Vehicle,HTPPOPDN,02=100-499,2429,37631572.1114171
Vehicle,HTPPOPDN,03=500-999,1275,20473321.9486656
Vehicle,HTPPOPDN,"04=1,000-1,999",2011,30537157.0521072
Vehicle,HTPPOPDN,"05=2,000-3,999",2983,47645940.7273998
Vehicle,HTPPOPDN,"06=4,000-9,999",2820,46551600.5718234
Vehicle,HTPPOPDN,"07=10,000-24,999",587,9859481.78436732
Vehicle,HTPPOPDN,"08=25,000-999,999",176,3184832.98300236
Vehicle,HTRESDN,-9=Not ascertained,125,1811705.45496085
Vehicle,HTRESDN,01=0-99,3592,55366017.9680435
Vehicle,HTRESDN,02=100-499,3109,48785315.7960582
Vehicle,HTRESDN,03=500-999,1861,27435367.0995933
Vehicle,HTRESDN,"04=1,000-1,999",3037,49583167.3367788
Vehicle,HTRESDN,"05=2,000-3,999",2100,35391696.2667491
Vehicle,HTRESDN,"06=4,000-9,999",629,10565134.1011121
Vehicle,HTRESDN,"07=10,000-24,999",182,2948033.45119419
Vehicle,HTRESDN,"08=25,000-999,999",49,950666.672185739
Vehicle,HYBRID,01=Yes,743,11113234.389468
Vehicle,HYBRID,02=No,13941,221723869.757207
Vehicle,LIF_CYC,"01=one adult, no children",1414,22816887.2653993
Vehicle,LIF_CYC,"02=2+ adults, no children",3176,47773737.5905193
Vehicle,LIF_CYC,"03=one adult, youngest child 0-5",59,1460594.72266783
Vehicle,LIF_CYC,"04=2+ adults, youngest child 0-5",1331,27660806.3366329
Vehicle,LIF_CYC,"05=one adult, youngest child 6-15",243,4288411.87354868
Vehicle,LIF_CYC,"06=2+ adults, youngest child 6-15",1881,36496636.1533063
Vehicle,LIF_CYC,"07=one adult, youngest child 16-21",167,2535233.56076728
Vehicle,LIF_CYC,"08=2+ adults, youngest child 16-21",744,14747383.6835995
Vehicle,LIF_CYC,"09=one adult, retired, no children",1143,16061043.4327173
Vehicle,LIF_CYC,"10=2+ adults, retired, no children",4526,58996369.5275176
Vehicle,MAKE,00=Suppressed for confidential reason,457,6892023.81024183
Vehicle,MAKE,02=Jeep,554,8749966.22819909
Vehicle,MAKE,06=Chrysler,219,3828358.54957569
Vehicle,MAKE,07=Dodge,582,10105329.2071752
Vehicle,MAKE,12=Ford,1921,30596219.5369798
Vehicle,MAKE,13=Lincoln,99,1463659.4172862
Vehicle,MAKE,18=Buick / Opel,239,3803580.52739605
Vehicle,MAKE,19=Cadillac,116,2093638.26397979
Vehicle,MAKE,20=Chevrolet,1571,26484860.8935931
Vehicle,MAKE,22=Pontiac,82,1035905.21540964
Vehicle,MAKE,23=GMC,447,6895419.73351733
Vehicle,MAKE,"29=Other Domestic Manufacturers (e.g., Tesla)",93,1463501.17177087
Vehicle,MAKE,30=Volkswagen,315,4551687.45336649
Vehicle,MAKE,32=Audi,142,1969261.8201267
Vehicle,MAKE,34=BMW,290,4426608.00696212
Vehicle,MAKE,35=Nissan/Datsun,702,11826289.7209865
Vehicle,MAKE,37=Honda,1507,23657765.6169911
Vehicle,MAKE,41=Mazda,292,4260112.68470317
Vehicle,MAKE,42=Mercedes-Benz,228,3481747.88609886
Vehicle,MAKE,48=Subaru,601,7926249.88983127
Vehicle,MAKE,49=Toyota,1974,31400237.5296601
Vehicle,MAKE,51=Volvo,116,1613467.74826231
Vehicle,MAKE,52=Mitsubishi,72,1407117.17344158
Vehicle,MAKE,54=Acura,166,2672254.94146354
Vehicle,MAKE,55=Hyundai,516,8212308.53037454
Vehicle,MAKE,58=Infiniti,71,1239866.15427376
Vehicle,MAKE,59=Lexus,291,3908454.61486171
Vehicle,MAKE,63=KIA,376,6345527.91766253
Vehicle,MAKE,72=Harley-Davidson,145,2309699.80979222
Vehicle,MAKE,98=Other Make,500,8215984.09269256
Vehicle,MSACAT,"01=MSA of 1 million or more, with rail",2906,47510996.1128797
Vehicle,MSACAT,"02=MSA of 1 million or more, without rail",4554,71368204.9917128
Vehicle,MSACAT,03=MSA less than 1 million,6325,100462243.145872
Vehicle,MSACAT,04=Not in MSA,899,13495659.8962105
Vehicle,MSASIZE,"01=In an MSA of Less than 250,000",2927,45386077.9880791
Vehicle,MSASIZE,"02=In an MSA of 250,000 - 499,999",1458,23340892.8009439
Vehicle,MSASIZE,"03=In an MSA of 500,000 - 999,999",1940,31735272.3568497
Vehicle,MSASIZE,"04=In an MSA or CMSA of 1,000,000 - 2,999,999",3321,51143517.3374635
Vehicle,MSASIZE,05=In an MSA or CMSA of 3 million or more,4139,67735683.7671295
Vehicle,MSASIZE,06=Not in MSA or CMSA,899,13495659.8962105
Vehicle,NUMADLT,1,2878,44613159.8599406
Vehicle,NUMADLT,2,9171,134465160.196516
Vehicle,NUMADLT,3,1781,35843440.44797
Vehicle,NUMADLT,4,652,13408063.4531712
Vehicle,NUMADLT,5,143,2954437.83942852
Vehicle,NUMADLT,6,33,977914.120577481
Vehicle,NUMADLT,7,25,567303.793265672
Vehicle,NUMADLT,8,1,7624.43580599674
Vehicle,RAIL,01=Yes,3019,49374339.9717568
Vehicle,RAIL,02=No,11665,183462764.174919
Vehicle,STRATUMID,Responses=1021-1040,14684,232837104.146675
Vehicle,TDAYDATE,202201,401,7281638.66288701
Vehicle,TDAYDATE,202202,1517,18084518.9961962
Vehicle,TDAYDATE,202203,1316,19429396.4254245
Vehicle,TDAYDATE,202204,1295,19086306.5878053
Vehicle,TDAYDATE,202205,1059,19468318.9531221
Vehicle,TDAYDATE,202206,656,18317956.0211466
Vehicle,TDAYDATE,202207,895,20252950.3589351
Vehicle,TDAYDATE,202208,882,19084590.2219225
Vehicle,TDAYDATE,202209,866,20533751.426965
Vehicle,TDAYDATE,202210,1129,19706810.7462958
Vehicle,TDAYDATE,202211,2160,18399470.4666193
Vehicle,TDAYDATE,202212,1788,19706151.8344194
Vehicle,TDAYDATE,202301,720,13485243.444937
Vehicle,TRAVDAY,01=Sunday,2589,33695777.038277
Vehicle,TRAVDAY,02=Monday,2698,33786998.4998045
Vehicle,TRAVDAY,03=Tuesday,2084,32773405.0983995
Vehicle,TRAVDAY,04=Wednesday,1819,31960139.0254545
Vehicle,TRAVDAY,05=Thursday,1943,32931656.4171813
Vehicle,TRAVDAY,06=Friday,1977,33552309.3541616
Vehicle,TRAVDAY,07=Saturday,1574,34136818.7133974
Vehicle,URBAN,01=In an urban area,9815,157842354.819076
Vehicle,URBAN,02=In an Urban cluster,1269,20303418.9585002
Vehicle,URBAN,03=In an area surrounded by urban areas,2,28865.9428158704
Vehicle,URBAN,04=Not in urban area,3598,54662464.4262847
Vehicle,URBANSIZE,"01=50,000-199,999",1420,23652022.2228953
Vehicle,URBANSIZE,"02=200,000-499,999",1595,25437943.4901053
Vehicle,URBANSIZE,"03=500,000-999,999",1387,21479561.5448941
Vehicle,URBANSIZE,"04=1,000,000 or more with heavy rail",2361,39417641.7007095
Vehicle,URBANSIZE,"05=1,000,000 or more without heavy rail",3052,47855185.860471
Vehicle,URBANSIZE,06=Not in urbanized area,4869,74994749.3276007
Vehicle,URBRUR,01=Urban,11084,178145773.777576
Vehicle,URBRUR,02=Rural,3600,54691330.3691006
Vehicle,VEHAGE,Responses=1-40,14684,232837104.146675
Vehicle,VEHCASEID,Responses=900001300201-900021804001,14684,232837104.146675
Vehicle,VEHCOMMERCIAL,-9=Not ascertained,39,543705.5363812
Vehicle,VEHCOMMERCIAL,01=Yes,1402,22358531.0328263
Vehicle,VEHCOMMERCIAL,02=No,13243,209934867.577468
Vehicle,VEHCOM_DEL,-1=Valid skip,13282,210478573.113849
Vehicle,VEHCOM_DEL,-9=Not ascertained,209,3299793.57181192
Vehicle,VEHCOM_DEL,01=Yes,199,3856087.52886877
Vehicle,VEHCOM_DEL,02=No,994,15202649.9321456
Vehicle,VEHCOM_OTH,-1=Valid skip,13282,210478573.113849
Vehicle,VEHCOM_OTH,-9=Not ascertained,105,2114047.20631026
Vehicle,VEHCOM_OTH,01=Yes,1112,16614373.217651
Vehicle,VEHCOM_OTH,02=No,185,3630110.60886512
Vehicle,VEHCOM_RS,-1=Valid skip,13282,210478573.113849
Vehicle,VEHCOM_RS,-9=Not ascertained,205,3249664.25147395
Vehicle,VEHCOM_RS,01=Yes,86,1862519.06928115
Vehicle,VEHCOM_RS,02=No,1111,17246347.7120712
Vehicle,VEHFUEL,-9=Not ascertained,32,475792.976333968
Vehicle,VEHFUEL,01=Gas,13485,214859181.40628
Vehicle,VEHFUEL,02=Diesel,384,5494115.86475462
Vehicle,VEHFUEL,03=Biodiesel,6,165404.901176614
Vehicle,VEHFUEL,04=Plug-in hybrid,80,1147567.77658902
Vehicle,VEHFUEL,05=Electric only,186,2898975.22051431
Vehicle,VEHFUEL,"06=Hybrid, gas/electric, non plug-in",477,7066691.39236467
Vehicle,VEHFUEL,97=Uses other fuel,34,729374.608661276
Vehicle,VEHID,01,7417,116832217.731852
Vehicle,VEHID,02,4794,74561180.7283373
Vehicle,VEHID,03,1595,26213924.0618884
Vehicle,VEHID,04,552,9354644.44009586
Vehicle,VEHID,05,192,3102650.64579227
Vehicle,VEHID,06,70,1291890.43816324
Vehicle,VEHID,07,26,510178.081675946
Vehicle,VEHID,08,13,279925.014027738
Vehicle,VEHID,09,6,178015.806921435
Vehicle,VEHID,10,5,165568.576817388
Vehicle,VEHID,11,5,165568.576817388
Vehicle,VEHID,12,2,34836.2301218642
Vehicle,VEHID,13,2,34836.2301218642
Vehicle,VEHID,14,2,34836.2301218642
Vehicle,VEHID,15,1,25610.4513071656
Vehicle,VEHID,16,1,25610.4513071656
Vehicle,VEHID,17,1,25610.4513071656
Vehicle,VEHOWNED,-9=Not ascertained,99,1600835.13118182
Vehicle,VEHOWNED,01=Yes,12914,202776921.498931
Vehicle,VEHOWNED,02=No,1671,28459347.5165622
Vehicle,VEHOWNMO,-1=Appropriate skip,12914,202776921.498931
Vehicle,VEHOWNMO,-9=Not ascertained,103,1672426.56608233
Vehicle,VEHOWNMO,01,256,4484834.03274886
Vehicle,VEHOWNMO,02,165,2832759.59347328
Vehicle,VEHOWNMO,03,151,2649542.8130534
Vehicle,VEHOWNMO,04,138,2479451.48703525
Vehicle,VEHOWNMO,05,119,1856330.74410409
Vehicle,VEHOWNMO,06,203,3233021.64428194
Vehicle,VEHOWNMO,07,120,2192049.78429427
Vehicle,VEHOWNMO,08,129,1964570.86168927
Vehicle,VEHOWNMO,09,114,1981901.96137449
Vehicle,VEHOWNMO,10,127,2329086.25889258
Vehicle,VEHOWNMO,11,145,2384206.90071421
Vehicle,VEHTYPE,01=Automobile/Car/Stationwagon,6382,103846565.101645
Vehicle,VEHTYPE,02=Van (Minivan/Cargo/Passenger),671,11048500.7466398
Vehicle,VEHTYPE,"03=SUV (Santa Fe, Tahoe, Jeep, etc.)",4562,70228543.0959982
Vehicle,VEHTYPE,04=Pickup Truck,2393,37378136.5596443
Vehicle,VEHTYPE,05=Other Truck,81,1457731.50898375
Vehicle,VEHTYPE,06=Recreational vehicle (RV)/Motorhome,112,1364199.97759547
Vehicle,VEHTYPE,07=MotorcycleMoped,430,6720037.66327013
Vehicle,VEHTYPE,97=Something else,53,793389.49289975
Vehicle,VEHYEAR,Responses=1982-2023,14684,232837104.146675
Vehicle,WHOMAIN,-9=Not ascertained,210,3232100.01606774
Vehicle,WHOMAIN,01=Person1,8346,128959700.665368
Vehicle,WHOMAIN,02=Person 2,4764,74244974.1342698
Vehicle,WHOMAIN,03=Person 3,686,14217208.6608211
Vehicle,WHOMAIN,04=Person 4,183,3828437.49622606
Vehicle,WHOMAIN,05=Person 5,34,713499.450029668
Vehicle,WHOMAIN,06=Person 6,6,153081.810438589
Vehicle,WHOMAIN,07=Person 7,3,75647.4008077424
Vehicle,WHOMAIN,08=Person 8,1,10295.180906674
Vehicle,WHOMAIN,96=No one,253,3890554.56437194
Vehicle,WHOMAIN,97=Someone else,198,3511604.76736889
Vehicle,WRKCOUNT,0,4325,63409427.1054368
Vehicle,WRKCOUNT,1,4737,75853806.2104955
Vehicle,WRKCOUNT,2,4568,71737319.3228586
Vehicle,WRKCOUNT,3,837,16873752.6182671
Vehicle,WRKCOUNT,4,164,3747408.67149733
Vehicle,WRKCOUNT,5,39,969288.701903768
Vehicle,WRKCOUNT,6,14,246101.516216939
Vehicle,WTHHFIN,Responses=100.84634725-81832.021407,14684,232837104.146675
Vehicle,WTHHFIN2D,Responses=0-264588.14373,14684,232837104.146675
Vehicle,WTHHFIN5D,Responses=0-112970.16439,14684,232837104.146675
Trip,CDIVMSAR,11=New England MSA/CMSA of 1 million+ with heavy rail,643,3946149017.9518
Trip,CDIVMSAR,12=New England MSA/CMSA of 1 million+ w/o heavy rail,201,1599163490.37243
Trip,CDIVMSAR,13=New England MSA of less than 1 million,866,5879280099.03819
Trip,CDIVMSAR,14=New England Not in an MSA,67,324364703.040149
Trip,CDIVMSAR,21=Mid-Atlantic MSA/CMSA of 1 million+ with heavy rail,1767,15775411552.5732
Trip,CDIVMSAR,22=Mid-Atlantic MSA/CMSA of 1 million+ w/o heavy rail,516,4025390229.93681
Trip,CDIVMSAR,23=Mid-Atlantic MSA of less than 1 million,1175,11985354635.4709
Trip,CDIVMSAR,24=Mid-Atlantic Not in an MSA,63,540973999.627369
Trip,CDIVMSAR,31=East North Central MSA/CMSA of 1 million+ with heavy rail,1051,7920048141.98355
Trip,CDIVMSAR,32=East North Central MSA/CMSA of 1 million+ w/o heavy rail,1406,9046540956.81684
Trip,CDIVMSAR,33=East North Central MSA of less than 1 million,2094,16617152500.4772
Trip,CDIVMSAR,34=East North Central Not in an MSA,359,3038668083.03616
Trip,CDIVMSAR,42=West North Central MSA/CMSA of 1 million+ w/o heavy rail,914,7476947736.18488
Trip,CDIVMSAR,43=West North Central MSA of less than 1 million,1177,8731240817.35575
Trip,CDIVMSAR,44=West North Central Not in an MSA,286,1404712604.07289
Trip,CDIVMSAR,51=South Atlantic MSA/CMSA of 1 million+ with heavy rail,1709,14706554626.1798
Trip,CDIVMSAR,52=South Atlantic MSA/CMSA of 1 million+ w/o heavy rail,1541,10281253628.677
Trip,CDIVMSAR,53=South Atlantic MSA of less than 1 million,2796,22151550824.8414
Trip,CDIVMSAR,54=South Atlantic Not in an MSA,238,2483403244.07498
Trip,CDIVMSAR,62=East South Central MSA/CMSA of 1 million+ w/o heavy rail,550,4483376189.86137
Trip,CDIVMSAR,63=East South Central MSA of less than 1 million,966,8226607245.2009
Trip,CDIVMSAR,64=East South Central Not in an MSA,120,767632810.741806
Trip,CDIVMSAR,72=West South Central MSA/CMSA of 1 million+ w/o heavy rail,2115,17089549960.5303
Trip,CDIVMSAR,73=West South Central MSA of less than 1 million,1218,11262842722.0365
Trip,CDIVMSAR,74=West South Central Not in an MSA,156,1308228971.39823
Trip,CDIVMSAR,82=Mountain MSA/CMSA of 1 million+ w/o heavy rail,1232,9541800957.00226
Trip,CDIVMSAR,83=Mountain MSA of less than 1 million,1286,9459130736.95792
Trip,CDIVMSAR,84=Mountain Not in an MSA,103,687359095.644954
Trip,CDIVMSAR,91=Pacific MSA/CMSA of 1 million+ with heavy rail,1559,17072472195.8735
Trip,CDIVMSAR,92=Pacific MSA/CMSA of 1 million+ w/o heavy rail,1519,13192838298.6736
Trip,CDIVMSAR,93=Pacific MSA of less than 1 million,1318,12305048999.9057
Trip,CDIVMSAR,94=Pacific Not in an MSA,63,423487431.201772
Trip,CENSUS_D,01=New England,1777,11748957310.4026
Trip,CENSUS_D,02=Middle Atlantic,3521,32327130417.6083
Trip,CENSUS_D,03=East North Central,4910,36622409682.3139
Trip,CENSUS_D,04=West North Central,2377,17612901157.6135
Trip,CENSUS_D,05=South Atlantic,6284,49622762323.7733
Trip,CENSUS_D,06=East South Central,1636,13477616245.8041
Trip,CENSUS_D,07=West South Central,3489,29660621653.9648
Trip,CENSUS_D,08=Mountain,2621,19688290789.6051
Trip,CENSUS_D,09=Pacific,4459,42993846925.6547
Trip,CENSUS_R,01=Northeast,5298,44076087728.0108
Trip,CENSUS_R,02=Midwest,7287,54235310839.9267
Trip,CENSUS_R,03=South,11409,92761000223.5419
Trip,CENSUS_R,04=West,7080,62682137715.2595
Trip,DBHTNRNT,-9=Not ascertained,26,181756712.169001
Trip,DBHTNRNT,01=0-4%,1639,11657900839.953
Trip,DBHTNRNT,05=5-14%,6586,48190868585.1659
Trip,DBHTNRNT,20=15-24%,5703,43544272631.0642
Trip,DBHTNRNT,30=25-34%,4653,38092480792.876
Trip,DBHTNRNT,40=35-44%,3701,33894608540.4409
Trip,DBHTNRNT,50=45-54%,3036,27014701083.8288
Trip,DBHTNRNT,60=55-64%,2313,20416410197.1893
Trip,DBHTNRNT,70=65-74%,1763,15711432255.5036
Trip,DBHTNRNT,80=75-84%,1122,10277600549.5579
Trip,DBHTNRNT,90=85-94%,489,4373044172.13165
Trip,DBHTNRNT,95=95-100%,43,399460146.859706
Trip,DBHUR,-9=Not ascertained,26,181756712.169001
Trip,DBHUR,01=Rural,4558,36660284223.9956
Trip,DBHUR,02=Small Town,7087,54675858809.426
Trip,DBHUR,03=Second City,6169,51238136469.4474
Trip,DBHUR,04=Suburban,8775,70442919145.9197
Trip,DBHUR,05=Urban,4459,40555581145.7822
Trip,DBPPOPDN,-9=Not ascertained,224,1875784175.94061
Trip,DBPPOPDN,01=0-99,2816,22422293838.4446
Trip,DBPPOPDN,02=100-499,4239,33431817702.0524
Trip,DBPPOPDN,03=500-999,2540,20330282100.4449
Trip,DBPPOPDN,"04=1,000-1,999",5017,39174809248.9737
Trip,DBPPOPDN,"05=2,000-3,999",7102,55897170912.3754
Trip,DBPPOPDN,"06=4,000-9,999",6673,56584614331.5994
Trip,DBPPOPDN,"07=10,000-24,999",1705,16878427352.5938
Trip,DBPPOPDN,"08=25,000-999,999",758,7159336844.31489
Trip,DBRESDN,-9=Not ascertained,353,2641684287.91811
Trip,DBRESDN,01=0-99,5014,39475603959.8439
Trip,DBRESDN,02=100-499,6211,49398910130.9776
Trip,DBRESDN,03=500-999,4422,35193276535.2743
Trip,DBRESDN,"04=1,000-1,999",7061,57577350659.4122
Trip,DBRESDN,"05=2,000-3,999",5118,43588579008.8076
Trip,DBRESDN,"06=4,000-9,999",1867,16626711841.9607
Trip,DBRESDN,"07=10,000-24,999",648,5603330787.1484
Trip,DBRESDN,"08=25,000-999,999",380,3649089295.39719
Trip,DRIVER,-1=Valid skip,3021,30400557765.8774
Trip,DRIVER,01=Yes,26489,206173910719.191
Trip,DRIVER,02=No,1564,17180068021.6725
Trip,DRVRCNT,0,399,4925737212.85959
Trip,DRVRCNT,1,6564,49674927582.1803
Trip,DRVRCNT,2,18809,137925500052.072
Trip,DRVRCNT,3,3728,41399743783.586
Trip,DRVRCNT,4,1331,16370869743.0356
Trip,DRVRCNT,5,213,3070916339.75965
Trip,DRVRCNT,6,27,357147902.221373
Trip,DRVRCNT,7,3,29693891.0254633
Trip,DRVR_FLG,-1=Valid skip,3665,33100554130.3114
Trip,DRVR_FLG,01=Driver on trip,20490,160953195395.043
Trip,DRVR_FLG,02=Not driver on trip,6919,59700786981.385
Trip,DTEEMPDN,-9=Not ascertained,255,1854198419.09271
Trip,DTEEMPDN,01=0-49,3348,27737007030.1427
Trip,DTEEMPDN,02=50-99,1634,13595206402.3066
Trip,DTEEMPDN,03=100-249,2771,21076265718.6135
Trip,DTEEMPDN,04=250-499,3202,24610297432.6482
Trip,DTEEMPDN,05=500-999,4115,32464745829.4559
Trip,DTEEMPDN,"06=1,000-1,999",6914,56148743503.2441
Trip,DTEEMPDN,"07=2,000-3,999",5704,48785828055.542
Trip,DTEEMPDN,"08=4,000-999,999",3131,27482244115.694
Trip,DTHTNRNT,-9=Not ascertained,26,181756712.169001
Trip,DTHTNRNT,01=0-4%,796,5450951051.91101
Trip,DTHTNRNT,05=5-14%,5797,43449717094.2687
Trip,DTHTNRNT,20=15-24%,6634,50629539788.1244
Trip,DTHTNRNT,30=25-34%,5389,45464200440.3512
Trip,DTHTNRNT,40=35-44%,4407,36747808379.0685
Trip,DTHTNRNT,50=45-54%,3337,29521678392.4647
Trip,DTHTNRNT,60=55-64%,2214,20078003299.863
Trip,DTHTNRNT,70=65-74%,1349,12157923444.9355
Trip,DTHTNRNT,80=75-84%,783,6596797522.01404
Trip,DTHTNRNT,90=85-94%,317,3262563144.87102
Trip,DTHTNRNT,95=95-100%,25,213597236.698657
Trip,DTPPOPDN,-9=Not ascertained,167,1245883948.41717
Trip,DTPPOPDN,01=0-99,3111,24775483154.6679
Trip,DTPPOPDN,02=100-499,4285,33353956045.6877
Trip,DTPPOPDN,03=500-999,2807,21810725410.1802
Trip,DTPPOPDN,"04=1,000-1,999",4864,39290229073.443
Trip,DTPPOPDN,"05=2,000-3,999",7176,57516442124.8896
Trip,DTPPOPDN,"06=4,000-9,999",6448,55466503764.5487
Trip,DTPPOPDN,"07=10,000-24,999",1449,13094064971.0395
Trip,DTPPOPDN,"08=25,000-999,999",767,7201248013.8659
Trip,DTRESDN,-9=Not ascertained,298,2494679456.8629
Trip,DTRESDN,01=0-99,5266,42244064464.406
Trip,DTRESDN,02=100-499,6412,49789910451.462
Trip,DTRESDN,03=500-999,4442,35909802455.7648
Trip,DTRESDN,"04=1,000-1,999",7268,59521312669.5756
Trip,DTRESDN,"05=2,000-3,999",4762,41695232415.5563
Trip,DTRESDN,"06=4,000-9,999",1664,13765872115.5518
Trip,DTRESDN,"07=10,000-24,999",591,4650275193.05848
Trip,DTRESDN,"08=25,000-999,999",371,3683387284.50179
Trip,DWELTIME,-9=Not ascertained,10615,90260978054.1874
Trip,DWELTIME,Responses=0-1050,20459,163493558452.552
Trip,EDUC,-1=Valid skip,2726,27502388259.1626
Trip,EDUC,01=Less than high school,609,8078195355.48151
Trip,EDUC,"02=Some high school, no diploma/GED",1262,17939946604.7127
Trip,EDUC,"03=High school graduate, have diploma/GED",3138,51363614130.2786
Trip,EDUC,"04=Some college, no degree/ some trade school",4589,39727045028.3063
Trip,EDUC,05=Associates degree (2-year)/ trade school certificate,3116,25755723667.2083
Trip,EDUC,06=Bachelor's degree,8589,45115741335.4168
Trip,EDUC,07=Master's degree,5103,27599420116.5528
Trip,EDUC,08=Professional/Doctorate degree,1942,10672462009.6203
Trip,ENDTIME,-9=Not ascertained,21,201438642.805061
Trip,ENDTIME,Responses=0000-2359,31053,253553097863.935
Trip,FRSTHM,01=Yes,29566,241179279256.307
Trip,FRSTHM,02=No,1508,12575257250.4347
Trip,GASPRICE,Responses=272.7-597.9,31074,253754536506.74
Trip,HHACCCNT,Responses=01-08,31074,253754536506.74
Trip,HHFAMINC,-7=I prefer not to answer,331,2165193526.99361
Trip,HHFAMINC,-8=I don't know,10,87401220.148044
Trip,HHFAMINC,"01=Less than $10,000",481,6056279359.28845
Trip,HHFAMINC,"02=$10,000 to $14,999",459,5130178399.06841
Trip,HHFAMINC,"03=$15,000 to $24,999",1049,12966998552.3606
Trip,HHFAMINC,"04=$25,000 to $34,999",1613,15947881483.9436
Trip,HHFAMINC,"05=$35,000 to $49,999",2604,21897547493.0946
Trip,HHFAMINC,"06=$50,000 to $74,999",4766,36428852093.699
Trip,HHFAMINC,"07=$75,000 to $99,999",5063,40452354605.7365
Trip,HHFAMINC,"08=$100,000 to $124,999",4149,27478236092.2101
Trip,HHFAMINC,"09=$125,000 to $149,999",3050,22894984492.0764
Trip,HHFAMINC,"10=$150,000 to $199,999",3172,28404473718.8053
Trip,HHFAMINC,"11=$200,000 or more",4327,33844155469.3159
Trip,HHFAMINC_IMP,"01=Less than $10,000",483,6077461875.47111
Trip,HHFAMINC_IMP,"02=$10,000 to $14,999",472,5184498163.82807
Trip,HHFAMINC_IMP,"03=$15,000 to $24,999",1051,12975897411.2221
Trip,HHFAMINC_IMP,"04=$25,000 to $34,999",1648,16077164276.6347
Trip,HHFAMINC_IMP,"05=$35,000 to $49,999",2621,22119555962.5413
Trip,HHFAMINC_IMP,"06=$50,000 to $74,999",4836,36973591134.5948
Trip,HHFAMINC_IMP,"07=$75,000 to $99,999",5107,40792619664.7098
Trip,HHFAMINC_IMP,"08=$100,000 to $124,999",4229,27911424537.5022
Trip,HHFAMINC_IMP,"09=$125,000 to $149,999",3065,22956501308.8371
Trip,HHFAMINC_IMP,"10=$150,000 to $199,999",3202,28661207342.5062
Trip,HHFAMINC_IMP,"11=$200,000 or more",4360,34024614828.8932
Trip,HHMEMDRV,-1=Valid skip,3665,33100554130.3114
Trip,HHMEMDRV,-9=Not ascertained,53,733763021.58352
Trip,HHMEMDRV,01=Household member drove,26475,211796579716.901
Trip,HHMEMDRV,02=Non-household member drove,881,8123639637.94569
Trip,HHSIZE,1,4419,30126167852.9208
Trip,HHSIZE,2,12483,74202887057.203
Trip,HHSIZE,3,4887,47645903037.3744
Trip,HHSIZE,4,5027,50921335670.0019
Trip,HHSIZE,5,2883,32660828733.8121
Trip,HHSIZE,6,846,9599698350.71851
Trip,HHSIZE,7,266,4578609581.06462
Trip,HHSIZE,8,188,3515926595.09252
Trip,HHSIZE,9,72,468056060.89497
Trip,HHSIZE,10,3,35123567.6562867
Trip,HHVEHCNT,0,853,9458166174.4044
Trip,HHVEHCNT,1,7116,56047670847.426
Trip,HHVEHCNT,2,14558,108888097111.162
Trip,HHVEHCNT,3,5498,48673385262.5481
Trip,HHVEHCNT,4,2084,21663642099.8513
Trip,HHVEHCNT,5,691,6138217773.63365
Trip,HHVEHCNT,6,182,1729789559.58881
Trip,HHVEHCNT,7,46,554886479.292027
Trip,HHVEHCNT,8,35,283681803.943546
Trip,HHVEHCNT,9,3,12535267.7873391
Trip,HHVEHCNT,11,8,304464127.102665
Trip,HH_HISP,01=Hispanic or Latino,2358,42702418504.1664
Trip,HH_HISP,02=Not Hispanic or Latino,28716,211052118002.574
Trip,HH_RACE,01=White,27204,192105547584.271
Trip,HH_RACE,02=Black or African American,1628,26750893692.1068
Trip,HH_RACE,03=Asian,1394,15338544318.5173
Trip,HH_RACE,04=American Indian/Alaska Native,149,2843066607.7039
Trip,HH_RACE,05=Native Hawaiian/Pacific Islander,108,1069328370.22561
Trip,HH_RACE,06=Multiple races selected,109,6646419279.62449
Trip,HH_RACE,97=Other race,482,9000736654.29179
Trip,HOMEOWN,01=Owned by hh member with mortgage or loan,17211,135849290590.356
Trip,HOMEOWN,02=Owned by hh member free and clear (no mortgage),7650,49719191515.9427
Trip,HOMEOWN,03=Rented by hh member,5938,64704930661.2329
Trip,HOMEOWN,04=Occupied without payment,275,3481123739.20822
Trip,HOUSEID,Responses=9000013002-9000218040,31074,253754536506.74
Trip,LIF_CYC,"01=one adult, no children",2575,20650979369.3449
Trip,LIF_CYC,"02=2+ adults, no children",6199,47727421825.6452
Trip,LIF_CYC,"03=one adult, youngest child 0-5",223,3368351638.4423
Trip,LIF_CYC,"04=2+ adults, youngest child 0-5",3539,38549123265.3934
Trip,LIF_CYC,"05=one adult, youngest child 6-15",837,7630099405.03735
Trip,LIF_CYC,"06=2+ adults, youngest child 6-15",6106,62211350832.0432
Trip,LIF_CYC,"07=one adult, youngest child 16-21",336,2933052716.35699
Trip,LIF_CYC,"08=2+ adults, youngest child 16-21",1546,16887792464.1459
Trip,LIF_CYC,"09=one adult, retired, no children",1844,9475188483.57588
Trip,LIF_CYC,"10=2+ adults, retired, no children",7869,44321176506.7542
Trip,LOOP_TRIP,01=Loop trip,351,3489569577.50806
Trip,LOOP_TRIP,02=Not a loop trip,30723,250264966929.232
Trip,MSACAT,"01=MSA of 1 million or more, with rail",6729,59420635534.5617
Trip,MSACAT,"02=MSA of 1 million or more, without rail",9994,76736861448.0554
Trip,MSACAT,03=MSA less than 1 million,12896,106618208581.283
Trip,MSACAT,04=Not in MSA,1455,10978830942.8383
Trip,MSASIZE,"01=In an MSA of Less than 250,000",5529,43452662454.9601
Trip,MSASIZE,"02=In an MSA of 250,000 - 499,999",3078,26499091138.3536
Trip,MSASIZE,"03=In an MSA of 500,000 - 999,999",4289,36666454987.9708
Trip,MSASIZE,"04=In an MSA or CMSA of 1,000,000 - 2,999,999",7177,56765389101.4962
Trip,MSASIZE,05=In an MSA or CMSA of 3 million or more,9546,79392107881.1208
Trip,MSASIZE,06=Not in MSA or CMSA,1455,10978830942.8383
Trip,NONHHCNT,Responses=0-98,31074,253754536506.74
Trip,NUMADLT,1,5534,40972914769.802
Trip,NUMADLT,2,20223,149314606536.853
Trip,NUMADLT,3,3722,41733230425.9217
Trip,NUMADLT,4,1272,16339716167.4837
Trip,NUMADLT,5,228,3614112603.27054
Trip,NUMADLT,6,81,1680866002.21614
Trip,NUMADLT,7,6,64817458.68175
Trip,NUMADLT,8,8,34272542.5116338
Trip,NUMONTRP,Responses=1-99,31074,253754536506.74
Trip,OBHTNRNT,-9=Not ascertained,17,146626131.066187
Trip,OBHTNRNT,01=0-4%,1633,11745000985.3539
Trip,OBHTNRNT,05=5-14%,6627,48571908617.9871
Trip,OBHTNRNT,20=15-24%,5687,43554900811.5524
Trip,OBHTNRNT,30=25-34%,4664,38234319250.4655
Trip,OBHTNRNT,40=35-44%,3701,33701063774.3371
Trip,OBHTNRNT,50=45-54%,3027,26958358689.3305
Trip,OBHTNRNT,60=55-64%,2307,20324513316.6973
Trip,OBHTNRNT,70=65-74%,1765,15539617769.9489
Trip,OBHTNRNT,80=75-84%,1121,10256718661.0766
Trip,OBHTNRNT,90=85-94%,481,4325304228.62008
Trip,OBHTNRNT,95=95-100%,44,396204270.304358
Trip,OBHUR,-9=Not ascertained,17,146626131.066187
Trip,OBHUR,01=Rural,4571,36838503536.3401
Trip,OBHUR,02=Small Town,7092,54761237381.5043
Trip,OBHUR,03=Second City,6175,51091135089.4249
Trip,OBHUR,04=Suburban,8774,70497187298.6793
Trip,OBHUR,05=Urban,4445,40419847069.725
Trip,OBPPOPDN,-9=Not ascertained,208,1796170338.02681
Trip,OBPPOPDN,01=0-99,2849,22683285332.7303
Trip,OBPPOPDN,02=100-499,4234,33368039105.9225
Trip,OBPPOPDN,03=500-999,2551,20639932268.3742
Trip,OBPPOPDN,"04=1,000-1,999",5011,39103186883.0848
Trip,OBPPOPDN,"05=2,000-3,999",7081,55886821836.0647
Trip,OBPPOPDN,"06=4,000-9,999",6702,56273394497.1596
Trip,OBPPOPDN,"07=10,000-24,999",1682,16841511533.0516
Trip,OBPPOPDN,"08=25,000-999,999",756,7162194712.32532
Trip,OBRESDN,-9=Not ascertained,338,2605548376.40572
Trip,OBRESDN,01=0-99,5050,39782302868.5793
Trip,OBRESDN,02=100-499,6204,49326200728.852
Trip,OBRESDN,03=500-999,4404,35052612906.0523
Trip,OBRESDN,"04=1,000-1,999",7045,57633891524.3903
Trip,OBRESDN,"05=2,000-3,999",5156,43525496772.6994
Trip,OBRESDN,"06=4,000-9,999",1860,16643149193.8709
Trip,OBRESDN,"07=10,000-24,999",627,5431601355.21577
Trip,OBRESDN,"08=25,000-999,999",390,3753732780.67414
Trip,ONTD_P1,01=Selected,23503,182903969142.006
Trip,ONTD_P1,02=Not Selected,7571,70850567364.7359
Trip,ONTD_P10,-1=Valid skip,31071,253719412939.084
Trip,ONTD_P10,02=Not Selected,3,35123567.6562867
Trip,ONTD_P2,-1=Valid skip,4419,30126167852.9208
Trip,ONTD_P2,01=Selected,13798,106253640055.197
Trip,ONTD_P2,02=Not Selected,12857,117374728598.621
Trip,ONTD_P3,-1=Valid skip,16902,104329054910.123
Trip,ONTD_P3,01=Selected,5685,59027358374.2934
Trip,ONTD_P3,02=Not Selected,8487,90398123222.3227
Trip,ONTD_P4,-1=Valid skip,21789,151974957947.499
Trip,ONTD_P4,01=Selected,3817,38811605840.5788
Trip,ONTD_P4,02=Not Selected,5468,62967972718.6619
Trip,ONTD_P5,-1=Valid skip,26816,202896293617.501
Trip,ONTD_P5,01=Selected,1719,18642303176.877
Trip,ONTD_P5,02=Not Selected,2539,32215939712.362
Trip,ONTD_P6,-1=Valid skip,29699,235557122351.315
Trip,ONTD_P6,01=Selected,413,4507249643.09751
Trip,ONTD_P6,02=Not Selected,962,13690164512.3294
Trip,ONTD_P7,-1=Valid skip,30545,245156820702.033
Trip,ONTD_P7,01=Selected,172,2451959146.33971
Trip,ONTD_P7,02=Not Selected,357,6145756658.36869
Trip,ONTD_P8,-1=Valid skip,30811,249735430283.097
Trip,ONTD_P8,01=Selected,69,856712725.203194
Trip,ONTD_P8,02=Not Selected,194,3162393498.44059
Trip,ONTD_P9,-1=Valid skip,30999,253251356878.189
Trip,ONTD_P9,01=Selected,18,176596909.872664
Trip,ONTD_P9,02=Not Selected,57,326582718.678593
Trip,OTEEMPDN,-9=Not ascertained,249,1839155718.07415
Trip,OTEEMPDN,01=0-49,3384,27983374505.2734
Trip,OTEEMPDN,02=50-99,1639,13614404399.3159
Trip,OTEEMPDN,03=100-249,2760,21115466450.3836
Trip,OTEEMPDN,04=250-499,3198,24631140940.8311
Trip,OTEEMPDN,05=500-999,4115,32740315346.3703
Trip,OTEEMPDN,"06=1,000-1,999",6909,55862629115.2915
Trip,OTEEMPDN,"07=2,000-3,999",5700,48816016931.3848
Trip,OTEEMPDN,"08=4,000-999,999",3120,27152033099.8148
Trip,OTHTNRNT,-9=Not ascertained,17,146626131.066187
Trip,OTHTNRNT,01=0-4%,810,5767579313.23568
Trip,OTHTNRNT,05=5-14%,5786,43080931052.0466
Trip,OTHTNRNT,20=15-24%,6667,51100188144.6212
Trip,OTHTNRNT,30=25-34%,5386,45611073532.4439
Trip,OTHTNRNT,40=35-44%,4416,36693867529.0078
Trip,OTHTNRNT,50=45-54%,3315,29172708152.9828
Trip,OTHTNRNT,60=55-64%,2200,20134536522.3048
Trip,OTHTNRNT,70=65-74%,1365,12264905474.2633
Trip,OTHTNRNT,80=75-84%,775,6364744577.92631
Trip,OTHTNRNT,90=85-94%,311,3201836231.0635
Trip,OTHTNRNT,95=95-100%,26,215539845.777681
Trip,OTPPOPDN,-9=Not ascertained,162,1227419128.2989
Trip,OTPPOPDN,01=0-99,3144,25214573426.0364
Trip,OTPPOPDN,02=100-499,4269,33205839854.1545
Trip,OTPPOPDN,03=500-999,2809,21806652113.9416
Trip,OTPPOPDN,"04=1,000-1,999",4860,39356957701.8996
Trip,OTPPOPDN,"05=2,000-3,999",7166,57222798524.2341
Trip,OTPPOPDN,"06=4,000-9,999",6461,55463197417.4684
Trip,OTPPOPDN,"07=10,000-24,999",1443,13113244092.0898
Trip,OTPPOPDN,"08=25,000-999,999",760,7143854248.61653
Trip,OTRESDN,-9=Not ascertained,296,2651852625.78267
Trip,OTRESDN,01=0-99,5312,42746904032.6517
Trip,OTRESDN,02=100-499,6381,49736228466.4843
Trip,OTRESDN,03=500-999,4440,35711477531.6849
Trip,OTRESDN,"04=1,000-1,999",7264,59344856568.2282
Trip,OTRESDN,"05=2,000-3,999",4758,41319439726.5178
Trip,OTRESDN,"06=4,000-9,999",1663,13949569578.3045
Trip,OTRESDN,"07=10,000-24,999",581,4502676372.50488
Trip,OTRESDN,"08=25,000-999,999",379,3791531604.58077
Trip,PARK,-1=Valid skip,8696,77800043353.2731
Trip,PARK,01=Yes,595,4796343177.14409
Trip,PARK,02=No,21783,171158149976.323
Trip,PARK2,-1=Valid skip,30653,249553605787.723
Trip,PARK2,0001=Paid to park,162,1676350410.15979
Trip,PARK2,9996=N/A Paid for by employer,3,13137364.1879624
Trip,PARK2,9997=N/A Paid for by school,1,10622927.3274475
Trip,PARK2,9998=Paid but I don't remember the cost,20,217195268.639105
Trip,PARK2,9999=I did not pay for parking at this location,235,2283624748.70247
Trip,PARK2_PAMOUNT,-1=Appropriate skip,30912,252078186096.58
Trip,PARK2_PAMOUNT,Responses=0.25-900,162,1676350410.15979
Trip,PARK2_PAYTYPE,-1=Valid skip,30912,252078186096.58
Trip,PARK2_PAYTYPE,01=One Time,132,1506375800.48206
Trip,PARK2_PAYTYPE,02=Per Week,2,9935312.37594678
Trip,PARK2_PAYTYPE,03=Per Month,17,87053908.7674663
Trip,PARK2_PAYTYPE,05=Per Semester,1,3358417.21209677
Trip,PARK2_PAYTYPE,06=Per Year,10,69626971.3222293
Trip,PERSONID,01,17713,134799626901.998
Trip,PERSONID,02,8599,64256731821.2948
Trip,PERSONID,03,2643,29837437258.6981
Trip,PERSONID,04,1436,15970447859.6984
Trip,PERSONID,05,512,6544966934.56218
Trip,PERSONID,06,108,1376358952.22883
Trip,PERSONID,07,49,788263631.627325
Trip,PERSONID,08,12,172642223.160792
Trip,PERSONID,09,2,8060923.47150171
Trip,PRMACT,-1=Valid skip,20107,181148141541.434
Trip,PRMACT,01=Temporarily absent from a job or business,304,3202238446.10961
Trip,PRMACT,02=Looking for work/unemployed,582,5279746217.6343
Trip,PRMACT,03=A homemaker,1347,9749392574.32206
Trip,PRMACT,04=Going to school,726,7762711144.02353
Trip,PRMACT,05=Retired,6725,34103719212.7444
Trip,PRMACT,97=Something else,1283,12508587370.473
Trip,PROXY,01=Self,22740,180097726639.072
Trip,PROXY,02=Someone else,8334,73656809867.6694
Trip,PSGR_FLG,-1=Valid skip,3665,33100554130.3114
Trip,PSGR_FLG,01=Passenger on trip,6919,59700786981.385
Trip,PSGR_FLG,02=Not passenger on trip,20490,160953195395.043
Trip,PUBTRANS,01=Used public transit,341,3700714487.33303
Trip,PUBTRANS,02=Did not use public transit,30733,250053822019.407
Trip,RAIL,01=Yes,6969,61527179472.878
Trip,RAIL,02=No,24105,192227357033.862
Trip,R_AGE,Responses=5-92,31074,253754536506.74
Trip,R_HISP,01=Hispanic,2608,44809480105.7158
Trip,R_HISP,02=Not Hispanic,28466,208945056401.024
Trip,R_RACE,01=White,26992,190285096109.279
Trip,R_RACE,02=Black or African American,1713,27423812171.2637
Trip,R_RACE,03=Asian,1428,12759865185.7286
Trip,R_RACE,04=American Indian/Alaska Native,178,3041273110.02205
Trip,R_RACE,05=Native Hawaiian/Pacific Islander,109,913402072.731473
Trip,R_RACE,06=Multiple races selected,116,10079737043.0583
Trip,R_RACE,97=Other race,538,9251350814.65749
Trip,R_SEX,-7=Refuse,256,2593232605.53561
Trip,R_SEX,-8=Don't know,10,89814497.5427361
Trip,R_SEX,01=Male,15289,123771340879.146
Trip,R_SEX,02=Female,15519,127300148524.515
Trip,R_SEX_IMP,01=Male,15415,124901841439.978
Trip,R_SEX_IMP,02=Female,15659,128852695066.761
Trip,SEQ_TRIPID,01,10592,90067395069.514
Trip,SEQ_TRIPID,02,9951,83842069350.18
Trip,SEQ_TRIPID,03,4470,34652715506.7376
Trip,SEQ_TRIPID,04,2896,21725959669.4573
Trip,SEQ_TRIPID,05,1372,10145889211.6737
Trip,SEQ_TRIPID,06,810,5879737431.46288
Trip,SEQ_TRIPID,07,434,3141565765.9552
Trip,SEQ_TRIPID,08,244,1840716919.97303
Trip,SEQ_TRIPID,09,124,978210561.035938
Trip,SEQ_TRIPID,10,69,571884783.863324
Trip,SEQ_TRIPID,11,41,359844372.518453
Trip,SEQ_TRIPID,12,21,242306488.425194
Trip,SEQ_TRIPID,13,11,71227087.4384703
Trip,SEQ_TRIPID,14,7,55458041.9383801
Trip,SEQ_TRIPID,15,4,24070490.9647468
Trip,SEQ_TRIPID,16,2,8698078.24859898
Trip,SEQ_TRIPID,17,2,8653005.2651713
Trip,SEQ_TRIPID,18,2,8653005.2651713
Trip,SEQ_TRIPID,19,2,8653005.2651713
Trip,SEQ_TRIPID,20,2,8698078.24859898
Trip,SEQ_TRIPID,21,2,8677079.53701419
Trip,SEQ_TRIPID,22,2,8677079.53701419
Trip,SEQ_TRIPID,23,1,6769744.58817351
Trip,SEQ_TRIPID,24,1,6769744.58817351
Trip,SEQ_TRIPID,25,1,6769744.58817351
Trip,SEQ_TRIPID,26,1,6769744.58817351
Trip,SEQ_TRIPID,27,1,6769744.58817351
Trip,SEQ_TRIPID,28,1,6769744.58817351
Trip,SEQ_TRIPID,29,1,6769744.58817351
Trip,SEQ_TRIPID,30,1,6769744.58817351
Trip,SEQ_TRIPID,31,1,6769744.58817351
Trip,SEQ_TRIPID,32,1,6769744.58817351
Trip,SEQ_TRIPID,33,1,6769744.58817351
Trip,SEQ_TRIPID,34,1,6769744.58817351
Trip,SEQ_TRIPID,35,1,6769744.58817351
Trip,SEQ_TRIPID,36,1,6769744.58817351
Trip,STRATUMID,Responses=1021-1040,31074,253754536506.74
Trip,STRTTIME,-9=Not ascertained,21,201438642.805061
Trip,STRTTIME,Responses=0000-2359,31053,253553097863.935
Trip,TDAYDATE,202201,673,5583521122.39389
Trip,TDAYDATE,202202,2861,20629675131.8309
Trip,TDAYDATE,202203,2725,21335422007.658
Trip,TDAYDATE,202204,2742,20153574266.2739
Trip,TDAYDATE,202205,2415,22279879624.4603
Trip,TDAYDATE,202206,1398,21880415246.3478
Trip,TDAYDATE,202207,1736,21350564696.9303
Trip,TDAYDATE,202208,1902,20959540639.2939
Trip,TDAYDATE,202209,1813,21396803845.0691
Trip,TDAYDATE,202210,2586,21197449207.4043
Trip,TDAYDATE,202211,4859,20841298367.8993
Trip,TDAYDATE,202212,3904,21173560483.4052
Trip,TDAYDATE,202301,1460,14972831867.7733
Trip,TDCASEID,Responses=90000130020101-90002180400103,31074,253754536506.74
Trip,TDWKND,01=Weekend,8630,75849398108.7579
Trip,TDWKND,02=Weekday,22444,177905138397.982
Trip,TRAVDAY,01=Sunday,4395,29544138653.1756
Trip,TRAVDAY,02=Monday,5978,36562693514.7079
Trip,TRAVDAY,03=Tuesday,4389,36467149594.608
Trip,TRAVDAY,04=Wednesday,4101,37113105776.7298
Trip,TRAVDAY,05=Thursday,4250,37870606279.9158
Trip,TRAVDAY,06=Friday,4505,36297037899.3539
Trip,TRAVDAY,07=Saturday,3456,39899804788.2492
Trip,TRIPID,01,10583,89971302820.6812
Trip,TRIPID,02,9943,83773039615.9393
Trip,TRIPID,03,4474,34688025294.0526
Trip,TRIPID,04,2899,21809231328.86
Trip,TRIPID,05,1375,10156888816.0979
Trip,TRIPID,06,812,5888677290.7317
Trip,TRIPID,07,436,3152083107.82085
Trip,TRIPID,08,246,1851819539.01301
Trip,TRIPID,09,124,978152058.519993
Trip,TRIPID,10,70,577257131.12667
Trip,TRIPID,11,41,359511639.528179
Trip,TRIPID,12,21,242306488.425194
Trip,TRIPID,13,11,71227087.4384703
Trip,TRIPID,14,7,55458041.9383801
Trip,TRIPID,15,4,24070490.9647468
Trip,TRIPID,16,2,8698078.24859898
Trip,TRIPID,17,2,8653005.2651713
Trip,TRIPID,18,2,8653005.2651713
Trip,TRIPID,19,2,8653005.2651713
Trip,TRIPID,20,2,8698078.24859898
Trip,TRIPID,21,2,8677079.53701419
Trip,TRIPID,22,2,8677079.53701419
Trip,TRIPID,23,1,6769744.58817351
Trip,TRIPID,24,1,6769744.58817351
Trip,TRIPID,25,1,6769744.58817351
Trip,TRIPID,26,1,6769744.58817351
Trip,TRIPID,27,1,6769744.58817351
Trip,TRIPID,28,1,6769744.58817351
Trip,TRIPID,29,1,6769744.58817351
Trip,TRIPID,30,1,6769744.58817351
Trip,TRIPID,31,1,6769744.58817351
Trip,TRIPID,32,1,6769744.58817351
Trip,TRIPID,33,1,6769744.58817351
Trip,TRIPID,34,1,6769744.58817351
Trip,TRIPID,35,1,6769744.58817351
Trip,TRIPID,36,1,6769744.58817351
Trip,TRIPMODE,01=Privately Owned Vehicle-Driver,20490,160953195395.043
Trip,TRIPMODE,02=Privately Owned Vehicle-Passenger,6919,59700786981.385
Trip,TRIPMODE,03=Public Transit,341,3700714487.33303
Trip,TRIPMODE,04=School Bus,650,7295049228.19991
Trip,TRIPMODE,05=Walk,2103,17390867219.0667
Trip,TRIPMODE,06=Bike,298,2393493730.82879
Trip,TRIPMODE,07=Other,273,2320429464.88291
Trip,TRIPPURP,-9=Not ascertained,24,268756916.253334
Trip,TRIPPURP,01=Home-based work (HBW),4871,45331996162.6972
Trip,TRIPPURP,02=Home-based shopping (HBSHP),6884,52848752760.1942
Trip,TRIPPURP,03=Home-based social/recreational (HBSOC),4546,34005287432.6419
Trip,TRIPPURP,04=Home-based other (HBO),7714,64898571538.9935
Trip,TRIPPURP,05=Not a home-based trip (NHB),7035,56401171695.9593
Trip,TRPHHVEH,-1=Valid skip,1168,12382636260.0667
Trip,TRPHHVEH,"01=Yes, used a household vehicle",26294,210462841181.133
Trip,TRPHHVEH,"02=No, did not use a household vehicle",3612,30909059065.5426
Trip,TRPMILES,-9=Not ascertained,14,137560621.637985
Trip,TRPMILES,Responses=0-4859.4769818,31060,253616975885.102
Trip,TRPTRANS,01=Car,11777,101726646688.204
Trip,TRPTRANS,02=Van,1881,16034016170.3079
Trip,TRPTRANS,03=SUV/Crossover,10384,76732037643.9463
Trip,TRPTRANS,04=Pickup truck,3302,25499402941.1218
Trip,TRPTRANS,06=Recreational Vehicle,10,195796444.693699
Trip,TRPTRANS,07=Motorcycle,55,466082488.154789
Trip,TRPTRANS,08=Public or commuter bus,190,2362638066.11445
Trip,TRPTRANS,09=School bus,650,7295049228.19991
Trip,TRPTRANS,10=Street car or trolley car,9,94455175.0621714
Trip,TRPTRANS,11=Subway or elevated rail,109,996954772.069673
Trip,TRPTRANS,12=Commuter rail,33,246666474.08674
Trip,TRPTRANS,13=Amtrak,4,19749242.639895
Trip,TRPTRANS,14=Airplane,71,451462313.69629
Trip,TRPTRANS,15=Taxicab or limo service,9,128845072.286409
Trip,TRPTRANS,16=Other ride-sharing service,109,1029359423.60354
Trip,TRPTRANS,17=Paratransit/ Dial a ride,9,90326109.9305275
Trip,TRPTRANS,"18=Bicycle (including bikeshare, ebike, etc.)",298,2393493730.82879
Trip,TRPTRANS,19=E-scooter,6,80094187.6804155
Trip,TRPTRANS,20=Walked,2103,17390867219.0667
Trip,TRPTRANS,21=Other (specify),65,520593115.045839
Trip,TRVLCMIN,-9=Not ascertained,21,201438642.805061
Trip,TRVLCMIN,Responses=0-1425,31053,253553097863.935
Trip,URBAN,01=In an urban area,22522,183822388090.713
Trip,URBAN,02=In an Urban cluster,2680,22025513604.4692
Trip,URBAN,03=In an area surrounded by urban areas,2,8479551.9771767
Trip,URBAN,04=Not in urban area,5870,47898155259.5812
Trip,URBANSIZE,"01=50,000-199,999",3118,24965505326.1295
Trip,URBANSIZE,"02=200,000-499,999",3630,30487288038.6159
Trip,URBANSIZE,"03=500,000-999,999",3110,26264793993.0529
Trip,URBANSIZE,"04=1,000,000 or more with heavy rail",5772,50878144754.5005
Trip,URBANSIZE,"05=1,000,000 or more without heavy rail",6892,51226655978.4133
Trip,URBANSIZE,06=Not in urbanized area,8552,69932148416.0275
Trip,URBRUR,01=Urban,25202,205847901695.182
Trip,URBRUR,02=Rural,5872,47906634811.5584
Trip,VEHCASEID,-1=Appropriate skip,4767,43243446748.8803
Trip,VEHCASEID,Responses=900001300201-900021804001,26307,210511089757.862
Trip,VEHID,-1=valid skip,4767,43243446748.8803
Trip,VEHID,01,16888,133338932470.198
Trip,VEHID,02,7467,56702933855.2421
Trip,VEHID,03,1520,15548817346.2699
Trip,VEHID,04,333,3957610549.32808
Trip,VEHID,05,80,688543032.627462
Trip,VEHID,06,15,191072627.659636
Trip,VEHID,07,4,83179876.5341753
Trip,VEHTYPE,-1=Valid skip,4780,43291695325.6092
Trip,VEHTYPE,01=Automobile/Car/Stationwagon,11080,95058221902.6128
Trip,VEHTYPE,02=Van (Minivan/Cargo/Passenger),1796,15077650925.3391
Trip,VEHTYPE,"03=SUV (Santa Fe, Tahoe, Jeep, etc.)",10210,75576635333.0154
Trip,VEHTYPE,04=Pickup Truck,3086,23400957465.9687
Trip,VEHTYPE,05=Other Truck,60,706133601.137043
Trip,VEHTYPE,06=Recreational vehicle (RV)/Motorhome,8,178931576.694786
Trip,VEHTYPE,07=MotorcycleMoped,54,464310376.36281
Trip,VMT_MILE,-9=Not ascertained,3,21266693.2600402
Trip,VMT_MILE,-1=Appropriate skip,10584,92801341111.6958
Trip,VMT_MILE,Responses=0-1123.5711622,20487,160931928701.783
Trip,WALK,-1=Valid skip,3132,29240703481.7415
Trip,WALK,-9=Not ascertained,4837,41809982735.8046
Trip,WALK,01=0 minutes/ parked in the same building,13657,109069171807.611
Trip,WALK,02=1 to less than 5 minutes,7651,58175024022.6522
Trip,WALK,03=5 to less than 10 minutes,423,3467416059.55609
Trip,WALK,04=10 to less than 15 minutes,141,1169096131.26104
Trip,WALK,05=15 to less than 20 minutes,62,460222552.246569
Trip,WALK,06=20 minutes or more,159,1002666807.71508
Trip,WALK,07=N/A - someone else took vehicle,21,286013740.132066
Trip,WALK,08=N/A - Didn't park,991,9074239168.01879
Trip,WHODROVE,-1=Valid skip,3665,33100554130.3114
Trip,WHODROVE,-9=Not ascertained,300,3185588804.83208
Trip,WHODROVE,01=Person 1,17915,138356000691.698
Trip,WHODROVE,02=Person 2,7368,57189296794.5142
Trip,WHODROVE,03=Person 3,816,11406763524.968
Trip,WHODROVE,04=Person 4,214,3215310395.3492
Trip,WHODROVE,05=Person 5,33,625011555.3506
Trip,WHODROVE,07=Person 7,2,64427943.0568448
Trip,WHODROVE,97=Non household member drove,761,6611582666.65939
Trip,WHODROVE_IMP,-1=Valid skip,3665,33100554130.3114
Trip,WHODROVE_IMP,-9=Not ascertained,53,733763021.58352
Trip,WHODROVE_IMP,01=Person 1,17970,138766260696.463
Trip,WHODROVE_IMP,02=Person 2,7427,57657058032.669
Trip,WHODROVE_IMP,03=Person 3,827,11463613440.221
Trip,WHODROVE_IMP,04=Person 4,214,3215310395.3492
Trip,WHODROVE_IMP,05=Person 5,35,629909209.140121
Trip,WHODROVE_IMP,07=Person 7,2,64427943.0568448
Trip,WHODROVE_IMP,97=Non household member drove,881,8123639637.94569
Trip,WHYFROM,-9=Not ascertained,47,567490157.239292
Trip,WHYFROM,01=Regular activities at home,12176,101237426717.959
Trip,WHYFROM,02=Work from home (paid),315,2821167514.76992
Trip,WHYFROM,03=Work at a non-home location,2736,24975521169.8489
Trip,WHYFROM,04=Work activity to drop-off/pickup someone/something,255,2207478622.81643
Trip,WHYFROM,05=Other work-related activities,353,3333458097.06497
Trip,WHYFROM,06=Attend school as a student,981,10071903949.8887
Trip,WHYFROM,07=Attend childcare or adult care,72,724838829.150089
Trip,WHYFROM,08=Volunteer activities (not paid),164,1770502645.64203
Trip,WHYFROM,09=Change type of transportation,190,1864478176.00475
Trip,WHYFROM,10=Drop off/pick up someone (personal),1581,12950427549.1119
Trip,WHYFROM,11=Health care visit,676,4780540834.13561
Trip,WHYFROM,12=Buy meals,2311,18982781906.3131
Trip,WHYFROM,13=Shop/buy/pick-up or return goods,3796,28192291464.5244
Trip,WHYFROM,14=Other family/personal errands,1212,8950653412.78671
Trip,WHYFROM,15=Recreational activities,875,7317414345.9245
Trip,WHYFROM,16=Exercise,1051,7282898917.10823
Trip,WHYFROM,17=Visit friends or relatives,1196,8270576177.74994
Trip,WHYFROM,18=Rest or relaxation/vacation,286,2088008255.73541
Trip,WHYFROM,19=Religious or other community activities,768,5087878290.02142
Trip,WHYFROM,97=Something else (specify),33,276799472.944313
Trip,WHYTO,01=Regular activities at home,11445,93356345131.9864
Trip,WHYTO,02=Work from home (paid),446,3308815116.36448
Trip,WHYTO,03=Work at a non-home location,2843,26056013805.712
Trip,WHYTO,04=Work activity to drop-off/pickup someone/something,270,2405190623.68633
Trip,WHYTO,05=Other work-related activities,359,3419850113.26495
Trip,WHYTO,06=Attend school as a student,1005,10509480217.3669
Trip,WHYTO,07=Attend childcare or adult care,76,775503545.606058
Trip,WHYTO,08=Volunteer activities (not paid),176,1920847802.68164
Trip,WHYTO,09=Change type of transportation,177,1752207606.2946
Trip,WHYTO,10=Drop off/pick up someone (personal),1708,14412459985.5857
Trip,WHYTO,11=Health care visit,684,4782348703.45911
Trip,WHYTO,12=Buy meals,2356,19699831315.7682
Trip,WHYTO,13=Shop/buy/pick-up or return goods,3872,28806675130.2349
Trip,WHYTO,14=Other family/personal errands,1285,9819477888.615
Trip,WHYTO,15=Recreational activities,879,7525592699.17909
Trip,WHYTO,16=Exercise,1291,9638227334.05828
Trip,WHYTO,17=Visit friends or relatives,1159,8001850661.23284
Trip,WHYTO,18=Rest or relaxation/vacation,220,2043473660.51349
Trip,WHYTO,19=Religious or other community activities,780,5107061041.77491
Trip,WHYTO,97=Something else (specify),43,413284123.354954
Trip,WHYTRP1S,01=Home,11891,96665160248.3509
Trip,WHYTRP1S,10=Work,3472,31881054542.6633
Trip,WHYTRP1S,20=School/Daycare/Religious,1861,16392044804.7479
Trip,WHYTRP1S,30=Medical/Dental services,684,4782348703.45911
Trip,WHYTRP1S,40=Shopping/Errands,5157,38626153018.8498
Trip,WHYTRP1S,50=Social/Recreational,3549,27209144354.9837
Trip,WHYTRP1S,70=Transport someone,1708,14412459985.5857
Trip,WHYTRP1S,80=Meals,2356,19699831315.7682
Trip,WHYTRP1S,97=Something else,396,4086339532.3312
Trip,WHYTRP90,01=To/From Work,5113,46636524263.9578
Trip,WHYTRP90,02=Work-Related Business,946,8970712754.41033
Trip,WHYTRP90,03=Shopping,5767,43006971351.2176
Trip,WHYTRP90,04=Other Family/Personal Business,4659,38215057868.5533
Trip,WHYTRP90,05=School/Church,3318,28706844779.7199
Trip,WHYTRP90,06=Medical/Dental,1151,8161604140.91686
Trip,WHYTRP90,08=Visit Friends/Relatives,1949,13432106425.0681
Trip,WHYTRP90,10=Other Social/Recreational,7633,61586666692.7707
Trip,WHYTRP90,11=Other,515,4739314989.13894
Trip,WHYTRP90,99=Refused / Don't Know,23,298733240.985958
Trip,WORKER,-1=Valid skip,3366,33601639379.8928
Trip,WORKER,01=Worker,17045,150748740607.649
Trip,WORKER,02=Not worker,10663,69404156519.1976
Trip,WRKCOUNT,0,7158,42217453320.3207
Trip,WRKCOUNT,1,10189,82816969293.0587
Trip,WRKCOUNT,2,11361,97471397183.5926
Trip,WRKCOUNT,3,1970,24814257274.609
Trip,WRKCOUNT,4,316,4852529432.97146
Trip,WRKCOUNT,5,54,1392867552.09464
Trip,WRKCOUNT,6,26,189062450.092684
Trip,WTTRDFIN,Responses=33695.133464-322721155.65,31074,253754536506.74
Trip,WTTRDFIN2D,Responses=0-53643493.647,31074,253754536506.74
Trip,WTTRDFIN5D,Responses=0-285950601.31,31074,253754536506.74
Long Distance,AIRSIZE,-1=Valid Skip,16458,295698433.810949
Long Distance,AIRSIZE,-9=Not Ascertained,181,3846415.79243818
Long Distance,AIRSIZE,01=Nonhub,14,254221.9810731
Long Distance,AIRSIZE,02=Small,32,508748.7079855
Long Distance,AIRSIZE,03=Medium,65,872311.41404758
Long Distance,AIRSIZE,04=Large,247,4380793.2935684
Long Distance,BEGTRIP,-1=Appropriate skip,3065,64648973.8598911
Long Distance,BEGTRIP,-9=Not ascertained,6941,122550487.851283
Long Distance,BEGTRIP,Responses=202112-202301,6991,118361463.288887
Long Distance,CDIVMSAR,11=New England MSA/CMSA of 1 million+ with heavy rail,335,4810761.96513364
Long Distance,CDIVMSAR,12=New England MSA/CMSA of 1 million+ w/o heavy rail,109,2118086.1825408
Long Distance,CDIVMSAR,13=New England MSA of less than 1 million,432,6539310.76893297
Long Distance,CDIVMSAR,14=New England Not in an MSA,41,404307.07838704
Long Distance,CDIVMSAR,21=Mid-Atlantic MSA/CMSA of 1 million+ with heavy rail,993,20543695.5033129
Long Distance,CDIVMSAR,22=Mid-Atlantic MSA/CMSA of 1 million+ w/o heavy rail,266,4509274.82630501
Long Distance,CDIVMSAR,23=Mid-Atlantic MSA of less than 1 million,651,12738014.0130982
Long Distance,CDIVMSAR,24=Mid-Atlantic Not in an MSA,45,831916.5773204
Long Distance,CDIVMSAR,31=East North Central MSA/CMSA of 1 million+ with heavy rail,555,8887014.86601863
Long Distance,CDIVMSAR,32=East North Central MSA/CMSA of 1 million+ w/o heavy rail,778,11221595.875607
Long Distance,CDIVMSAR,33=East North Central MSA of less than 1 million,1197,19752882.0030264
Long Distance,CDIVMSAR,34=East North Central Not in an MSA,216,3589270.7781357
Long Distance,CDIVMSAR,42=West North Central MSA/CMSA of 1 million+ w/o heavy rail,478,8475007.19811671
Long Distance,CDIVMSAR,43=West North Central MSA of less than 1 million,610,9515771.5656053
Long Distance,CDIVMSAR,44=West North Central Not in an MSA,183,1840125.26877332
Long Distance,CDIVMSAR,51=South Atlantic MSA/CMSA of 1 million+ with heavy rail,980,19129787.0471709
Long Distance,CDIVMSAR,52=South Atlantic MSA/CMSA of 1 million+ w/o heavy rail,822,13854561.9550436
Long Distance,CDIVMSAR,53=South Atlantic MSA of less than 1 million,1471,25791452.6733064
Long Distance,CDIVMSAR,54=South Atlantic Not in an MSA,135,2703056.44058152
Long Distance,CDIVMSAR,62=East South Central MSA/CMSA of 1 million+ w/o heavy rail,307,5682663.5100103
Long Distance,CDIVMSAR,63=East South Central MSA of less than 1 million,584,10787206.6424844
Long Distance,CDIVMSAR,64=East South Central Not in an MSA,89,1405443.9599956
Long Distance,CDIVMSAR,72=West South Central MSA/CMSA of 1 million+ w/o heavy rail,1143,21999890.550964
Long Distance,CDIVMSAR,73=West South Central MSA of less than 1 million,674,13286951.4715452
Long Distance,CDIVMSAR,74=West South Central Not in an MSA,117,2419376.12249561
Long Distance,CDIVMSAR,82=Mountain MSA/CMSA of 1 million+ w/o heavy rail,629,11565777.0710693
Long Distance,CDIVMSAR,83=Mountain MSA of less than 1 million,674,10935846.4344363
Long Distance,CDIVMSAR,84=Mountain Not in an MSA,65,904343.3495072
Long Distance,CDIVMSAR,91=Pacific MSA/CMSA of 1 million+ with heavy rail,845,19511817.8961217
Long Distance,CDIVMSAR,92=Pacific MSA/CMSA of 1 million+ w/o heavy rail,816,14739673.2548755
Long Distance,CDIVMSAR,93=Pacific MSA of less than 1 million,726,14589397.6144181
Long Distance,CDIVMSAR,94=Pacific Not in an MSA,31,476644.53572156
Long Distance,CENSUS_D,01=New England,917,13872465.9949945
Long Distance,CENSUS_D,02=Middle Atlantic,1955,38622900.9200365
Long Distance,CENSUS_D,03=East North Central,2746,43450763.5227877
Long Distance,CENSUS_D,04=West North Central,1271,19830904.0324953
Long Distance,CENSUS_D,05=South Atlantic,3408,61478858.1161024
Long Distance,CENSUS_D,06=East South Central,980,17875314.1124903
Long Distance,CENSUS_D,07=West South Central,1934,37706218.1450047
Long Distance,CENSUS_D,08=Mountain,1368,23405966.8550128
Long Distance,CENSUS_D,09=Pacific,2418,49317533.3011369
Long Distance,CENSUS_R,01=Northeast,2872,52495366.9150309
Long Distance,CENSUS_R,02=Midwest,4017,63281667.555283
Long Distance,CENSUS_R,03=South,6322,117060390.373598
Long Distance,CENSUS_R,04=West,3786,72723500.1561497
Long Distance,DRIVER,-1=Valid skip,1964,41806100.5941762
Long Distance,DRIVER,01=Yes,13434,231803889.469379
Long Distance,DRIVER,02=No,1599,31950934.9365055
Long Distance,DRVRCNT,0,432,9995515.86187337
Long Distance,DRVRCNT,1,3611,61185614.2771288
Long Distance,DRVRCNT,2,9789,158842173.698297
Long Distance,DRVRCNT,3,2152,50323038.918966
Long Distance,DRVRCNT,4,809,20359988.3816559
Long Distance,DRVRCNT,5,157,3835124.5821406
Long Distance,DRVRCNT,6,31,892290.1043879
Long Distance,DRVRCNT,7,16,127179.1756123
Long Distance,EDUC,-1=Valid skip,1765,38037040.4234895
Long Distance,EDUC,01=Less than high school,544,14041499.231971
Long Distance,EDUC,"02=Some high school, no diploma/GED",932,25528117.9698506
Long Distance,EDUC,"03=High school graduate, have diploma/GED",2401,71126449.2559952
Long Distance,EDUC,"04=Some college, no degree/ some trade school",2603,44747687.820757
Long Distance,EDUC,05=Associates degree (2-year)/ trade school certificate,1704,28670187.5557203
Long Distance,EDUC,06=Bachelor's degree,4021,46133784.5064672
Long Distance,EDUC,07=Master's degree,2180,26430208.1422894
Long Distance,EDUC,08=Professional/Doctorate degree,847,10845950.0935208
Long Distance,ENDTRIP,-1=Appropriate skip,3065,64648973.8598911
Long Distance,ENDTRIP,-9=Not ascertained,6938,121826946.01912
Long Distance,ENDTRIP,Responses=202112-202301,6994,119085005.121051
Long Distance,EXITCDIV,-1=Valid Skip,16458,295698433.810949
Long Distance,EXITCDIV,-9=Not Ascertained,42,870493.38379723
Long Distance,EXITCDIV,01=New England,26,233888.861238
Long Distance,EXITCDIV,02=Middle Atlantic,89,1752653.33725544
Long Distance,EXITCDIV,03=East North Central,57,854278.3645099
Long Distance,EXITCDIV,04=West North Central,28,462738.0485344
Long Distance,EXITCDIV,05=South Atlantic,98,2359379.2924653
Long Distance,EXITCDIV,06=East South Central,11,107364.2592717
Long Distance,EXITCDIV,07=West South Central,49,721547.7252824
Long Distance,EXITCDIV,08=Mountain,38,624824.1096688
Long Distance,EXITCDIV,09=Pacific,101,1875323.80708958
Long Distance,FARCDIV,-1=Valid Skip,3604,74511465.0490039
Long Distance,FARCDIV,-9=Not Ascertained,383,7753243.95608393
Long Distance,FARCDIV,01=New England,696,10095838.8008683
Long Distance,FARCDIV,02=Middle Atlantic,1312,23239429.3253998
Long Distance,FARCDIV,03=East North Central,1768,28281285.6514248
Long Distance,FARCDIV,04=West North Central,996,14936914.4321291
Long Distance,FARCDIV,05=South Atlantic,3001,51435334.1595569
Long Distance,FARCDIV,06=East South Central,794,13906984.9427086
Long Distance,FARCDIV,07=West South Central,1253,22451188.2270236
Long Distance,FARCDIV,08=Mountain,1284,21442569.7982591
Long Distance,FARCDIV,09=Pacific,1906,37506670.6576031
Long Distance,FARCREG,-1=Valid Skip,3604,74511465.0490039
Long Distance,FARCREG,-9=Not Ascertained,383,7753243.95608393
Long Distance,FARCREG,01=Northeast,2008,33335268.1262682
Long Distance,FARCREG,02=Midwest,2764,43218200.0835539
Long Distance,FARCREG,03=South,5048,87793507.3292891
Long Distance,FARCREG,04=West,3190,58949240.4558623
Long Distance,FARREAS,-1=Valid skip,3065,64648973.8598911
Long Distance,FARREAS,-9=Not ascertained,265,4697609.805765
Long Distance,FARREAS,01=Business trip,955,18419809.9461882
Long Distance,FARREAS,02=Personal vacation,4789,86655753.3443963
Long Distance,FARREAS,03=Visit family or friends,5308,89861438.3936359
Long Distance,FARREAS,"04=Other, specify",2615,41277339.6501848
Long Distance,GCDTOT,-9=Not ascertained,372,7246193.84196493
Long Distance,GCDTOT,-1=Appropriate skip,3604,74511465.0490039
Long Distance,GCDTOT,Responses=0.0000224433-5005.858425,13021,223803266.109092
Long Distance,GCD_FLAG,-1=Valid Skip,3604,74511465.0490039
Long Distance,GCD_FLAG,-9=Not Ascertained,372,7246193.84196493
Long Distance,GCD_FLAG,01=GCD 50 miles or more,10508,177118172.151302
Long Distance,GCD_FLAG,02=GCD less than 50 miles,2513,46685093.9577905
Long Distance,HBHTNRNT,01=0-4%,1151,17186136.3021508
Long Distance,HBHTNRNT,05=5-14%,4596,73181734.0975476
Long Distance,HBHTNRNT,20=15-24%,3572,59667009.9726811
Long Distance,HBHTNRNT,30=25-34%,2480,44631727.6346163
Long Distance,HBHTNRNT,40=35-44%,1799,37345899.2446512
Long Distance,HBHTNRNT,50=45-54%,1250,25087098.7145832
Long Distance,HBHTNRNT,60=55-64%,927,22377768.2455412
Long Distance,HBHTNRNT,70=65-74%,611,13304191.0322468
Long Distance,HBHTNRNT,80=75-84%,411,8264928.74536472
Long Distance,HBHTNRNT,90=85-94%,177,4047676.0969758
Long Distance,HBHTNRNT,95=95-100%,23,466754.9137022
Long Distance,HBHUR,01=Rural,3484,56827875.1111057
Long Distance,HBHUR,02=Small Town,3926,66575651.464443
Long Distance,HBHUR,03=Second City,3205,61190374.8468788
Long Distance,HBHUR,04=Suburban,4025,71801912.0727238
Long Distance,HBHUR,05=Urban,2357,49165111.5049098
Long Distance,HBPPOPDN,-9=Not ascertained,93,1869465.1824957
Long Distance,HBPPOPDN,01=0-99,1998,31310617.4741456
Long Distance,HBPPOPDN,02=100-499,2443,41185504.5488521
Long Distance,HBPPOPDN,03=500-999,1323,23941535.7748059
Long Distance,HBPPOPDN,"04=1,000-1,999",2194,37570100.9139529
Long Distance,HBPPOPDN,"05=2,000-3,999",3472,61508050.187224
Long Distance,HBPPOPDN,"06=4,000-9,999",3956,74208907.3701916
Long Distance,HBPPOPDN,"07=10,000-24,999",1043,23423947.0011273
Long Distance,HBPPOPDN,"08=25,000-999,999",475,10542796.5472658
Long Distance,HBRESDN,-9=Not ascertained,142,2110150.19464196
Long Distance,HBRESDN,01=0-99,3359,53480520.568242
Long Distance,HBRESDN,02=100-499,3167,54120411.018639
Long Distance,HBRESDN,03=500-999,2002,35193087.8479529
Long Distance,HBRESDN,"04=1,000-1,999",3611,68085667.4751366
Long Distance,HBRESDN,"05=2,000-3,999",3042,57798219.3297277
Long Distance,HBRESDN,"06=4,000-9,999",1076,22782814.2301682
Long Distance,HBRESDN,"07=10,000-24,999",361,6680486.27620593
Long Distance,HBRESDN,"08=25,000-999,999",237,5309568.05934669
Long Distance,HHFAMINC,-7=I prefer not to answer,205,3321285.83563
Long Distance,HHFAMINC,-8=I don't know,5,108411.1243596
Long Distance,HHFAMINC,"01=Less than $10,000",547,12777003.1847057
Long Distance,HHFAMINC,"02=$10,000 to $14,999",405,7652726.37213021
Long Distance,HHFAMINC,"03=$15,000 to $24,999",811,16967877.697938
Long Distance,HHFAMINC,"04=$25,000 to $34,999",1064,21208086.7889717
Long Distance,HHFAMINC,"05=$35,000 to $49,999",1583,27892188.7878585
Long Distance,HHFAMINC,"06=$50,000 to $74,999",2824,48440546.5542767
Long Distance,HHFAMINC,"07=$75,000 to $99,999",2436,41285423.1635267
Long Distance,HHFAMINC,"08=$100,000 to $124,999",2056,32133171.5046175
Long Distance,HHFAMINC,"09=$125,000 to $149,999",1503,24875938.4558835
Long Distance,HHFAMINC,"10=$150,000 to $199,999",1507,32009298.277377
Long Distance,HHFAMINC,"11=$200,000 or more",2051,36888967.2527859
Long Distance,HHFAMINC_IMP,"01=Less than $10,000",549,12824414.1095987
Long Distance,HHFAMINC_IMP,"02=$10,000 to $14,999",409,7694097.20557741
Long Distance,HHFAMINC_IMP,"03=$15,000 to $24,999",817,17071869.1939442
Long Distance,HHFAMINC_IMP,"04=$25,000 to $34,999",1081,21388206.501683
Long Distance,HHFAMINC_IMP,"05=$35,000 to $49,999",1598,28219078.4699787
Long Distance,HHFAMINC_IMP,"06=$50,000 to $74,999",2867,49404936.6981506
Long Distance,HHFAMINC_IMP,"07=$75,000 to $99,999",2464,41688877.3533222
Long Distance,HHFAMINC_IMP,"08=$100,000 to $124,999",2099,32832803.763885
Long Distance,HHFAMINC_IMP,"09=$125,000 to $149,999",1516,24980200.4449036
Long Distance,HHFAMINC_IMP,"10=$150,000 to $199,999",1525,32336208.8611408
Long Distance,HHFAMINC_IMP,"11=$200,000 or more",2072,37120232.3978768
Long Distance,HHSIZE,1,2271,36098091.0261278
Long Distance,HHSIZE,2,6657,87921569.3028693
Long Distance,HHSIZE,3,2719,57418391.5682434
Long Distance,HHSIZE,4,2781,60418305.290025
Long Distance,HHSIZE,5,1517,38752988.1552654
Long Distance,HHSIZE,6,636,13676387.1419096
Long Distance,HHSIZE,7,222,6053193.9139305
Long Distance,HHSIZE,8,131,4170204.1536143
Long Distance,HHSIZE,9,44,864569.510345
Long Distance,HHSIZE,10,19,187224.9377311
Long Distance,HHVEHCNT,0,743,16634884.4775055
Long Distance,HHVEHCNT,1,4092,70456908.5353858
Long Distance,HHVEHCNT,2,7583,127012310.669043
Long Distance,HHVEHCNT,3,2885,55305070.6707285
Long Distance,HHVEHCNT,4,1093,24703795.6872792
Long Distance,HHVEHCNT,5,391,7054316.7330841
Long Distance,HHVEHCNT,6,139,2835859.88434145
Long Distance,HHVEHCNT,7,37,832013.4690185
Long Distance,HHVEHCNT,8,21,317996.8769388
Long Distance,HHVEHCNT,9,2,17696.7525218
Long Distance,HHVEHCNT,11,7,343100.9305218
Long Distance,HHVEHCNT,14,3,26988.694693
Long Distance,HHVEHCNT,17,1,19981.619
Long Distance,HH_HISP,01=Hispanic or Latino,1525,52613378.2735377
Long Distance,HH_HISP,02=Not Hispanic or Latino,15472,252947546.726523
Long Distance,HH_RACE,01=White,14261,221708653.170358
Long Distance,HH_RACE,02=Black or African American,1201,36899218.8510912
Long Distance,HH_RACE,03=Asian,899,20917284.7218396
Long Distance,HH_RACE,04=American Indian/Alaska Native,100,3278147.339553
Long Distance,HH_RACE,05=Native Hawaiian/Pacific Islander,56,1340654.11596767
Long Distance,HH_RACE,06=Multiple races selected,57,7845160.4900318
Long Distance,HH_RACE,97=Other race,423,13571806.3112197
Long Distance,HOMEOWN,01=Owned by hh member with mortgage or loan,8873,157818131.337713
Long Distance,HOMEOWN,02=Owned by hh member free and clear (no mortgage),4227,59854220.7150598
Long Distance,HOMEOWN,03=Rented by hh member,3666,83204677.9422401
Long Distance,HOMEOWN,04=Occupied without payment,231,4683895.00504819
Long Distance,HOUSEID,Responses=9000013002-9000218040,16997,305560925.000061
Long Distance,HTEEMPDN,-9=Not ascertained,124,1758464.6185348
Long Distance,HTEEMPDN,01=0-49,2430,40800143.6499469
Long Distance,HTEEMPDN,02=50-99,997,16936694.6453998
Long Distance,HTEEMPDN,03=100-249,1554,24587235.0015758
Long Distance,HTEEMPDN,04=250-499,1663,29757844.2876795
Long Distance,HTEEMPDN,05=500-999,1983,33471165.2345246
Long Distance,HTEEMPDN,"06=1,000-1,999",3406,63171901.1117157
Long Distance,HTEEMPDN,"07=2,000-3,999",3101,59613705.9811977
Long Distance,HTEEMPDN,"08=4,000-999,999",1739,35463770.4694866
Long Distance,HTHTNRNT,01=0-4%,588,10318758.6306894
Long Distance,HTHTNRNT,05=5-14%,4099,63886710.6566506
Long Distance,HTHTNRNT,20=15-24%,4149,70630396.4995192
Long Distance,HTHTNRNT,30=25-34%,2858,50624637.2705808
Long Distance,HTHTNRNT,40=35-44%,2030,37973767.4883406
Long Distance,HTHTNRNT,50=45-54%,1446,31253896.0006773
Long Distance,HTHTNRNT,60=55-64%,882,19919944.9020339
Long Distance,HTHTNRNT,70=65-74%,520,11566733.6952709
Long Distance,HTHTNRNT,80=75-84%,316,6607986.03280062
Long Distance,HTHTNRNT,90=85-94%,99,2520827.2534112
Long Distance,HTHTNRNT,95=95-100%,10,257266.5700866
Long Distance,HTPPOPDN,-9=Not ascertained,63,1046653.52061676
Long Distance,HTPPOPDN,01=0-99,2282,37939835.1716806
Long Distance,HTPPOPDN,02=100-499,2623,43030198.482303
Long Distance,HTPPOPDN,03=500-999,1439,25260026.1272856
Long Distance,HTPPOPDN,"04=1,000-1,999",2289,39062193.3894332
Long Distance,HTPPOPDN,"05=2,000-3,999",3511,62831146.8119281
Long Distance,HTPPOPDN,"06=4,000-9,999",3540,69505656.0484841
Long Distance,HTPPOPDN,"07=10,000-24,999",828,17316527.6813936
Long Distance,HTPPOPDN,"08=25,000-999,999",422,9568687.76693612
Long Distance,HTRESDN,-9=Not ascertained,129,3034682.7103797
Long Distance,HTRESDN,01=0-99,3639,59544561.3294512
Long Distance,HTRESDN,02=100-499,3447,60169788.5388121
Long Distance,HTRESDN,03=500-999,2136,34551670.8556287
Long Distance,HTRESDN,"04=1,000-1,999",3600,66477023.8427712
Long Distance,HTRESDN,"05=2,000-3,999",2674,54338713.3928112
Long Distance,HTRESDN,"06=4,000-9,999",855,16631325.8347566
Long Distance,HTRESDN,"07=10,000-24,999",330,6238772.30569895
Long Distance,HTRESDN,"08=25,000-999,999",187,4574386.18975136
Long Distance,INT_FLAG,-1=valid skip,3065,64648973.8598911
Long Distance,INT_FLAG,-9=not ascertained,255,4461282.7691156
Long Distance,INT_FLAG,01=Inside the US,13138,226588177.181941
Long Distance,INT_FLAG,02=Outside the US,539,9862491.18911276
Long Distance,LDT_FLAG,-9=Not Ascertained,199,3563433.2608108
Long Distance,LDT_FLAG,01=Long distance info derived from travel day,370,7230403.4289189
Long Distance,LDT_FLAG,02=Long distance info asked of respondents,13363,230118114.45044
Long Distance,LDT_FLAG,03=More than 5 years since last long distance trip,1745,37056989.7373006
Long Distance,LDT_FLAG,04=Never taken a trip longer than 50 miles,1320,27591984.1225906
Long Distance,LD_AMT,Responses=0-35,16997,305560925.000061
Long Distance,LD_ICB,Responses=0-100,16997,305560925.000061
Long Distance,LD_NUMONTRP,-9=Not ascertained,239,4226310.475514
Long Distance,LD_NUMONTRP,-1=Appropriate skip,3065,64648973.8598911
Long Distance,LD_NUMONTRP,Responses=1-99,13693,236685640.664655
Long Distance,LIF_CYC,"01=one adult, no children",1281,23077500.5717126
Long Distance,LIF_CYC,"02=2+ adults, no children",3258,54787802.935083
Long Distance,LIF_CYC,"03=one adult, youngest child 0-5",137,4250317.13983555
Long Distance,LIF_CYC,"04=2+ adults, youngest child 0-5",2010,47014063.1303666
Long Distance,LIF_CYC,"05=one adult, youngest child 6-15",502,10271698.4263693
Long Distance,LIF_CYC,"06=2+ adults, youngest child 6-15",3167,70473398.7965337
Long Distance,LIF_CYC,"07=one adult, youngest child 16-21",199,3722612.39067149
Long Distance,LIF_CYC,"08=2+ adults, youngest child 16-21",906,21701999.4321244
Long Distance,LIF_CYC,"09=one adult, retired, no children",990,13020590.4544152
Long Distance,LIF_CYC,"10=2+ adults, retired, no children",4547,57240941.7229493
Long Distance,LONGDIST,Responses=0-207,16997,305560925.000061
Long Distance,MAINMODE,-1=Valid skip,3065,64648973.8598911
Long Distance,MAINMODE,-9=Not ascertained,259,4447263.9105944
Long Distance,MAINMODE,01=Car,5995,108871742.337035
Long Distance,MAINMODE,02=Van,849,14292126.5859438
Long Distance,MAINMODE,03=SUV/Crossover,3363,55392672.4567971
Long Distance,MAINMODE,04=Pickup truck,1316,21438849.8291568
Long Distance,MAINMODE,06=Recreational Vehicle,72,999231.1751416
Long Distance,MAINMODE,07=Motorcycle,26,403905.6231713
Long Distance,MAINMODE,08=Public or commuter bus,38,1354133.1397172
Long Distance,MAINMODE,09=School bus,28,353515.6240754
Long Distance,MAINMODE,11=Subway or elevated rail,12,153824.454541
Long Distance,MAINMODE,12=Commuter rail,44,693404.7684027
Long Distance,MAINMODE,13=Amtrak,56,627606.2736677
Long Distance,MAINMODE,14=Airplane,1713,28577181.2608506
Long Distance,MAINMODE,15=Taxicab or limo service,5,55242.2345102
Long Distance,MAINMODE,16=Other ride-sharing service,20,535931.1042921
Long Distance,MAINMODE,17=Paratransit/ Dial a ride,4,54917.6987045
Long Distance,MAINMODE,"18=Bicycle (including bikeshare, ebike, etc.)",3,48717.0700094
Long Distance,MAINMODE,20=Walked,10,326219.3119931
Long Distance,MAINMODE,21=Other (specify),51,1008524.5251616
Long Distance,MAINMODE,22=Ferryboat,5,52428.3588035
Long Distance,MAINMODE,23=Charter/tour buses,30,554612.7668439
Long Distance,MAINMODE,24=Inter-city bus service,33,669900.63075718
Long Distance,MRT_DATE,-1=Appropriate skip,3065,64648973.8598911
Long Distance,MRT_DATE,-9=Not ascertained,6816,119894906.75583
Long Distance,MRT_DATE,Responses=202112-202301,7116,121017044.384341
Long Distance,MSACAT,"01=MSA of 1 million or more, with rail",3708,72883077.2777576
Long Distance,MSACAT,"02=MSA of 1 million or more, without rail",5348,94166530.4245327
Long Distance,MSACAT,03=MSA less than 1 million,7019,123936833.186853
Long Distance,MSACAT,04=Not in MSA,922,14574484.110918
Long Distance,MSASIZE,"01=In an MSA of Less than 250,000",3154,53109001.0004719
Long Distance,MSASIZE,"02=In an MSA of 250,000 - 499,999",1647,29786993.4948957
Long Distance,MSASIZE,"03=In an MSA of 500,000 - 999,999",2218,41040838.6914856
Long Distance,MSASIZE,"04=In an MSA or CMSA of 1,000,000 - 2,999,999",3864,68477466.5909874
Long Distance,MSASIZE,05=In an MSA or CMSA of 3 million or more,5192,98572141.1113026
Long Distance,MSASIZE,06=Not in MSA or CMSA,922,14574484.110918
Long Distance,NTSAWAY,-9=Not ascertained,7063,124482527.114573
Long Distance,NTSAWAY,-1=Appropriate skip,3065,64648973.8598911
Long Distance,NTSAWAY,0,3223,56313279.094887
Long Distance,NTSAWAY,1,841,14045042.0892435
Long Distance,NTSAWAY,2,872,14630789.3501143
Long Distance,NTSAWAY,3,567,9230264.37937399
Long Distance,NTSAWAY,4,365,6007284.14544428
Long Distance,NTSAWAY,5,199,2759241.22015503
Long Distance,NTSAWAY,6,135,2138504.86387918
Long Distance,NTSAWAY,7,197,3371241.2068841
Long Distance,NTSAWAY,8,103,1262474.90970953
Long Distance,NTSAWAY,9,82,1733362.9565028
Long Distance,NTSAWAY,10,61,911510.5990903
Long Distance,NTSAWAY,11,40,738337.87895204
Long Distance,NTSAWAY,12,25,354735.425115
Long Distance,NTSAWAY,13,14,171244.90333559999
Long Distance,NTSAWAY,14,23,641200.72443883
Long Distance,NTSAWAY,15,16,220865.39138185
Long Distance,NTSAWAY,16,12,64568.9440077
Long Distance,NTSAWAY,17,7,62607.5140155
Long Distance,NTSAWAY,18,5,70165.633815
Long Distance,NTSAWAY,19,5,88505.8346145
Long Distance,NTSAWAY,20,6,134876.2899958
Long Distance,NTSAWAY,21,12,442541.2274878
Long Distance,NTSAWAY,22,8,372304.5856845
Long Distance,NTSAWAY,23,5,26981.7102731
Long Distance,NTSAWAY,24,7,168431.3297309
Long Distance,NTSAWAY,25,1,21047.973769
Long Distance,NTSAWAY,26,7,75381.5675566
Long Distance,NTSAWAY,27,6,69953.0341915
Long Distance,NTSAWAY,28,8,72474.2186318
Long Distance,NTSAWAY,29,8,109171.2819001
Long Distance,NTSAWAY,30,5,101248.8641947
Long Distance,NTSAWAY,31,4,19784.8772209
Long Distance,NUMADLT,1,2918,50335502.3144108
Long Distance,NUMADLT,2,10526,171330353.705551
Long Distance,NUMADLT,3,2358,53315088.3248728
Long Distance,NUMADLT,4,895,22562579.3524798
Long Distance,NUMADLT,5,196,5186376.3861906
Long Distance,NUMADLT,6,56,2160736.9987378
Long Distance,NUMADLT,7,40,622999.4290687
Long Distance,NUMADLT,8,8,47288.4887499
Long Distance,ONTP_P1,-1=Valid skip,3065,64648973.8598911
Long Distance,ONTP_P1,-9=Not ascertained,735,14498249.5511568
Long Distance,ONTP_P1,01=On trip,11779,200222219.467886
Long Distance,ONTP_P1,02=Not on trip,1418,26191482.1211266
Long Distance,ONTP_P10,-1=Valid skip,3620,75254533.4024776
Long Distance,ONTP_P10,-9=Not ascertained,13369,230243197.161451
Long Distance,ONTP_P10,02=Not on trip,8,63194.4361321
Long Distance,ONTP_P2,-1=Valid skip,3210,67312383.3841943
Long Distance,ONTP_P2,-9=Not ascertained,2709,46737522.1695323
Long Distance,ONTP_P2,01=On trip,9111,151657032.227944
Long Distance,ONTP_P2,02=Not on trip,1967,39853987.2183906
Long Distance,ONTP_P3,-1=Valid skip,3418,69996393.148457
Long Distance,ONTP_P3,-9=Not ascertained,7761,109700237.787923
Long Distance,ONTP_P3,01=On trip,3967,84538977.1471221
Long Distance,ONTP_P3,02=Not on trip,1851,41325316.9165587
Long Distance,ONTP_P4,-1=Valid skip,3507,72002571.3490185
Long Distance,ONTP_P4,-9=Not ascertained,9626,147249176.793431
Long Distance,ONTP_P4,01=On trip,2776,60932689.5082952
Long Distance,ONTP_P4,02=Not on trip,1088,25376487.3493166
Long Distance,ONTP_P5,-1=Valid skip,3573,73712412.1611749
Long Distance,ONTP_P5,-9=Not ascertained,11685,189997307.902752
Long Distance,ONTP_P5,01=On trip,1265,28837365.5816137
Long Distance,ONTP_P5,02=Not on trip,474,13013839.3545205
Long Distance,ONTP_P6,-1=Valid skip,3610,74941587.3568848
Long Distance,ONTP_P6,-9=Not ascertained,12723,214632101.28639
Long Distance,ONTP_P6,01=On trip,422,9316861.55798903
Long Distance,ONTP_P6,02=Not on trip,242,6670374.7987979
Long Distance,ONTP_P7,-1=Valid skip,3618,75192256.8853257
Long Distance,ONTP_P7,-9=Not ascertained,13137,222843916.071052
Long Distance,ONTP_P7,01=On trip,127,3950347.3301588
Long Distance,ONTP_P7,02=Not on trip,115,3574404.7135244
Long Distance,ONTP_P8,-1=Valid skip,3620,75254533.4024776
Long Distance,ONTP_P8,-9=Not ascertained,13261,226682182.130435
Long Distance,ONTP_P8,01=On trip,69,1672480.8107617
Long Distance,ONTP_P8,02=Not on trip,47,1951728.6563866
Long Distance,ONTP_P9,-1=Valid skip,3620,75254533.4024776
Long Distance,ONTP_P9,-9=Not ascertained,13332,229435516.36007
Long Distance,ONTP_P9,01=On trip,22,413062.3480257
Long Distance,ONTP_P9,02=Not on trip,23,457812.8894869
Long Distance,PERSONID,01,7852,137629125.173316
Long Distance,PERSONID,02,5554,87542459.5951971
Long Distance,PERSONID,03,1986,44286567.7583203
Long Distance,PERSONID,04,1041,22966179.3048486
Long Distance,PERSONID,05,384,9199927.24768432
Long Distance,PERSONID,06,120,2498081.19797937
Long Distance,PERSONID,07,44,1141112.9551096
Long Distance,PERSONID,08,12,259117.6074
Long Distance,PERSONID,09,3,26480.0495296
Long Distance,PERSONID,10,1,11874.110677
Long Distance,PROXY,01=Self,11568,203513392.281939
Long Distance,PROXY,02=Someone else,5429,102047532.718123
Long Distance,RAIL,01=Yes,3845,75551007.6004449
Long Distance,RAIL,02=No,13152,230009917.399616
Long Distance,R_AGE,Responses=5-92,16997,305560925.000061
Long Distance,R_HISP,01=Hispanic,1722,56715891.263312
Long Distance,R_HISP,02=Not Hispanic,15275,248845033.736749
Long Distance,R_RACE,-9=Not ascertained,2,23871.2100824
Long Distance,R_RACE,01=White,14053,218057853.779033
Long Distance,R_RACE,02=Black or African American,1282,37907512.2723381
Long Distance,R_RACE,03=Asian,935,17369165.3789778
Long Distance,R_RACE,04=American Indian/Alaska Native,124,3564969.466328
Long Distance,R_RACE,05=Native Hawaiian/Pacific Islander,67,1382010.75880959
Long Distance,R_RACE,06=Multiple races selected,70,12995066.0100723
Long Distance,R_RACE,97=Other race,464,14260476.1244195
Long Distance,R_SEX,-7=Refuse,228,4179855.30966133
Long Distance,R_SEX,-8=Don't know,8,232338.3893851
Long Distance,R_SEX,-9=Not ascertained,1,12070.276926
Long Distance,R_SEX,01=Male,8154,148289961.587196
Long Distance,R_SEX,02=Female,8606,152846699.436893
Long Distance,R_SEX_IMP,01=Male,8250,150091842.331825
Long Distance,R_SEX_IMP,02=Female,8747,155469082.668236
Long Distance,STRATUMID,Responses=1021-1040,16997,305560925.000061
Long Distance,TDAYDATE,202201,441,7909178.6580463
Long Distance,TDAYDATE,202202,1717,23440225.7200965
Long Distance,TDAYDATE,202203,1508,25951890.2381285
Long Distance,TDAYDATE,202204,1472,25114686.7183576
Long Distance,TDAYDATE,202205,1218,25951623.7265512
Long Distance,TDAYDATE,202206,780,25114668.3173238
Long Distance,TDAYDATE,202207,998,25951601.1178757
Long Distance,TDAYDATE,202208,1028,25951582.8739187
Long Distance,TDAYDATE,202209,937,25114654.9350163
Long Distance,TDAYDATE,202210,1369,25951554.5951956
Long Distance,TDAYDATE,202211,2566,25114377.9681805
Long Distance,TDAYDATE,202212,2126,25951892.3693706
Long Distance,TDAYDATE,202301,837,18042987.7619998
Long Distance,TRAVDAY,01=Sunday,3032,43651555.2734937
Long Distance,TRAVDAY,02=Monday,3199,43651501.5901854
Long Distance,TRAVDAY,03=Tuesday,2311,43651578.3309666
Long Distance,TRAVDAY,04=Wednesday,2111,43651549.8958959
Long Distance,TRAVDAY,05=Thursday,2287,43651659.2466583
Long Distance,TRAVDAY,06=Friday,2278,43651588.602261
Long Distance,TRAVDAY,07=Saturday,1779,43651492.0606001
Long Distance,URBAN,01=In an urban area,11945,220756776.181429
Long Distance,URBAN,02=In an Urban cluster,1494,26082431.9468894
Long Distance,URBAN,03=In an area surrounded by urban areas,2,17645.0261647
Long Distance,URBAN,04=Not in urban area,3556,58704071.8455776
Long Distance,URBANSIZE,"01=50,000-199,999",1665,29792063.2667154
Long Distance,URBANSIZE,"02=200,000-499,999",1854,33753568.3859555
Long Distance,URBANSIZE,"03=500,000-999,999",1654,30533415.4865352
Long Distance,URBANSIZE,"04=1,000,000 or more with heavy rail",3117,62864817.8209922
Long Distance,URBANSIZE,"05=1,000,000 or more without heavy rail",3655,63812911.2212308
Long Distance,URBANSIZE,06=Not in urbanized area,5052,84804148.8186319
Long Distance,URBRUR,01=Urban,13439,246839208.128318
Long Distance,URBRUR,02=Rural,3558,58721716.8717423
Long Distance,WEEKEND,-1=Valid Skip,3065,64648973.8598911
Long Distance,WEEKEND,-9=Not Ascertained,7063,124482527.114573
Long Distance,WEEKEND,01=Short weekend (2 or 3 days and includes a FRI and/or SAT) and return date not FRI,1184,19398138.8927678
Long Distance,WEEKEND,02=Long weekend (4 to 6 days and includes a FRI and/or SAT) and return date not FRI,899,13861582.8456646
Long Distance,WEEKEND,03=Not weekend trip (all other trips),4786,83169702.2871646
Long Distance,WORKER,-1=Valid skip,2193,46150762.6605722
Long Distance,WORKER,01=Worker,7783,158009510.32546
Long Distance,WORKER,02=Not worker,7021,101400652.014029
Long Distance,WRKCOUNT,0,4769,65254658.8411027
Long Distance,WRKCOUNT,1,5421,96952160.2951807
Long Distance,WRKCOUNT,2,5509,108241205.428207
Long Distance,WRKCOUNT,3,1044,27188781.7487452
Long Distance,WRKCOUNT,4,188,5593976.58578212
Long Distance,WRKCOUNT,5,47,1960413.8829502
Long Distance,WRKCOUNT,6,19,369728.2180928
Long Distance,WTPERFIN,Responses=30.877179031-781699.97227,16997,305560925.000061
Long Distance,WTPERFIN2D,Responses=0-473081.72428,16997,305560925.000061
Long Distance,WTPERFIN5D,Responses=0-972351.28194,16997,305560925.000061
