section,feature_group,subgroup,key,value,elements,comment,source
Primary features [ edit | edit source ],Aerialway,,aerialway,cable_car,,(taglist; descriptions load from Taginfo in the wiki page),taglist
Primary features [ edit | edit source ],Aerialway,,aerialway,gondola,,(taglist; descriptions load from Taginfo in the wiki page),taglist
Primary features [ edit | edit source ],Aerialway,,aerialway,mixed_lift,,(taglist; descriptions load from Taginfo in the wiki page),taglist
Primary features [ edit | edit source ],Aerialway,,aerialway,chair_lift,,(taglist; descriptions load from Taginfo in the wiki page),taglist
Primary features [ edit | edit source ],Aerialway,,aerialway,drag_lift,,(taglist; descriptions load from Taginfo in the wiki page),taglist
Primary features [ edit | edit source ],Aerialway,,aerialway,t-bar,,(taglist; descriptions load from Taginfo in the wiki page),taglist
Primary features [ edit | edit source ],Aerialway,,aerialway,j-bar,,(taglist; descriptions load from Taginfo in the wiki page),taglist
Primary features [ edit | edit source ],Aerialway,,aerialway,platter,,(taglist; descriptions load from Taginfo in the wiki page),taglist
Primary features [ edit | edit source ],Aerialway,,aerialway,rope_tow,,(taglist; descriptions load from Taginfo in the wiki page),taglist
Primary features [ edit | edit source ],Aerialway,,aerialway,magic_carpet,,(taglist; descriptions load from Taginfo in the wiki page),taglist
Primary features [ edit | edit source ],Aerialway,,aerialway,zip_line,,(taglist; descriptions load from Taginfo in the wiki page),taglist
Primary features [ edit | edit source ],Aerialway,,aerialway,goods,,(taglist; descriptions load from Taginfo in the wiki page),taglist
Primary features [ edit | edit source ],Aerialway,,aerialway,pylon,,(taglist; descriptions load from Taginfo in the wiki page),taglist
Primary features [ edit | edit source ],Aerialway,,aerialway,station,,(taglist; descriptions load from Taginfo in the wiki page),taglist
Primary features [ edit | edit source ],Aeroway,,aeroway,aerodrome,,(taglist; descriptions load from Taginfo in the wiki page),taglist
Primary features [ edit | edit source ],Aeroway,,aeroway,aircraft_crossing,,(taglist; descriptions load from Taginfo in the wiki page),taglist
Primary features [ edit | edit source ],Aeroway,,aeroway,apron,,(taglist; descriptions load from Taginfo in the wiki page),taglist
Primary features [ edit | edit source ],Aeroway,,aeroway,gate,,(taglist; descriptions load from Taginfo in the wiki page),taglist
Primary features [ edit | edit source ],Aeroway,,aeroway,hangar,,(taglist; descriptions load from Taginfo in the wiki page),taglist
Primary features [ edit | edit source ],Aeroway,,aeroway,helipad,,(taglist; descriptions load from Taginfo in the wiki page),taglist
Primary features [ edit | edit source ],Aeroway,,aeroway,heliport,,(taglist; descriptions load from Taginfo in the wiki page),taglist
Primary features [ edit | edit source ],Aeroway,,aeroway,navigationaid,,(taglist; descriptions load from Taginfo in the wiki page),taglist
Primary features [ edit | edit source ],Aeroway,,aeroway,runway,,(taglist; descriptions load from Taginfo in the wiki page),taglist
Primary features [ edit | edit source ],Aeroway,,aeroway,spaceport,,(taglist; descriptions load from Taginfo in the wiki page),taglist
Primary features [ edit | edit source ],Aeroway,,aeroway,taxiway,,(taglist; descriptions load from Taginfo in the wiki page),taglist
Primary features [ edit | edit source ],Aeroway,,aeroway,terminal,,(taglist; descriptions load from Taginfo in the wiki page),taglist
Primary features [ edit | edit source ],Aeroway,,aeroway,windsock,,(taglist; descriptions load from Taginfo in the wiki page),taglist
Primary features [ edit | edit source ],Amenity,Sustenance [ edit source ],amenity,bar,node area,"Bar is a purpose-built commercial establishment that sells alcoholic drinks to be consumed on the premises. They are characterised by a noisy and vibrant atmosphere, similar to a party and usually don't sell food. See also the description of the tags amenity = pub ; bar ; restaurant for a distinction between these.",wikitable
Primary features [ edit | edit source ],Amenity,Sustenance [ edit source ],amenity,biergarten,node area,"Biergarten or beer garden is an open-air area where alcoholic beverages along with food is prepared and served. See also the description of the tags amenity = pub ; bar ; restaurant . A biergarten can commonly be found attached to a beer hall, pub, bar, or restaurant. In this case, you can use biergarten = yes additional to amenity = pub ; bar ; restaurant .",wikitable
Primary features [ edit | edit source ],Amenity,Sustenance [ edit source ],amenity,cafe,node area,"Cafe is generally an informal place that offers casual meals and beverages; typically, the focus is on coffee or tea. Also known as a coffeehouse/shop , bistro or sidewalk cafe . The kind of food served may be mapped with the tags cuisine =* and diet:* =* . See also the tags amenity = restaurant ; bar ; fast_food .",wikitable
Primary features [ edit | edit source ],Amenity,Sustenance [ edit source ],amenity,fast_food,node area,Fast food restaurant (see also amenity = restaurant ). The kind of food served can be tagged with cuisine =* and diet:* =* .,wikitable
Primary features [ edit | edit source ],Amenity,Sustenance [ edit source ],amenity,food_court,node area,"An area with several different restaurant food counters and a shared eating area. Commonly found in malls, airports, etc.",wikitable
Primary features [ edit | edit source ],Amenity,Sustenance [ edit source ],amenity,ice_cream,node area,Ice cream shop or ice cream parlour. A place that sells ice cream and frozen yoghurt over the counter,wikitable
Primary features [ edit | edit source ],Amenity,Sustenance [ edit source ],amenity,pub,node area,A place selling beer and other alcoholic drinks; may also provide food or accommodation (UK). See description of amenity = bar and amenity = pub for distinction between bar and pub,wikitable
Primary features [ edit | edit source ],Amenity,Sustenance [ edit source ],amenity,restaurant,node area,"Restaurant (not fast food, see amenity = fast_food ). The kind of food served can be tagged with cuisine =* and diet:* =* .",wikitable
Primary features [ edit | edit source ],Amenity,Education [ edit source ],amenity,college,node area,Campus or buildings of an institute of Further Education (aka continuing education),wikitable
Primary features [ edit | edit source ],Amenity,Education [ edit source ],amenity,dancing_school,node area,A dancing school or dance studio,wikitable
Primary features [ edit | edit source ],Amenity,Education [ edit source ],amenity,driving_school,node area,Driving School which offers motor vehicle driving lessons,wikitable
Primary features [ edit | edit source ],Amenity,Education [ edit source ],amenity,first_aid_school,node area,A place where people can go for first aid courses.,wikitable
Primary features [ edit | edit source ],Amenity,Education [ edit source ],amenity,kindergarten,node area,"For children too young for a regular school (also known as preschool, playschool or nursery school), in some countries including afternoon supervision of primary school children.",wikitable
Primary features [ edit | edit source ],Amenity,Education [ edit source ],amenity,language_school,node area,Language School: an educational institution where one studies a foreign language.,wikitable
Primary features [ edit | edit source ],Amenity,Education [ edit source ],amenity,library,node area,"A public library (municipal, university, …) to borrow books from.",wikitable
Primary features [ edit | edit source ],Amenity,Education [ edit source ],amenity,surf_school,node area,A surf school is an establishment that teaches surfing.,wikitable
Primary features [ edit | edit source ],Amenity,Education [ edit source ],amenity,toy_library,node area,"A place to borrow games and toys, or play with them on site.",wikitable
Primary features [ edit | edit source ],Amenity,Education [ edit source ],amenity,research_institute,node area,An establishment endowed for doing research.,wikitable
Primary features [ edit | edit source ],Amenity,Education [ edit source ],amenity,training,node area,Public place where you can get training.,wikitable
Primary features [ edit | edit source ],Amenity,Education [ edit source ],amenity,music_school,node area,"A music school, an educational institution specialized in the study, training, and research of music.",wikitable
Primary features [ edit | edit source ],Amenity,Education [ edit source ],amenity,school,node area,"School and grounds - primary, middle and secondary schools",wikitable
Primary features [ edit | edit source ],Amenity,Education [ edit source ],amenity,traffic_park,node area,Juvenile traffic schools,wikitable
Primary features [ edit | edit source ],Amenity,Education [ edit source ],amenity,university,node area,A university campus: an institute of higher education,wikitable
Primary features [ edit | edit source ],Amenity,Transportation [ edit source ],amenity,bicycle_parking,node area,Parking for bicycles,wikitable
Primary features [ edit | edit source ],Amenity,Transportation [ edit source ],amenity,bicycle_repair_station,node area,"General tools for self-service bicycle repairs, usually on the roadside; no service...",wikitable
Primary features [ edit | edit source ],Amenity,Transportation [ edit source ],amenity,bicycle_rental,node area,Rent a bicycle,wikitable
Primary features [ edit | edit source ],Amenity,Transportation [ edit source ],amenity,bicycle_wash,node area,Clean a bicycle,wikitable
Primary features [ edit | edit source ],Amenity,Transportation [ edit source ],amenity,boat_rental,node area,Rent a Boat,wikitable
Primary features [ edit | edit source ],Amenity,Transportation [ edit source ],amenity,boat_storage,node area,A place to store boats out of the water.,wikitable
Primary features [ edit | edit source ],Amenity,Transportation [ edit source ],amenity,boat_sharing,node area,Share a Boat,wikitable
Primary features [ edit | edit source ],Amenity,Transportation [ edit source ],amenity,bus_station,node area,May also be tagged as public_transport = station .,wikitable
Primary features [ edit | edit source ],Amenity,Transportation [ edit source ],amenity,car_rental,node area,Rent a car,wikitable
Primary features [ edit | edit source ],Amenity,Transportation [ edit source ],amenity,car_sharing,node area,Share a car,wikitable
Primary features [ edit | edit source ],Amenity,Transportation [ edit source ],amenity,car_wash,node area,Wash a car,wikitable
Primary features [ edit | edit source ],Amenity,Transportation [ edit source ],amenity,compressed_air,node area,"A device to inflate tires/tyres (e.g. motorcar, bicycle)",wikitable
Primary features [ edit | edit source ],Amenity,Transportation [ edit source ],amenity,vehicle_inspection,node area,Government vehicle inspection,wikitable
Primary features [ edit | edit source ],Amenity,Transportation [ edit source ],amenity,charging_station,node,Charging facility for electric vehicles,wikitable
Primary features [ edit | edit source ],Amenity,Transportation [ edit source ],amenity,driver_training,node area,A place for driving training on a closed course,wikitable
Primary features [ edit | edit source ],Amenity,Transportation [ edit source ],amenity,ferry_terminal,node area,Ferry terminal/stop. A place where people/cars/etc. can board and leave a ferry.,wikitable
Primary features [ edit | edit source ],Amenity,Transportation [ edit source ],amenity,fuel,node area,Petrol station; gas station; marine fuel; … Streets to petrol stations are often tagged highway = service .,wikitable
Primary features [ edit | edit source ],Amenity,Transportation [ edit source ],amenity,grit_bin,node,A container that holds grit or a mixture of salt and grit.,wikitable
Primary features [ edit | edit source ],Amenity,Transportation [ edit source ],amenity,motorcycle_parking,node area,Parking for motorcycles,wikitable
Primary features [ edit | edit source ],Amenity,Transportation [ edit source ],amenity,parking,node area,Parking area for vehicles. Streets on car parking are often tagged highway = service and service = parking_aisle .,wikitable
Primary features [ edit | edit source ],Amenity,Transportation [ edit source ],amenity,parking_entrance,node,An entrance or exit to an underground or multi-storey parking facility. Group multiple parking entrances together with a relation using the tags type = site and site = parking,wikitable
Primary features [ edit | edit source ],Amenity,Transportation [ edit source ],amenity,parking_space,node area,A single parking space within a car park. Parking spaces should be mapped within an amenity = parking area. Group multiple parking spaces together with a relation using the tags type = site and site = parking,wikitable
Primary features [ edit | edit source ],Amenity,Transportation [ edit source ],amenity,taxi,node area,A place where taxis wait for passengers.,wikitable
Primary features [ edit | edit source ],Amenity,Transportation [ edit source ],amenity,weighbridge,node area,A large weight scale to weigh vehicles and goods,wikitable
Primary features [ edit | edit source ],Amenity,Financial [ edit source ],amenity,atm,node,Automated teller machine (ATM) or cashpoint: a device that provides the clients of a financial institution with access to financial transactions.,wikitable
Primary features [ edit | edit source ],Amenity,Financial [ edit source ],amenity,payment_terminal,node,Self-service payment kiosk/terminal,wikitable
Primary features [ edit | edit source ],Amenity,Financial [ edit source ],amenity,bank,node area,"Bank or credit union: a financial establishment where customers can deposit and withdraw money, take loans, make investments and transfer funds.",wikitable
Primary features [ edit | edit source ],Amenity,Financial [ edit source ],amenity,bureau_de_change,node area,"Bureau de change, money changer, currency exchange, Wechsel, cambio – a place to change foreign bank notes and travellers cheques.",wikitable
Primary features [ edit | edit source ],Amenity,Financial [ edit source ],amenity,money_transfer,node area,"A place that offers money transfers, especially cash to cash",wikitable
Primary features [ edit | edit source ],Amenity,Financial [ edit source ],amenity,payment_centre,node area,"A non-bank place, where people can pay bills of public and private services and taxes.",wikitable
Primary features [ edit | edit source ],Amenity,Healthcare [ edit source ],amenity,baby_hatch,node area,"A place where a baby can be, out of necessity, anonymously left to be safely cared for and perhaps adopted.",wikitable
Primary features [ edit | edit source ],Amenity,Healthcare [ edit source ],amenity,clinic,node area,A medium-sized medical facility or health centre.,wikitable
Primary features [ edit | edit source ],Amenity,Healthcare [ edit source ],amenity,dentist,node area,A dentist practice / surgery.,wikitable
Primary features [ edit | edit source ],Amenity,Healthcare [ edit source ],amenity,doctors,node area,A doctor's practice / surgery.,wikitable
Primary features [ edit | edit source ],Amenity,Healthcare [ edit source ],amenity,hospital,node area,A hospital providing in-patient medical treatment. Often used in conjunction with emergency =* to note whether the medical centre has emergency facilities (A&E (brit.) or ER (am.)),wikitable
Primary features [ edit | edit source ],Amenity,Healthcare [ edit source ],amenity,nursing_home,node area,Discouraged tag for a home for disabled or elderly persons who need permanent care. Use amenity = social_facility + social_facility = nursing_home now.,wikitable
Primary features [ edit | edit source ],Amenity,Healthcare [ edit source ],amenity,pharmacy,node area,Pharmacy: a shop where a pharmacist sells medications dispensing = yes/no - availability of prescription-only medications,wikitable
Primary features [ edit | edit source ],Amenity,Healthcare [ edit source ],amenity,social_facility,node area,"A facility that provides social services: group & nursing homes, workshops for the disabled, homeless shelters, etc.",wikitable
Primary features [ edit | edit source ],Amenity,Healthcare [ edit source ],amenity,veterinary,node area,"A place where a veterinary surgeon, also known as a veterinarian or vet, practices.",wikitable
Primary features [ edit | edit source ],Amenity,"Entertainment, Arts & Culture [ edit source ]",amenity,arts_centre,node area,A venue where a variety of arts are performed or conducted,wikitable
Primary features [ edit | edit source ],Amenity,"Entertainment, Arts & Culture [ edit source ]",amenity,brothel,node area,An establishment specifically dedicated to prostitution,wikitable
Primary features [ edit | edit source ],Amenity,"Entertainment, Arts & Culture [ edit source ]",amenity,casino,node area,"A gambling venue with at least one table game(e.g. roulette, blackjack) that takes bets on sporting and other events at agreed upon odds.",wikitable
Primary features [ edit | edit source ],Amenity,"Entertainment, Arts & Culture [ edit source ]",amenity,cinema,node area,A place where films are shown (US: movie theater),wikitable
Primary features [ edit | edit source ],Amenity,"Entertainment, Arts & Culture [ edit source ]",amenity,community_centre,node area,"A place mostly used for local events, festivities and group activities; including special interest and special age groups. .",wikitable
Primary features [ edit | edit source ],Amenity,"Entertainment, Arts & Culture [ edit source ]",amenity,conference_centre,node area,A large building that is used to hold a convention,wikitable
Primary features [ edit | edit source ],Amenity,"Entertainment, Arts & Culture [ edit source ]",amenity,events_venue,node area,A building specifically used for organising events,wikitable
Primary features [ edit | edit source ],Amenity,"Entertainment, Arts & Culture [ edit source ]",amenity,exhibition_centre,node area,An exhibition centre,wikitable
Primary features [ edit | edit source ],Amenity,"Entertainment, Arts & Culture [ edit source ]",amenity,fountain,node area,A fountain for cultural / decorational / recreational purposes.,wikitable
Primary features [ edit | edit source ],Amenity,"Entertainment, Arts & Culture [ edit source ]",amenity,gambling,node area,"A place for gambling, not being a shop = bookmaker , shop = lottery , amenity = casino , or leisure = adult_gaming_centre . Games that are covered by this definition include bingo and pachinko.",wikitable
Primary features [ edit | edit source ],Amenity,"Entertainment, Arts & Culture [ edit source ]",amenity,love_hotel,node area,A love hotel is a type of short-stay hotel operated primarily for the purpose of allowing guests privacy for sexual activities.,wikitable
Primary features [ edit | edit source ],Amenity,"Entertainment, Arts & Culture [ edit source ]",amenity,music_venue,node area,An indoor place to hear contemporary live music.,wikitable
Primary features [ edit | edit source ],Amenity,"Entertainment, Arts & Culture [ edit source ]",amenity,nightclub,node area,"A place to drink and dance (nightclub). The German word is ""Disco"" or ""Discothek"". Please don't confuse this with the German ""Nachtclub"" which is most likely amenity=stripclub .",wikitable
Primary features [ edit | edit source ],Amenity,"Entertainment, Arts & Culture [ edit source ]",amenity,planetarium,node area,A planetarium.,wikitable
Primary features [ edit | edit source ],Amenity,"Entertainment, Arts & Culture [ edit source ]",amenity,public_bookcase,node area,A street furniture containing books. Take one or leave one.,wikitable
Primary features [ edit | edit source ],Amenity,"Entertainment, Arts & Culture [ edit source ]",amenity,social_centre,node area,A place for free and not-for-profit activities.,wikitable
Primary features [ edit | edit source ],Amenity,"Entertainment, Arts & Culture [ edit source ]",amenity,stage,node area,A raised platform for performers.,wikitable
Primary features [ edit | edit source ],Amenity,"Entertainment, Arts & Culture [ edit source ]",amenity,stripclub,node,A place that offers striptease or lapdancing (for sexual services use amenity=brothel) .,wikitable
Primary features [ edit | edit source ],Amenity,"Entertainment, Arts & Culture [ edit source ]",amenity,studio,node area,TV radio or recording studio,wikitable
Primary features [ edit | edit source ],Amenity,"Entertainment, Arts & Culture [ edit source ]",amenity,swingerclub,node area,A club where people meet to have a party and group sex.,wikitable
Primary features [ edit | edit source ],Amenity,"Entertainment, Arts & Culture [ edit source ]",amenity,theatre,node area,"A theatre or opera house where live performances occur, such as plays, musicals and formal concerts. Use amenity = cinema for movie theaters.",wikitable
Primary features [ edit | edit source ],Amenity,Public Service [ edit source ],amenity,courthouse,node area,"A building home to a court of law, where justice is dispensed",wikitable
Primary features [ edit | edit source ],Amenity,Public Service [ edit source ],amenity,fire_station,node area,A station of a fire brigade,wikitable
Primary features [ edit | edit source ],Amenity,Public Service [ edit source ],amenity,police,node area,A police station where police officers patrol from and that is a first point of contact for civilians,wikitable
Primary features [ edit | edit source ],Amenity,Public Service [ edit source ],amenity,post_box,node,A box for the reception of mail. Alternative mail-carriers can be tagged via operator =*,wikitable
Primary features [ edit | edit source ],Amenity,Public Service [ edit source ],amenity,post_depot,node area,"Post depot or delivery office, where letters and parcels are collected and sorted prior to delivery.",wikitable
Primary features [ edit | edit source ],Amenity,Public Service [ edit source ],amenity,post_office,node area,Post office building with postal services,wikitable
Primary features [ edit | edit source ],Amenity,Public Service [ edit source ],amenity,prison,node area,A prison or jail where people are incarcerated before trial or after conviction,wikitable
Primary features [ edit | edit source ],Amenity,Public Service [ edit source ],amenity,ranger_station,node area,"National Park visitor headquarters: official park visitor facility with police, visitor information, permit services, etc",wikitable
Primary features [ edit | edit source ],Amenity,Public Service [ edit source ],amenity,townhall,node area,"Building where the administration of a village, town or city may be located, or just a community meeting place",wikitable
Primary features [ edit | edit source ],Amenity,Facilities [ edit source ],amenity,bbq,node,"BBQ or Barbecue is a permanently built grill for cooking food, which is most typically used outdoors by the public. For example these may be found in city parks or at beaches. Use the tag fuel =* to specify the source of heating, such as fuel = wood ; electric ; charcoal . For mapping nearby table and chairs, see also the tag tourism = picnic_site . For mapping campfires and firepits , instead use the tag leisure = firepit .",wikitable
Primary features [ edit | edit source ],Amenity,Facilities [ edit source ],amenity,bench,node way,A bench to sit down and relax a bit,wikitable
Primary features [ edit | edit source ],Amenity,Facilities [ edit source ],amenity,check_in,node way area,Place where passengers can get their boarding passes before travel (typically found in airports).,wikitable
Primary features [ edit | edit source ],Amenity,Facilities [ edit source ],amenity,dog_toilet,node area,Area designated for dogs to urinate and excrete.,wikitable
Primary features [ edit | edit source ],Amenity,Facilities [ edit source ],amenity,dressing_room,node area,Area designated for changing clothes.,wikitable
Primary features [ edit | edit source ],Amenity,Facilities [ edit source ],amenity,drinking_water,node,"Drinking water is a place where humans can obtain potable water for consumption. Typically, the water is used for only drinking. Also known as a drinking fountain or bubbler .",wikitable
Primary features [ edit | edit source ],Amenity,Facilities [ edit source ],amenity,give_box,node area,A small facility where people drop off and pick up various types of items in the sense of free sharing and reuse.,wikitable
Primary features [ edit | edit source ],Amenity,Facilities [ edit source ],amenity,lounge,node area,"A comfortable waiting area for customers, usually found in airports and other transportation hubs. Typically has extra amenities or sustenance.",wikitable
Primary features [ edit | edit source ],Amenity,Facilities [ edit source ],amenity,mailroom,node area,A mailroom for receiving packages or letters.,wikitable
Primary features [ edit | edit source ],Amenity,Facilities [ edit source ],amenity,parcel_locker,node area,Machine for picking up and sending parcels,wikitable
Primary features [ edit | edit source ],Amenity,Facilities [ edit source ],amenity,shelter,node area,A small shelter against bad weather conditions. To additionally describe the kind of shelter use shelter_type =* .,wikitable
Primary features [ edit | edit source ],Amenity,Facilities [ edit source ],amenity,shower,node area,Public shower.,wikitable
Primary features [ edit | edit source ],Amenity,Facilities [ edit source ],amenity,telephone,node,Public telephone,wikitable
Primary features [ edit | edit source ],Amenity,Facilities [ edit source ],amenity,toilets,node area,Public toilets (might require a fee),wikitable
Primary features [ edit | edit source ],Amenity,Facilities [ edit source ],amenity,water_point,node,Place where you can get large amounts of drinking water,wikitable
Primary features [ edit | edit source ],Amenity,Facilities [ edit source ],amenity,watering_place,node,Place where water is contained and animals can drink,wikitable
Primary features [ edit | edit source ],Amenity,Waste Management [ edit source ],amenity,sanitary_dump_station,node area,A place for depositing human waste from a toilet holding tank.,wikitable
Primary features [ edit | edit source ],Amenity,Waste Management [ edit source ],amenity,recycling,node area,"Recycling facilities (bottle banks, etc.). Combine with recycling_type = container for containers or recycling_type = centre for recycling centres.",wikitable
Primary features [ edit | edit source ],Amenity,Waste Management [ edit source ],amenity,waste_basket,node,A single small container for depositing garbage that is easily accessible for pedestrians.,wikitable
Primary features [ edit | edit source ],Amenity,Waste Management [ edit source ],amenity,waste_disposal,node,"A medium or large disposal bin, typically for bagged up household or industrial waste.",wikitable
Primary features [ edit | edit source ],Amenity,Waste Management [ edit source ],amenity,waste_transfer_station,node area,"A waste transfer station is a location that accepts, consolidates and transfers waste in bulk.",wikitable
Primary features [ edit | edit source ],Amenity,Others [ edit source ],amenity,animal_boarding,node area,"A facility where you, paying a fee, can bring your animal for a limited period of time (e.g. for holidays)",wikitable
Primary features [ edit | edit source ],Amenity,Others [ edit source ],amenity,animal_breeding,node area relation,"A facility where animals are bred, usually to sell them",wikitable
Primary features [ edit | edit source ],Amenity,Others [ edit source ],amenity,animal_shelter,node area,A shelter that recovers animals in trouble,wikitable
Primary features [ edit | edit source ],Amenity,Others [ edit source ],amenity,animal_training,node area,A facility used for non-competitive animal training,wikitable
Primary features [ edit | edit source ],Amenity,Others [ edit source ],amenity,baking_oven,node,"An oven used for baking bread and similar, for example inside a building = bakehouse .",wikitable
Primary features [ edit | edit source ],Amenity,Others [ edit source ],amenity,clock,node,A public visible clock,wikitable
Primary features [ edit | edit source ],Amenity,Others [ edit source ],amenity,crematorium,node area,A place where dead human bodies are burnt,wikitable
Primary features [ edit | edit source ],Amenity,Others [ edit source ],amenity,dive_centre,node area,A dive center is the base location where sports divers usually start scuba diving or make dive guided trips at new locations.,wikitable
Primary features [ edit | edit source ],Amenity,Others [ edit source ],amenity,funeral_hall,node area,"A place for holding a funeral ceremony, other than a place of worship.",wikitable
Primary features [ edit | edit source ],Amenity,Others [ edit source ],amenity,grave_yard,node area,"A (smaller) place of burial, often you'll find a church nearby. Large places should be landuse = cemetery instead.",wikitable
Primary features [ edit | edit source ],Amenity,Others [ edit source ],amenity,hunting_stand,node area,A hunting stand: an open or enclosed platform used by hunters to place themselves at an elevated height above the terrain,wikitable
Primary features [ edit | edit source ],Amenity,Others [ edit source ],amenity,internet_cafe,node area,A place whose principal role is providing internet services to the public.,wikitable
Primary features [ edit | edit source ],Amenity,Others [ edit source ],amenity,kitchen,node area,A public kitchen in a facility to use by everyone or customers,wikitable
Primary features [ edit | edit source ],Amenity,Others [ edit source ],amenity,kneipp_water_cure,node area,Outdoor foot bath facility. Usually this is a pool with cold water and handrail. Popular in German speaking countries.,wikitable
Primary features [ edit | edit source ],Amenity,Others [ edit source ],amenity,lounger,node,An object for people to lie down.,wikitable
Primary features [ edit | edit source ],Amenity,Others [ edit source ],amenity,marketplace,node area,A marketplace where goods and services are traded daily or weekly.,wikitable
Primary features [ edit | edit source ],Amenity,Others [ edit source ],amenity,monastery,node area,Monastery is the location of a monastery or a building in which monks and nuns live.,wikitable
Primary features [ edit | edit source ],Amenity,Others [ edit source ],amenity,mortuary,node area,"A morgue or funeral home, used for the storage of human corpses.",wikitable
Primary features [ edit | edit source ],Amenity,Others [ edit source ],amenity,photo_booth,node,A stand to create instant photos.,wikitable
Primary features [ edit | edit source ],Amenity,Others [ edit source ],amenity,place_of_mourning,node area,"A room or building where families and friends can come, before the funeral, and view the body of the person who has died.",wikitable
Primary features [ edit | edit source ],Amenity,Others [ edit source ],amenity,place_of_worship,node area,"A church, mosque, or temple, etc. Note that you also need religion =* , usually denomination =* and preferably name =* as well as amenity = place_of_worship . See the article for details.",wikitable
Primary features [ edit | edit source ],Amenity,Others [ edit source ],amenity,public_bath,node area,"A location where the public may bathe in common, etc. japanese onsen, turkish bath, hot spring",wikitable
Primary features [ edit | edit source ],Amenity,Others [ edit source ],amenity,public_building,node area,A generic public building. Don't use! See office = government .,wikitable
Primary features [ edit | edit source ],Amenity,Others [ edit source ],amenity,refugee_site,node area,A human settlement sheltering refugees or internally displaced persons,wikitable
Primary features [ edit | edit source ],Amenity,Others [ edit source ],amenity,vending_machine,node,"A machine selling goods – food, tickets, newspapers, etc. Add type of goods using vending =*",wikitable
Primary features [ edit | edit source ],Amenity,Others [ edit source ],amenity,hydrant,node,"Similar to a fire_hydrant =* , but for gardening and other municipal purposes other than fire extinction",wikitable
Primary features [ edit | edit source ],Amenity,Others [ edit source ],amenity,user defined,node area,All commonly used values according to Taginfo,wikitable
Primary features [ edit | edit source ],Barrier,Linear barriers [ edit source ],barrier,cable_barrier,,(taglist; descriptions load from Taginfo in the wiki page),taglist
Primary features [ edit | edit source ],Barrier,Linear barriers [ edit source ],barrier,city_wall,,(taglist; descriptions load from Taginfo in the wiki page),taglist
Primary features [ edit | edit source ],Barrier,Linear barriers [ edit source ],barrier,ditch,,(taglist; descriptions load from Taginfo in the wiki page),taglist
Primary features [ edit | edit source ],Barrier,Linear barriers [ edit source ],barrier,fence,,(taglist; descriptions load from Taginfo in the wiki page),taglist
Primary features [ edit | edit source ],Barrier,Linear barriers [ edit source ],barrier,guard_rail,,(taglist; descriptions load from Taginfo in the wiki page),taglist
Primary features [ edit | edit source ],Barrier,Linear barriers [ edit source ],barrier,handrail,,(taglist; descriptions load from Taginfo in the wiki page),taglist
Primary features [ edit | edit source ],Barrier,Linear barriers [ edit source ],barrier,hedge,,(taglist; descriptions load from Taginfo in the wiki page),taglist
Primary features [ edit | edit source ],Barrier,Linear barriers [ edit source ],barrier,kerb,,(taglist; descriptions load from Taginfo in the wiki page),taglist
Primary features [ edit | edit source ],Barrier,Linear barriers [ edit source ],barrier,retaining_wall,,(taglist; descriptions load from Taginfo in the wiki page),taglist
Primary features [ edit | edit source ],Barrier,Linear barriers [ edit source ],barrier,wall,,(taglist; descriptions load from Taginfo in the wiki page),taglist
Primary features [ edit | edit source ],Barrier,Access control on highways [ edit source ],barrier,block,,(taglist; descriptions load from Taginfo in the wiki page),taglist
Primary features [ edit | edit source ],Barrier,Access control on highways [ edit source ],barrier,bollard,,(taglist; descriptions load from Taginfo in the wiki page),taglist
Primary features [ edit | edit source ],Barrier,Access control on highways [ edit source ],barrier,border_control,,(taglist; descriptions load from Taginfo in the wiki page),taglist
Primary features [ edit | edit source ],Barrier,Access control on highways [ edit source ],barrier,bump_gate,,(taglist; descriptions load from Taginfo in the wiki page),taglist
Primary features [ edit | edit source ],Barrier,Access control on highways [ edit source ],barrier,bus_trap,,(taglist; descriptions load from Taginfo in the wiki page),taglist
Primary features [ edit | edit source ],Barrier,Access control on highways [ edit source ],barrier,cattle_grid,,(taglist; descriptions load from Taginfo in the wiki page),taglist
Primary features [ edit | edit source ],Barrier,Access control on highways [ edit source ],barrier,chain,,(taglist; descriptions load from Taginfo in the wiki page),taglist
Primary features [ edit | edit source ],Barrier,Access control on highways [ edit source ],barrier,cycle_barrier,,(taglist; descriptions load from Taginfo in the wiki page),taglist
Primary features [ edit | edit source ],Barrier,Access control on highways [ edit source ],barrier,debris,,(taglist; descriptions load from Taginfo in the wiki page),taglist
Primary features [ edit | edit source ],Barrier,Access control on highways [ edit source ],barrier,entrance,,(taglist; descriptions load from Taginfo in the wiki page),taglist
Primary features [ edit | edit source ],Barrier,Access control on highways [ edit source ],barrier,full-height_turnstile,,(taglist; descriptions load from Taginfo in the wiki page),taglist
Primary features [ edit | edit source ],Barrier,Access control on highways [ edit source ],barrier,gate,,(taglist; descriptions load from Taginfo in the wiki page),taglist
Primary features [ edit | edit source ],Barrier,Access control on highways [ edit source ],barrier,hampshire_gate,,(taglist; descriptions load from Taginfo in the wiki page),taglist
Primary features [ edit | edit source ],Barrier,Access control on highways [ edit source ],barrier,height_restrictor,,(taglist; descriptions load from Taginfo in the wiki page),taglist
Primary features [ edit | edit source ],Barrier,Access control on highways [ edit source ],barrier,horse_stile,,(taglist; descriptions load from Taginfo in the wiki page),taglist
Primary features [ edit | edit source ],Barrier,Access control on highways [ edit source ],barrier,jersey_barrier,,(taglist; descriptions load from Taginfo in the wiki page),taglist
Primary features [ edit | edit source ],Barrier,Access control on highways [ edit source ],barrier,kissing_gate,,(taglist; descriptions load from Taginfo in the wiki page),taglist
Primary features [ edit | edit source ],Barrier,Access control on highways [ edit source ],barrier,lift_gate,,(taglist; descriptions load from Taginfo in the wiki page),taglist
Primary features [ edit | edit source ],Barrier,Access control on highways [ edit source ],barrier,log,,(taglist; descriptions load from Taginfo in the wiki page),taglist
Primary features [ edit | edit source ],Barrier,Access control on highways [ edit source ],barrier,motorcycle_barrier,,(taglist; descriptions load from Taginfo in the wiki page),taglist
Primary features [ edit | edit source ],Barrier,Access control on highways [ edit source ],barrier,rope,,(taglist; descriptions load from Taginfo in the wiki page),taglist
Primary features [ edit | edit source ],Barrier,Access control on highways [ edit source ],barrier,sally_port,,(taglist; descriptions load from Taginfo in the wiki page),taglist
Primary features [ edit | edit source ],Barrier,Access control on highways [ edit source ],barrier,spikes,,(taglist; descriptions load from Taginfo in the wiki page),taglist
Primary features [ edit | edit source ],Barrier,Access control on highways [ edit source ],barrier,stile,,(taglist; descriptions load from Taginfo in the wiki page),taglist
Primary features [ edit | edit source ],Barrier,Access control on highways [ edit source ],barrier,sump_buster,,(taglist; descriptions load from Taginfo in the wiki page),taglist
Primary features [ edit | edit source ],Barrier,Access control on highways [ edit source ],barrier,swing_gate,,(taglist; descriptions load from Taginfo in the wiki page),taglist
Primary features [ edit | edit source ],Barrier,Access control on highways [ edit source ],barrier,toll_booth,,(taglist; descriptions load from Taginfo in the wiki page),taglist
Primary features [ edit | edit source ],Barrier,Access control on highways [ edit source ],barrier,turnstile,,(taglist; descriptions load from Taginfo in the wiki page),taglist
Primary features [ edit | edit source ],Barrier,Access control on highways [ edit source ],barrier,yes,,(taglist; descriptions load from Taginfo in the wiki page),taglist
Primary features [ edit | edit source ],Boundary,Boundary types [ edit source ],boundary,aboriginal_lands,area relation,A boundary representing official reservation boundaries of recognized aboriginal / indigenous / native peoples.,wikitable
Primary features [ edit | edit source ],Boundary,Boundary types [ edit source ],boundary,administrative,area,"An administrative boundary. Subdivisions of areas/territories/jurisdictions recognised by governments or other organisations for administrative purposes. These range from large groups of nation states right down to small administrative districts and suburbs, as indicated by the admin_level =* combo tag.",wikitable
Primary features [ edit | edit source ],Boundary,Boundary types [ edit source ],boundary,border_zone,area relation,A border zone is an area near the border where special restrictions on movement apply. Usually a permit is required for visiting.,wikitable
Primary features [ edit | edit source ],Boundary,Boundary types [ edit source ],boundary,census,area relation,"A census-designated boundary delineating a statistical area, not necessarily observable on the ground.",wikitable
Primary features [ edit | edit source ],Boundary,Boundary types [ edit source ],boundary,forest,area relation,"A delimited forest is a land which is predominantly wooded and which is, for this reason, given defined boundaries. It may cover different tree stands, non-wooded areas, highways… but all the area within the boundaries are considered and managed as a single forest.",wikitable
Primary features [ edit | edit source ],Boundary,Boundary types [ edit source ],boundary,forest_compartment,area relation,"A forest compartment is a numbered sub-division within a delimited forest, physically materialized with visible, typically cleared, boundaries.",wikitable
Primary features [ edit | edit source ],Boundary,Boundary types [ edit source ],boundary,hazard,area,"A designated hazardous area, with a potential source of damage to health, life, property, or any other interest of value.",wikitable
Primary features [ edit | edit source ],Boundary,Boundary types [ edit source ],boundary,health,area relation,Health division boundaries. Some mappers use health_level =* instead of admin_level =* to specify level in the health system hierarchy.,wikitable
Primary features [ edit | edit source ],Boundary,Boundary types [ edit source ],boundary,historic,area relation,A historic administrative boundary (use judiciously).,wikitable
Primary features [ edit | edit source ],Boundary,Boundary types [ edit source ],boundary,limited_traffic_zone,area relation,Describes an officially designated area that requires authorization for the entry of certain vehicles.,wikitable
Primary features [ edit | edit source ],Boundary,Boundary types [ edit source ],boundary,local_authority,relation,Describes the territory of a local authority.,wikitable
Primary features [ edit | edit source ],Boundary,Boundary types [ edit source ],boundary,low_emission_zone,area relation,A geographically defined area which seeks to restrict or deter access by certain polluting vehicles with the aim of improving the air quality.,wikitable
Primary features [ edit | edit source ],Boundary,Boundary types [ edit source ],boundary,maritime,area,"Maritime boundaries which are not administrative boundaries: the Baseline, Contiguous Zone and EEZ (Exclusive Economic Zone).",wikitable
Primary features [ edit | edit source ],Boundary,Boundary types [ edit source ],boundary,marker,node,"A boundary marker, border marker, boundary stone, or border stone is a robust physical marker that identifies the start of a land boundary or the change in a boundary, especially a change in direction of a boundary. See also historic = boundary_stone",wikitable
Primary features [ edit | edit source ],Boundary,Boundary types [ edit source ],boundary,national_park,area,"Area of outstanding natural beauty, set aside for conservation and for recreation ( Other languages ).",wikitable
Primary features [ edit | edit source ],Boundary,Boundary types [ edit source ],boundary,place,way relation,"boundary = place is commonly used to map the boundaries of a place =* , when these boundaries can be defined but these are not administrative boundaries.",wikitable
Primary features [ edit | edit source ],Boundary,Boundary types [ edit source ],boundary,political,area,Electoral boundaries,wikitable
Primary features [ edit | edit source ],Boundary,Boundary types [ edit source ],boundary,postal_code,relation,Postal code boundaries. Some mappers use postal_code_level =* instead of admin_level =* to specify level in the postal hierarchy.,wikitable
Primary features [ edit | edit source ],Boundary,Boundary types [ edit source ],boundary,protected_area,area,"Protected areas, such as for national parks, marine protection areas, heritage sites, wilderness, cultural assets and similar.",wikitable
Primary features [ edit | edit source ],Boundary,Boundary types [ edit source ],boundary,religious_administration,relation,"A religious administration boundary, eg. of a catholic diocese or parish. Use religion =* and denomination =* to specify the church to which the boundary applies. Some mappers use religious_level =* instead of admin_level =* to specify level in the church hierarchy.",wikitable
Primary features [ edit | edit source ],Boundary,Boundary types [ edit source ],boundary,special_economic_zone,area,A government-defined area in which business and trade laws are different.,wikitable
Primary features [ edit | edit source ],Boundary,Boundary types [ edit source ],boundary,statistical,area relation,An official boundary recognised by government for statistical purposes.,wikitable
Primary features [ edit | edit source ],Boundary,Boundary types [ edit source ],boundary,disputed,area relation,An area of landed claimed by two or more parties (use with caution). See also Disputed territories .,wikitable
Primary features [ edit | edit source ],Boundary,Boundary types [ edit source ],boundary,timezone,relation,Boundaries of time zone,wikitable
Primary features [ edit | edit source ],Boundary,Boundary types [ edit source ],boundary,public_transport,area relation,An operating area of a transit authority.,wikitable
Primary features [ edit | edit source ],Boundary,Boundary types [ edit source ],boundary,user defined,node way,All commonly used values according to Taginfo,wikitable
Primary features [ edit | edit source ],Boundary,Attributes [ edit source ],admin_level,(number),area,"Defines level of the division described by the boundary in the hierarchy system to which the division belongs. Usually in the range 1 to 10 (except for several countries, where it is in the range 1 to 11 – Bolivia, Germany, Mozambique, Netherlands, Philippines, Poland, Turkmenistan, Venezuela – see boundary ).",wikitable
Primary features [ edit | edit source ],Boundary,Attributes [ edit source ],religious_level,(number),relation,Used by some mappers instead of admin_level =* in conjunction with boundary = religious_administration and is usually in the range 1 to 10.,wikitable
Primary features [ edit | edit source ],Boundary,Attributes [ edit source ],border_type,*,way area,To distinguish between types of boundary where admin_level isn't enough. Used in several different ways e.g in maritime contexts.,wikitable
Primary features [ edit | edit source ],Boundary,Attributes [ edit source ],start_date,(date),area,Useful if the boundary is very recent (or if it will become effective in a near future).,wikitable
Primary features [ edit | edit source ],Building,Accommodation [ edit source ],building,apartments,,,wikitable
Primary features [ edit | edit source ],Building,Accommodation [ edit source ],building,barracks,,,wikitable
Primary features [ edit | edit source ],Building,Accommodation [ edit source ],building,bungalow,,,wikitable
Primary features [ edit | edit source ],Building,Accommodation [ edit source ],building,cabin,,,wikitable
Primary features [ edit | edit source ],Building,Accommodation [ edit source ],building,detached,,,wikitable
Primary features [ edit | edit source ],Building,Accommodation [ edit source ],building,annexe,,,wikitable
Primary features [ edit | edit source ],Building,Accommodation [ edit source ],building,dormitory,,,wikitable
Primary features [ edit | edit source ],Building,Accommodation [ edit source ],building,farm,,,wikitable
Primary features [ edit | edit source ],Building,Accommodation [ edit source ],building,ger,,,wikitable
Primary features [ edit | edit source ],Building,Accommodation [ edit source ],building,hotel,,,wikitable
Primary features [ edit | edit source ],Building,Accommodation [ edit source ],building,house,,,wikitable
Primary features [ edit | edit source ],Building,Accommodation [ edit source ],building,houseboat,,,wikitable
Primary features [ edit | edit source ],Building,Accommodation [ edit source ],building,residential,,,wikitable
Primary features [ edit | edit source ],Building,Accommodation [ edit source ],building,semidetached_house,,,wikitable
Primary features [ edit | edit source ],Building,Accommodation [ edit source ],building,static_caravan,,,wikitable
Primary features [ edit | edit source ],Building,Accommodation [ edit source ],building,stilt_house,,,wikitable
Primary features [ edit | edit source ],Building,Accommodation [ edit source ],building,terrace,,,wikitable
Primary features [ edit | edit source ],Building,Accommodation [ edit source ],building,tree_house,,,wikitable
Primary features [ edit | edit source ],Building,Accommodation [ edit source ],building,trullo,,,wikitable
Primary features [ edit | edit source ],Building,Commercial [ edit source ],building,commercial,,,wikitable
Primary features [ edit | edit source ],Building,Commercial [ edit source ],building,industrial,,,wikitable
Primary features [ edit | edit source ],Building,Commercial [ edit source ],building,kiosk,,,wikitable
Primary features [ edit | edit source ],Building,Commercial [ edit source ],building,office,,,wikitable
Primary features [ edit | edit source ],Building,Commercial [ edit source ],building,retail,,,wikitable
Primary features [ edit | edit source ],Building,Commercial [ edit source ],building,supermarket,,,wikitable
Primary features [ edit | edit source ],Building,Commercial [ edit source ],building,warehouse,,,wikitable
Primary features [ edit | edit source ],Building,Religious [ edit source ],building,religious,,,wikitable
Primary features [ edit | edit source ],Building,Religious [ edit source ],building,cathedral,,,wikitable
Primary features [ edit | edit source ],Building,Religious [ edit source ],building,chapel,,,wikitable
Primary features [ edit | edit source ],Building,Religious [ edit source ],building,church,,,wikitable
Primary features [ edit | edit source ],Building,Religious [ edit source ],building,kingdom_hall,,,wikitable
Primary features [ edit | edit source ],Building,Religious [ edit source ],building,monastery,[W],,wikitable
Primary features [ edit | edit source ],Building,Religious [ edit source ],building,mosque,,,wikitable
Primary features [ edit | edit source ],Building,Religious [ edit source ],building,presbytery,,,wikitable
Primary features [ edit | edit source ],Building,Religious [ edit source ],building,shrine,,,wikitable
Primary features [ edit | edit source ],Building,Religious [ edit source ],building,synagogue,,,wikitable
Primary features [ edit | edit source ],Building,Religious [ edit source ],building,temple,,,wikitable
Primary features [ edit | edit source ],Building,Civic/amenity [ edit source ],building,bakehouse,,,wikitable
Primary features [ edit | edit source ],Building,Civic/amenity [ edit source ],building,bridge,,,wikitable
Primary features [ edit | edit source ],Building,Civic/amenity [ edit source ],building,civic,,,wikitable
Primary features [ edit | edit source ],Building,Civic/amenity [ edit source ],building,clock_tower,,,wikitable
Primary features [ edit | edit source ],Building,Civic/amenity [ edit source ],building,college,,,wikitable
Primary features [ edit | edit source ],Building,Civic/amenity [ edit source ],building,fire_station,,,wikitable
Primary features [ edit | edit source ],Building,Civic/amenity [ edit source ],building,government,,,wikitable
Primary features [ edit | edit source ],Building,Civic/amenity [ edit source ],building,gatehouse,,,wikitable
Primary features [ edit | edit source ],Building,Civic/amenity [ edit source ],building,hospital,,,wikitable
Primary features [ edit | edit source ],Building,Civic/amenity [ edit source ],building,kindergarten,,,wikitable
Primary features [ edit | edit source ],Building,Civic/amenity [ edit source ],building,museum,,,wikitable
Primary features [ edit | edit source ],Building,Civic/amenity [ edit source ],building,public,,,wikitable
Primary features [ edit | edit source ],Building,Civic/amenity [ edit source ],building,school,,,wikitable
Primary features [ edit | edit source ],Building,Civic/amenity [ edit source ],building,toilets,,,wikitable
Primary features [ edit | edit source ],Building,Civic/amenity [ edit source ],building,train_station,,,wikitable
Primary features [ edit | edit source ],Building,Civic/amenity [ edit source ],building,transportation,,,wikitable
Primary features [ edit | edit source ],Building,Civic/amenity [ edit source ],building,university,,,wikitable
Primary features [ edit | edit source ],Building,Agricultural/plant production [ edit source ],building,barn,,,wikitable
Primary features [ edit | edit source ],Building,Agricultural/plant production [ edit source ],building,conservatory,,,wikitable
Primary features [ edit | edit source ],Building,Agricultural/plant production [ edit source ],building,cowshed,,,wikitable
Primary features [ edit | edit source ],Building,Agricultural/plant production [ edit source ],building,farm_auxiliary,,,wikitable
Primary features [ edit | edit source ],Building,Agricultural/plant production [ edit source ],building,greenhouse,,,wikitable
Primary features [ edit | edit source ],Building,Agricultural/plant production [ edit source ],building,slurry_tank,,,wikitable
Primary features [ edit | edit source ],Building,Agricultural/plant production [ edit source ],building,stable,,,wikitable
Primary features [ edit | edit source ],Building,Agricultural/plant production [ edit source ],building,sty,,,wikitable
Primary features [ edit | edit source ],Building,Agricultural/plant production [ edit source ],building,livestock,,,wikitable
Primary features [ edit | edit source ],Building,Sports [ edit source ],building,grandstand,,,wikitable
Primary features [ edit | edit source ],Building,Sports [ edit source ],building,pavilion,[W],,wikitable
Primary features [ edit | edit source ],Building,Sports [ edit source ],building,riding_hall,,,wikitable
Primary features [ edit | edit source ],Building,Sports [ edit source ],building,sports_hall,,,wikitable
Primary features [ edit | edit source ],Building,Sports [ edit source ],building,sports_centre,,,wikitable
Primary features [ edit | edit source ],Building,Sports [ edit source ],building,stadium,,,wikitable
Primary features [ edit | edit source ],Building,Storage [ edit source ],building,allotment_house,,,wikitable
Primary features [ edit | edit source ],Building,Storage [ edit source ],building,boathouse,,,wikitable
Primary features [ edit | edit source ],Building,Storage [ edit source ],building,hangar,,,wikitable
Primary features [ edit | edit source ],Building,Storage [ edit source ],building,hut,,,wikitable
Primary features [ edit | edit source ],Building,Storage [ edit source ],building,shed,,,wikitable
Primary features [ edit | edit source ],Building,Cars [ edit source ],building,carport,,,wikitable
Primary features [ edit | edit source ],Building,Cars [ edit source ],building,garage,,,wikitable
Primary features [ edit | edit source ],Building,Cars [ edit source ],building,garages,,,wikitable
Primary features [ edit | edit source ],Building,Cars [ edit source ],building,parking,,,wikitable
Primary features [ edit | edit source ],Building,Power/technical buildings [ edit source ],building,digester,,,wikitable
Primary features [ edit | edit source ],Building,Power/technical buildings [ edit source ],building,service,,,wikitable
Primary features [ edit | edit source ],Building,Power/technical buildings [ edit source ],building,tech_cab,a question mark,,wikitable
Primary features [ edit | edit source ],Building,Power/technical buildings [ edit source ],building,transformer_tower,,,wikitable
Primary features [ edit | edit source ],Building,Power/technical buildings [ edit source ],building,water_tower,,,wikitable
Primary features [ edit | edit source ],Building,Power/technical buildings [ edit source ],building,storage_tank,,,wikitable
Primary features [ edit | edit source ],Building,Power/technical buildings [ edit source ],building,silo,,,wikitable
Primary features [ edit | edit source ],Building,Other buildings [ edit source ],building,beach_hut,,,wikitable
Primary features [ edit | edit source ],Building,Other buildings [ edit source ],building,bunker,,,wikitable
Primary features [ edit | edit source ],Building,Other buildings [ edit source ],building,castle,,,wikitable
Primary features [ edit | edit source ],Building,Other buildings [ edit source ],building,construction,,,wikitable
Primary features [ edit | edit source ],Building,Other buildings [ edit source ],building,container,,,wikitable
Primary features [ edit | edit source ],Building,Other buildings [ edit source ],building,guardhouse,,,wikitable
Primary features [ edit | edit source ],Building,Other buildings [ edit source ],building,military,,,wikitable
Primary features [ edit | edit source ],Building,Other buildings [ edit source ],building,outbuilding,,,wikitable
Primary features [ edit | edit source ],Building,Other buildings [ edit source ],building,pagoda,,,wikitable
Primary features [ edit | edit source ],Building,Other buildings [ edit source ],building,quonset_hut,,,wikitable
Primary features [ edit | edit source ],Building,Other buildings [ edit source ],building,roof,,,wikitable
Primary features [ edit | edit source ],Building,Other buildings [ edit source ],building,ruins,,,wikitable
Primary features [ edit | edit source ],Building,Other buildings [ edit source ],building,ship,,,wikitable
Primary features [ edit | edit source ],Building,Other buildings [ edit source ],building,tent,,,wikitable
Primary features [ edit | edit source ],Building,Other buildings [ edit source ],building,tower,,,wikitable
Primary features [ edit | edit source ],Building,Other buildings [ edit source ],building,triumphal_arch,,,wikitable
Primary features [ edit | edit source ],Building,Other buildings [ edit source ],building,windmill,,,wikitable
Primary features [ edit | edit source ],Building,Other buildings [ edit source ],building,[[ Too many Data Items entities accessed. | yes ]],,,wikitable
Primary features [ edit | edit source ],Building,Other buildings [ edit source ],building,user defined,,,wikitable
Primary features [ edit | edit source ],Building,Additional attributes [ edit source ],building:architecture,< architectural style >,node area,Architectural style of a building,wikitable
Primary features [ edit | edit source ],Building,Additional attributes [ edit source ],building:colour,< RGB hex triplet > | < W3C colour name >,area,Indicates colour of the building,wikitable
Primary features [ edit | edit source ],Building,Additional attributes [ edit source ],building:fireproof,yes | no,node area,Fire-resistance information.,wikitable
Primary features [ edit | edit source ],Building,Additional attributes [ edit source ],building:flats,< number >,node area,"The number of residential units (flats, apartments) in an apartment building (building=apartments), residential building (building=residential), house (building=house), detached house (building=detached) or similar building.",wikitable
Primary features [ edit | edit source ],Building,Additional attributes [ edit source ],building:levels,< number >,node area,The number of visible levels (floors) in the building as used in the Simple 3D buildings scheme,wikitable
Primary features [ edit | edit source ],Building,Additional attributes [ edit source ],building:material,< material type >,area,Outer material for the building façade,wikitable
Primary features [ edit | edit source ],Building,Additional attributes [ edit source ],building:min_level,< number >,area,"For describing number of values, ""filling"" space between ground level and bottom level of building or part of building",wikitable
Primary features [ edit | edit source ],Building,Additional attributes [ edit source ],building:part,As building,area,"To mark a part of a building, which has attributes, different from such ones at other parts",wikitable
Primary features [ edit | edit source ],Building,Additional attributes [ edit source ],building:soft_storey,yes | no | reinforced,node area,A building where any one level is significantly more flexible (less stiff) than those above and below it,wikitable
Primary features [ edit | edit source ],Building,Additional attributes [ edit source ],construction_date,< date >,node area,The (approximated) date when the building was finished.,wikitable
Primary features [ edit | edit source ],Building,Additional attributes [ edit source ],entrance,yes | main | exit | service | emergency,node,An entrance in a building. Replaces the deprecated tag building = entrance .,wikitable
Primary features [ edit | edit source ],Building,Additional attributes [ edit source ],height,< number >,node area,The height of the building in meters.,wikitable
Primary features [ edit | edit source ],Building,Additional attributes [ edit source ],max_level,< number >,area,Maximum indoor level (floor) in the building as used in the Simple Indoor Tagging scheme,wikitable
Primary features [ edit | edit source ],Building,Additional attributes [ edit source ],min_level,< number >,area,Minimum indoor level (floor) in the building as used in the Simple Indoor Tagging scheme,wikitable
Primary features [ edit | edit source ],Building,Additional attributes [ edit source ],non_existent_levels,< number >,area,List of indoor levels (floors) that do not exists in the building as used in the Simple Indoor Tagging scheme,wikitable
Primary features [ edit | edit source ],Building,Additional attributes [ edit source ],start_date,< date >,node area,The (approximated) date when the building was finished.,wikitable
Primary features [ edit | edit source ],Craft,,craft,agricultural_engines,,(taglist; descriptions load from Taginfo in the wiki page),taglist
Primary features [ edit | edit source ],Craft,,craft,atelier,,(taglist; descriptions load from Taginfo in the wiki page),taglist
Primary features [ edit | edit source ],Craft,,craft,bag_repair,,(taglist; descriptions load from Taginfo in the wiki page),taglist
Primary features [ edit | edit source ],Craft,,craft,bakery,,(taglist; descriptions load from Taginfo in the wiki page),taglist
Primary features [ edit | edit source ],Craft,,craft,basket_maker,,(taglist; descriptions load from Taginfo in the wiki page),taglist
Primary features [ edit | edit source ],Craft,,craft,beekeeper,,(taglist; descriptions load from Taginfo in the wiki page),taglist
Primary features [ edit | edit source ],Craft,,craft,blacksmith,,(taglist; descriptions load from Taginfo in the wiki page),taglist
Primary features [ edit | edit source ],Craft,,craft,boatbuilder,,(taglist; descriptions load from Taginfo in the wiki page),taglist
Primary features [ edit | edit source ],Craft,,craft,bookbinder,,(taglist; descriptions load from Taginfo in the wiki page),taglist
Primary features [ edit | edit source ],Craft,,craft,brewery,,(taglist; descriptions load from Taginfo in the wiki page),taglist
Primary features [ edit | edit source ],Craft,,craft,builder,,(taglist; descriptions load from Taginfo in the wiki page),taglist
Primary features [ edit | edit source ],Craft,,craft,cabinet_maker,,(taglist; descriptions load from Taginfo in the wiki page),taglist
Primary features [ edit | edit source ],Craft,,craft,candlemaker,,(taglist; descriptions load from Taginfo in the wiki page),taglist
Primary features [ edit | edit source ],Craft,,craft,car_painter,,(taglist; descriptions load from Taginfo in the wiki page),taglist
Primary features [ edit | edit source ],Craft,,craft,carpenter,,(taglist; descriptions load from Taginfo in the wiki page),taglist
Primary features [ edit | edit source ],Craft,,craft,carpet_cleaner,,(taglist; descriptions load from Taginfo in the wiki page),taglist
Primary features [ edit | edit source ],Craft,,craft,carpet_layer,,(taglist; descriptions load from Taginfo in the wiki page),taglist
Primary features [ edit | edit source ],Craft,,craft,caterer,,(taglist; descriptions load from Taginfo in the wiki page),taglist
Primary features [ edit | edit source ],Craft,,craft,chimney_sweeper,,(taglist; descriptions load from Taginfo in the wiki page),taglist
Primary features [ edit | edit source ],Craft,,craft,cleaning,,(taglist; descriptions load from Taginfo in the wiki page),taglist
Primary features [ edit | edit source ],Craft,,craft,clockmaker,,(taglist; descriptions load from Taginfo in the wiki page),taglist
Primary features [ edit | edit source ],Craft,,craft,clothes_mending,,(taglist; descriptions load from Taginfo in the wiki page),taglist
Primary features [ edit | edit source ],Craft,,craft,confectionery,,(taglist; descriptions load from Taginfo in the wiki page),taglist
Primary features [ edit | edit source ],Craft,,craft,cooper,,(taglist; descriptions load from Taginfo in the wiki page),taglist
Primary features [ edit | edit source ],Craft,,craft,dental_technician,,(taglist; descriptions load from Taginfo in the wiki page),taglist
Primary features [ edit | edit source ],Craft,,craft,distillery,,(taglist; descriptions load from Taginfo in the wiki page),taglist
Primary features [ edit | edit source ],Craft,,craft,door_construction,,(taglist; descriptions load from Taginfo in the wiki page),taglist
Primary features [ edit | edit source ],Craft,,craft,dressmaker,,(taglist; descriptions load from Taginfo in the wiki page),taglist
Primary features [ edit | edit source ],Craft,,craft,electrician,,(taglist; descriptions load from Taginfo in the wiki page),taglist
Primary features [ edit | edit source ],Craft,,craft,electronics_repair,,(taglist; descriptions load from Taginfo in the wiki page),taglist
Primary features [ edit | edit source ],Craft,,craft,elevator,,(taglist; descriptions load from Taginfo in the wiki page),taglist
Primary features [ edit | edit source ],Craft,,craft,embroiderer,,(taglist; descriptions load from Taginfo in the wiki page),taglist
Primary features [ edit | edit source ],Craft,,craft,engraver,,(taglist; descriptions load from Taginfo in the wiki page),taglist
Primary features [ edit | edit source ],Craft,,craft,fence_maker,,(taglist; descriptions load from Taginfo in the wiki page),taglist
Primary features [ edit | edit source ],Craft,,craft,floorer,,(taglist; descriptions load from Taginfo in the wiki page),taglist
Primary features [ edit | edit source ],Craft,,craft,gardener,,(taglist; descriptions load from Taginfo in the wiki page),taglist
Primary features [ edit | edit source ],Craft,,craft,glassblower,,(taglist; descriptions load from Taginfo in the wiki page),taglist
Primary features [ edit | edit source ],Craft,,craft,glaziery,,(taglist; descriptions load from Taginfo in the wiki page),taglist
Primary features [ edit | edit source ],Craft,,craft,goldsmith,,(taglist; descriptions load from Taginfo in the wiki page),taglist
Primary features [ edit | edit source ],Craft,,craft,grinding_mill,,(taglist; descriptions load from Taginfo in the wiki page),taglist
Primary features [ edit | edit source ],Craft,,craft,gunsmith,,(taglist; descriptions load from Taginfo in the wiki page),taglist
Primary features [ edit | edit source ],Craft,,craft,handicraft,,(taglist; descriptions load from Taginfo in the wiki page),taglist
Primary features [ edit | edit source ],Craft,,craft,hvac,,(taglist; descriptions load from Taginfo in the wiki page),taglist
Primary features [ edit | edit source ],Craft,,craft,insulation,,(taglist; descriptions load from Taginfo in the wiki page),taglist
Primary features [ edit | edit source ],Craft,,craft,interior_decorator,,(taglist; descriptions load from Taginfo in the wiki page),taglist
Primary features [ edit | edit source ],Craft,,craft,interior_work,,(taglist; descriptions load from Taginfo in the wiki page),taglist
Primary features [ edit | edit source ],Craft,,craft,jeweller,,(taglist; descriptions load from Taginfo in the wiki page),taglist
Primary features [ edit | edit source ],Craft,,craft,joiner,,(taglist; descriptions load from Taginfo in the wiki page),taglist
Primary features [ edit | edit source ],Craft,,craft,key_cutter,,(taglist; descriptions load from Taginfo in the wiki page),taglist
Primary features [ edit | edit source ],Craft,,craft,laboratory,,(taglist; descriptions load from Taginfo in the wiki page),taglist
Primary features [ edit | edit source ],Craft,,craft,lapidary,,(taglist; descriptions load from Taginfo in the wiki page),taglist
Primary features [ edit | edit source ],Craft,,craft,leather,,(taglist; descriptions load from Taginfo in the wiki page),taglist
Primary features [ edit | edit source ],Craft,,craft,locksmith,,(taglist; descriptions load from Taginfo in the wiki page),taglist
Primary features [ edit | edit source ],Craft,,craft,luthier,,(taglist; descriptions load from Taginfo in the wiki page),taglist
Primary features [ edit | edit source ],Craft,,craft,metal_construction,,(taglist; descriptions load from Taginfo in the wiki page),taglist
Primary features [ edit | edit source ],Craft,,craft,mint,,(taglist; descriptions load from Taginfo in the wiki page),taglist
Primary features [ edit | edit source ],Craft,,craft,musical_instrument,,(taglist; descriptions load from Taginfo in the wiki page),taglist
Primary features [ edit | edit source ],Craft,,craft,oil_mill,,(taglist; descriptions load from Taginfo in the wiki page),taglist
Primary features [ edit | edit source ],Craft,,craft,optician,,(taglist; descriptions load from Taginfo in the wiki page),taglist
Primary features [ edit | edit source ],Craft,,craft,organ_builder,,(taglist; descriptions load from Taginfo in the wiki page),taglist
Primary features [ edit | edit source ],Craft,,craft,painter,,(taglist; descriptions load from Taginfo in the wiki page),taglist
Primary features [ edit | edit source ],Craft,,craft,paperhanger,,(taglist; descriptions load from Taginfo in the wiki page),taglist
Primary features [ edit | edit source ],Craft,,craft,parquet_layer,,(taglist; descriptions load from Taginfo in the wiki page),taglist
Primary features [ edit | edit source ],Craft,,craft,paver,,(taglist; descriptions load from Taginfo in the wiki page),taglist
Primary features [ edit | edit source ],Craft,,craft,pest_control,,(taglist; descriptions load from Taginfo in the wiki page),taglist
Primary features [ edit | edit source ],Craft,,craft,photographer,,(taglist; descriptions load from Taginfo in the wiki page),taglist
Primary features [ edit | edit source ],Craft,,craft,photographic_laboratory,,(taglist; descriptions load from Taginfo in the wiki page),taglist
Primary features [ edit | edit source ],Craft,,craft,photovoltaic,,(taglist; descriptions load from Taginfo in the wiki page),taglist
Primary features [ edit | edit source ],Craft,,craft,piano_tuner,,(taglist; descriptions load from Taginfo in the wiki page),taglist
Primary features [ edit | edit source ],Craft,,craft,plasterer,,(taglist; descriptions load from Taginfo in the wiki page),taglist
Primary features [ edit | edit source ],Craft,,craft,plumber,,(taglist; descriptions load from Taginfo in the wiki page),taglist
Primary features [ edit | edit source ],Craft,,craft,pottery,,(taglist; descriptions load from Taginfo in the wiki page),taglist
Primary features [ edit | edit source ],Craft,,craft,printer,,(taglist; descriptions load from Taginfo in the wiki page),taglist
Primary features [ edit | edit source ],Craft,,craft,printmaker,,(taglist; descriptions load from Taginfo in the wiki page),taglist
Primary features [ edit | edit source ],Craft,,craft,restoration,,(taglist; descriptions load from Taginfo in the wiki page),taglist
Primary features [ edit | edit source ],Craft,,craft,rigger,,(taglist; descriptions load from Taginfo in the wiki page),taglist
Primary features [ edit | edit source ],Craft,,craft,roofer,,(taglist; descriptions load from Taginfo in the wiki page),taglist
Primary features [ edit | edit source ],Craft,,craft,saddler,,(taglist; descriptions load from Taginfo in the wiki page),taglist
Primary features [ edit | edit source ],Craft,,craft,sailmaker,,(taglist; descriptions load from Taginfo in the wiki page),taglist
Primary features [ edit | edit source ],Craft,,craft,sawmill,,(taglist; descriptions load from Taginfo in the wiki page),taglist
Primary features [ edit | edit source ],Craft,,craft,scaffolder,,(taglist; descriptions load from Taginfo in the wiki page),taglist
Primary features [ edit | edit source ],Craft,,craft,sculptor,,(taglist; descriptions load from Taginfo in the wiki page),taglist
Primary features [ edit | edit source ],Craft,,craft,shoemaker,,(taglist; descriptions load from Taginfo in the wiki page),taglist
Primary features [ edit | edit source ],Craft,,craft,signmaker,,(taglist; descriptions load from Taginfo in the wiki page),taglist
Primary features [ edit | edit source ],Craft,,craft,stand_builder,,(taglist; descriptions load from Taginfo in the wiki page),taglist
Primary features [ edit | edit source ],Craft,,craft,stonemason,,(taglist; descriptions load from Taginfo in the wiki page),taglist
Primary features [ edit | edit source ],Craft,,craft,stove_fitter,,(taglist; descriptions load from Taginfo in the wiki page),taglist
Primary features [ edit | edit source ],Craft,,craft,sun_protection,,(taglist; descriptions load from Taginfo in the wiki page),taglist
Primary features [ edit | edit source ],Craft,,craft,tailor,,(taglist; descriptions load from Taginfo in the wiki page),taglist
Primary features [ edit | edit source ],Craft,,craft,tatami,,(taglist; descriptions load from Taginfo in the wiki page),taglist
Primary features [ edit | edit source ],Craft,,craft,tiler,,(taglist; descriptions load from Taginfo in the wiki page),taglist
Primary features [ edit | edit source ],Craft,,craft,tinsmith,,(taglist; descriptions load from Taginfo in the wiki page),taglist
Primary features [ edit | edit source ],Craft,,craft,toolmaker,,(taglist; descriptions load from Taginfo in the wiki page),taglist
Primary features [ edit | edit source ],Craft,,craft,turner,,(taglist; descriptions load from Taginfo in the wiki page),taglist
Primary features [ edit | edit source ],Craft,,craft,upholsterer,,(taglist; descriptions load from Taginfo in the wiki page),taglist
Primary features [ edit | edit source ],Craft,,craft,watchmaker,,(taglist; descriptions load from Taginfo in the wiki page),taglist
Primary features [ edit | edit source ],Craft,,craft,water_well_drilling,,(taglist; descriptions load from Taginfo in the wiki page),taglist
Primary features [ edit | edit source ],Craft,,craft,weaver,,(taglist; descriptions load from Taginfo in the wiki page),taglist
Primary features [ edit | edit source ],Craft,,craft,welder,,(taglist; descriptions load from Taginfo in the wiki page),taglist
Primary features [ edit | edit source ],Craft,,craft,window_construction,,(taglist; descriptions load from Taginfo in the wiki page),taglist
Primary features [ edit | edit source ],Craft,,craft,winery,,(taglist; descriptions load from Taginfo in the wiki page),taglist
Primary features [ edit | edit source ],Emergency,Medical rescue [ edit source ],emergency,ambulance_station,,(taglist; descriptions load from Taginfo in the wiki page),taglist
Primary features [ edit | edit source ],Emergency,Medical rescue [ edit source ],emergency,defibrillator,,(taglist; descriptions load from Taginfo in the wiki page),taglist
Primary features [ edit | edit source ],Emergency,Medical rescue [ edit source ],emergency,landing_site,,(taglist; descriptions load from Taginfo in the wiki page),taglist
Primary features [ edit | edit source ],Emergency,Medical rescue [ edit source ],emergency,emergency_ward_entrance,,(taglist; descriptions load from Taginfo in the wiki page),taglist
Primary features [ edit | edit source ],Emergency,Firefighters [ edit source ],emergency,fire_service_inlet,,(taglist; descriptions load from Taginfo in the wiki page),taglist
Primary features [ edit | edit source ],Emergency,Firefighters [ edit source ],emergency,fire_alarm_box,,(taglist; descriptions load from Taginfo in the wiki page),taglist
Primary features [ edit | edit source ],Emergency,Firefighters [ edit source ],emergency,fire_extinguisher,,(taglist; descriptions load from Taginfo in the wiki page),taglist
Primary features [ edit | edit source ],Emergency,Firefighters [ edit source ],emergency,fire_hose,,(taglist; descriptions load from Taginfo in the wiki page),taglist
Primary features [ edit | edit source ],Emergency,Firefighters [ edit source ],emergency,fire_hydrant,,(taglist; descriptions load from Taginfo in the wiki page),taglist
Primary features [ edit | edit source ],Emergency,Firefighters [ edit source ],emergency,water_tank,,(taglist; descriptions load from Taginfo in the wiki page),taglist
Primary features [ edit | edit source ],Emergency,Firefighters [ edit source ],emergency,suction_point,,(taglist; descriptions load from Taginfo in the wiki page),taglist
Primary features [ edit | edit source ],Emergency,Lifeguards [ edit source ],emergency,lifeguard,,(taglist; descriptions load from Taginfo in the wiki page),taglist
Primary features [ edit | edit source ],Emergency,Lifeguards [ edit source ],emergency,life_ring,,(taglist; descriptions load from Taginfo in the wiki page),taglist
Primary features [ edit | edit source ],Emergency,Lifeguards [ edit source ],lifeguard,tower,,(taglist; descriptions load from Taginfo in the wiki page),taglist
Primary features [ edit | edit source ],Emergency,Assembly point [ edit source ],emergency,assembly_point,,(taglist; descriptions load from Taginfo in the wiki page),taglist
Primary features [ edit | edit source ],Emergency,Other structure [ edit source ],emergency,angela,,(taglist; descriptions load from Taginfo in the wiki page),taglist
Primary features [ edit | edit source ],Emergency,Other structure [ edit source ],emergency,phone,,(taglist; descriptions load from Taginfo in the wiki page),taglist
Primary features [ edit | edit source ],Emergency,Other structure [ edit source ],emergency,siren,,(taglist; descriptions load from Taginfo in the wiki page),taglist
Primary features [ edit | edit source ],Emergency,Other structure [ edit source ],emergency,drinking_water,,(taglist; descriptions load from Taginfo in the wiki page),taglist
Primary features [ edit | edit source ],Geological,,geological,moraine,,(taglist; descriptions load from Taginfo in the wiki page),taglist
Primary features [ edit | edit source ],Geological,,geological,outcrop,,(taglist; descriptions load from Taginfo in the wiki page),taglist
Primary features [ edit | edit source ],Geological,,geological,volcanic_caldera_rim,,(taglist; descriptions load from Taginfo in the wiki page),taglist
Primary features [ edit | edit source ],Geological,,geological,fault,,(taglist; descriptions load from Taginfo in the wiki page),taglist
Primary features [ edit | edit source ],Geological,,geological,fold,,(taglist; descriptions load from Taginfo in the wiki page),taglist
Primary features [ edit | edit source ],Geological,,geological,palaeontological_site,,(taglist; descriptions load from Taginfo in the wiki page),taglist
Primary features [ edit | edit source ],Geological,,geological,volcanic_lava_field,,(taglist; descriptions load from Taginfo in the wiki page),taglist
Primary features [ edit | edit source ],Geological,,geological,volcanic_vent,,(taglist; descriptions load from Taginfo in the wiki page),taglist
Primary features [ edit | edit source ],Geological,,geological,glacial_erratic,,(taglist; descriptions load from Taginfo in the wiki page),taglist
Primary features [ edit | edit source ],Geological,,geological,rock_glacier,,(taglist; descriptions load from Taginfo in the wiki page),taglist
Primary features [ edit | edit source ],Geological,,geological,giants_kettle,,(taglist; descriptions load from Taginfo in the wiki page),taglist
Primary features [ edit | edit source ],Geological,,geological,meteor_crater,,(taglist; descriptions load from Taginfo in the wiki page),taglist
Primary features [ edit | edit source ],Geological,,geological,hoodoo,,(taglist; descriptions load from Taginfo in the wiki page),taglist
Primary features [ edit | edit source ],Geological,,geological,columnar_jointing,,(taglist; descriptions load from Taginfo in the wiki page),taglist
Primary features [ edit | edit source ],Geological,,geological,dyke,,(taglist; descriptions load from Taginfo in the wiki page),taglist
Primary features [ edit | edit source ],Geological,,geological,monocline,,(taglist; descriptions load from Taginfo in the wiki page),taglist
Primary features [ edit | edit source ],Geological,,geological,tor,,(taglist; descriptions load from Taginfo in the wiki page),taglist
Primary features [ edit | edit source ],Geological,,geological,unconformity,,(taglist; descriptions load from Taginfo in the wiki page),taglist
Primary features [ edit | edit source ],Geological,,geological,cone,,(taglist; descriptions load from Taginfo in the wiki page),taglist
Primary features [ edit | edit source ],Geological,,geological,sinkhole,,(taglist; descriptions load from Taginfo in the wiki page),taglist
Primary features [ edit | edit source ],Geological,,geological,pingo,,(taglist; descriptions load from Taginfo in the wiki page),taglist
Primary features [ edit | edit source ],Geological,,geological,inselberg,,(taglist; descriptions load from Taginfo in the wiki page),taglist
Primary features [ edit | edit source ],Geological,,geological,limestone_pavement,,(taglist; descriptions load from Taginfo in the wiki page),taglist
Primary features [ edit | edit source ],Highway [ edit source ],Roads [ edit source ],highway,motorway,way,"A restricted access major divided highway, normally with 2 or more running lanes plus emergency hard shoulder. Equivalent to the Freeway, Autobahn, etc..",wikitable
Primary features [ edit | edit source ],Highway [ edit source ],Roads [ edit source ],highway,trunk,way,The most important roads in a country's system that aren't motorways. (Need not necessarily be a divided highway.),wikitable
Primary features [ edit | edit source ],Highway [ edit source ],Roads [ edit source ],highway,primary,way,The next most important roads in a country's system. (Often link larger towns.),wikitable
Primary features [ edit | edit source ],Highway [ edit source ],Roads [ edit source ],highway,secondary,way,The next most important roads in a country's system. (Often link towns.),wikitable
Primary features [ edit | edit source ],Highway [ edit source ],Roads [ edit source ],highway,tertiary,way,The next most important roads in a country's system. (Often link smaller towns and villages),wikitable
Primary features [ edit | edit source ],Highway [ edit source ],Roads [ edit source ],highway,unclassified,way,"The least important through roads in a country's system – i.e. minor roads of a lower classification than tertiary, but which serve a purpose other than access to properties. (Often link villages and hamlets.) The word 'unclassified' is a historical artefact of the UK road system and does not mean that the classification is unknown; you can use highway = road for that.",wikitable
Primary features [ edit | edit source ],Highway [ edit source ],Roads [ edit source ],highway,residential,way,"Roads which serve as an access to housing, without function of connecting settlements. Often lined with housing.",wikitable
Primary features [ edit | edit source ],Highway [ edit source ],Link roads [ edit source ],highway,motorway_link,way,The link roads (sliproads/ramps) leading to/from a motorway from/to a motorway or lower class highway. Normally with the same motorway restrictions.,wikitable
Primary features [ edit | edit source ],Highway [ edit source ],Link roads [ edit source ],highway,trunk_link,way,The link roads (sliproads/ramps) leading to/from a trunk road from/to a trunk road or lower class highway.,wikitable
Primary features [ edit | edit source ],Highway [ edit source ],Link roads [ edit source ],highway,primary_link,way,The link roads (sliproads/ramps) leading to/from a primary road from/to a primary road or lower class highway.,wikitable
Primary features [ edit | edit source ],Highway [ edit source ],Link roads [ edit source ],highway,secondary_link,way,The link roads (sliproads/ramps) leading to/from a secondary road from/to a secondary road or lower class highway.,wikitable
Primary features [ edit | edit source ],Highway [ edit source ],Link roads [ edit source ],highway,tertiary_link,way,The link roads (sliproads/ramps) leading to/from a tertiary road from/to a tertiary road or lower class highway.,wikitable
Primary features [ edit | edit source ],Highway [ edit source ],Special road types [ edit source ],highway,living_street,way,"For living streets , which are residential streets where pedestrians have legal priority over cars, speeds are kept very low.",wikitable
Primary features [ edit | edit source ],Highway [ edit source ],Special road types [ edit source ],highway,service,way area,"For access roads to, or within an industrial estate, camp site, business park, car park, alleys, etc. Can be used in conjunction with service =* to indicate the type of usage and with access =* to indicate who can use it and in what circumstances.",wikitable
Primary features [ edit | edit source ],Highway [ edit source ],Special road types [ edit source ],highway,pedestrian,way area,For roads used mainly/exclusively for pedestrians in shopping and some residential areas which may allow access by motorised vehicles only for very limited periods of the day. To create a 'square' or 'plaza' create a closed way and tag as pedestrian and also with area = yes .,wikitable
Primary features [ edit | edit source ],Highway [ edit source ],Special road types [ edit source ],highway,track,way,"Roads for mostly agricultural or forestry uses . To describe the quality of a track, see tracktype =* . Note: Although track s are often rough with unpaved surfaces, this tag is not describing the quality of a road but its use. Consequently, if you want to tag a general use road, use one of the general highway values instead of track .",wikitable
Primary features [ edit | edit source ],Highway [ edit source ],Special road types [ edit source ],highway,bus_guideway,way,"A busway where the vehicle guided by the way (though not a railway) and is not suitable for other traffic. Please note: this is not a normal bus lane, use access = no , psv = yes instead! If the buses are not guided, consider highway = busway .",wikitable
Primary features [ edit | edit source ],Highway [ edit source ],Special road types [ edit source ],highway,escape,way,"For runaway truck ramps, runaway truck lanes, emergency escape ramps, or truck arrester beds. It enables vehicles with braking failure to safely stop.",wikitable
Primary features [ edit | edit source ],Highway [ edit source ],Special road types [ edit source ],highway,raceway,way,A course or track for (motor) racing,wikitable
Primary features [ edit | edit source ],Highway [ edit source ],Special road types [ edit source ],highway,road,way,"A road/way/street/motorway/etc. of unknown type. It can stand for anything ranging from a footpath to a motorway. This tag should only be used temporarily until the road/way/etc. has been properly surveyed. If you do know the road type, do not use this value, instead use one of the more specific highway =* values.",wikitable
Primary features [ edit | edit source ],Highway [ edit source ],Special road types [ edit source ],highway,busway,way,A dedicated roadway for bus rapid transit systems,wikitable
Primary features [ edit | edit source ],Highway [ edit source ],Paths [ edit source ],highway,footway,way area,"For designated footpaths; i.e., mainly/exclusively for pedestrians. This includes walking tracks and gravel paths. Should not be used for paths where the primary or intended usage is unknown. If bicycles are allowed as well, you can indicate this by adding a bicycle = yes tag. Use highway = pedestrian for pedestrianised roads in shopping or residential areas and highway = track if it is usable by agricultural or similar vehicles. For ramps (sloped paths without steps), combine this tag with incline =* .",wikitable
Primary features [ edit | edit source ],Highway [ edit source ],Paths [ edit source ],highway,bridleway,way,"For horse riders. Pedestrians are usually also permitted, cyclists may be permitted depending on local rules/laws. Motor vehicles are forbidden.",wikitable
Primary features [ edit | edit source ],Highway [ edit source ],Paths [ edit source ],highway,steps,way,For flights of steps (stairs) on footways. Use with step_count =* to indicate the number of steps,wikitable
Primary features [ edit | edit source ],Highway [ edit source ],Paths [ edit source ],highway,corridor,way,For a hallway inside of a building.,wikitable
Primary features [ edit | edit source ],Highway [ edit source ],Paths [ edit source ],highway,path,way,"A non-specific path. Use highway = footway for paths mainly for walkers, highway = cycleway for one also usable by cyclists, highway = bridleway for ones available to horse riders as well as walkers and highway = track for ones which is passable by agriculture or similar vehicles.",wikitable
Primary features [ edit | edit source ],Highway [ edit source ],Paths [ edit source ],highway,via_ferrata,way,"A via ferrata is a route equipped with fixed cables, stemples, ladders, and bridges in order to increase ease and security for climbers. These via ferrata require equipment : climbing harness, shock absorber and two short lengths of rope, but do not require a long rope as for climbing.",wikitable
Primary features [ edit | edit source ],Highway [ edit source ],When sidewalk/crosswalk is tagged as a separate way [ edit source ],footway,sidewalk,way,Sidewalk that runs typically along residential road. Use in combination with highway = footway or highway = path,wikitable
Primary features [ edit | edit source ],Highway [ edit source ],When sidewalk/crosswalk is tagged as a separate way [ edit source ],footway,crossing,way,"Crosswalk that connects two sidewalks on the opposite side of the road. Often recognized by painted markings on the road, road sign or traffic lights. Use in combination with highway = footway or highway = path . Useful information is presence of tactile_paving = * , wheelchair = * suitability and kerb = * represented as a node on the crosswalk way.",wikitable
Primary features [ edit | edit source ],Highway [ edit source ],When sidewalk/crosswalk is tagged as a separate way [ edit source ],footway,traffic_island,way,"The way between two crossings, safespot for pedestrians, has micromapping characteristics as a detailed alternative to =* . Use in combination with highway = footway or highway = path .",wikitable
Primary features [ edit | edit source ],Highway [ edit source ],When sidewalk (or pavement) is tagged on the main roadway (see Sidewalks ) [ edit source ],sidewalk,both | left | right | no,way,"Specifies that the highways has sidewalks on both sides, on one side or no sidewalk at all",wikitable
Primary features [ edit | edit source ],Highway [ edit source ],When cycleway is drawn as its own way (see Bicycle ) [ edit source ],highway,cycleway,way,"For designated cycleways. Add foot =* , though it may be avoided if default-access-restrictions do apply.",wikitable
Primary features [ edit | edit source ],Highway [ edit source ],Cycleway tagged on the main roadway or lane (see Bicycle ) [ edit source ],cycleway,lane,way,A lane is a route that lies within the roadway,wikitable
Primary features [ edit | edit source ],Highway [ edit source ],Cycleway tagged on the main roadway or lane (see Bicycle ) [ edit source ],cycleway,opposite,way,Deprecated variant for ways with oneway = yes where it is legally permitted to cycle in both directions. Replaced by oneway : bicycle = no .,wikitable
Primary features [ edit | edit source ],Highway [ edit source ],Cycleway tagged on the main roadway or lane (see Bicycle ) [ edit source ],cycleway,opposite_lane,way,"Deprecated variant for ways with oneway = yes that have a cycling lane going the opposite direction of normal traffic flow (a ""contraflow"" lane). Replaced by oneway : bicycle = no + cycleway:left = lane / cycleway:right = lane + cycleway:left:oneway = -1 / cycleway:right:oneway = -1 .",wikitable
Primary features [ edit | edit source ],Highway [ edit source ],Cycleway tagged on the main roadway or lane (see Bicycle ) [ edit source ],cycleway,track,way,"A track provides a route that is separated from traffic. In the United States, this term is often used to refer to bike lanes that are separated from lanes for cars by pavement buffers, bollards, parking lanes, and curbs. Note that a cycle track may alternatively be drawn as a separate way next to the road which is tagged as highway = cycleway .",wikitable
Primary features [ edit | edit source ],Highway [ edit source ],Cycleway tagged on the main roadway or lane (see Bicycle ) [ edit source ],cycleway,opposite_track,way,Deprecated variant for ways with oneway = yes that have a cycling track going the opposite direction of normal traffic flow. Replaced by oneway : bicycle = no + cycleway:left = track / cycleway:right = track + cycleway:left:oneway = -1 / cycleway:right:oneway = -1 .,wikitable
Primary features [ edit | edit source ],Highway [ edit source ],Cycleway tagged on the main roadway or lane (see Bicycle ) [ edit source ],cycleway,share_busway,way,There is a bus lane that cyclists are permitted to use.,wikitable
Primary features [ edit | edit source ],Highway [ edit source ],Cycleway tagged on the main roadway or lane (see Bicycle ) [ edit source ],cycleway,opposite_share_busway,way,"Deprecated variant for ways with oneway = yes that have a bus lane that cyclists are also permitted to use, and which go in the opposite direction to normal traffic flow (a ""contraflow"" bus lane). Replaced by oneway : bicycle = no + cycleway:left = share_busway / cycleway:right = share_busway + cycleway:left:oneway = -1 / cycleway:right:oneway = -1 .",wikitable
Primary features [ edit | edit source ],Highway [ edit source ],Cycleway tagged on the main roadway or lane (see Bicycle ) [ edit source ],cycleway,shared_lane,way,"Cyclists share a lane with motor vehicles, there are markings reminding about this. In some places these markings are known as ""sharrows"" ('sharing arrows') and this is the tag to use for those.",wikitable
Primary features [ edit | edit source ],Highway [ edit source ],Busways tagged on the main roadway or lane (see Bus lanes ) [ edit source ],busway,lane,way,Deprecated variant to tag bus lanes. Replaced by bus/psv lane tagging lanes:bus =* / lanes:psv =* ) / bus:lanes =* / psv:lanes =*,wikitable
Primary features [ edit | edit source ],Highway [ edit source ],Busways tagged on the main roadway or lane (see Bus lanes ) [ edit source ],busway,opposite,way,Deprecated variant for ways with oneway = yes where buses are legally permitted to travel in both directions. Replaced by oneway:bus = no,wikitable
Primary features [ edit | edit source ],Highway [ edit source ],Busways tagged on the main roadway or lane (see Bus lanes ) [ edit source ],busway,opposite_lane,way,"Deprecated variant for ways with oneway = yes that have a bus lane which go in the opposite direction to normal traffic flow (a ""contraflow"" bus lane). Replaced by oneway:bus = no and lanes:bus =* / lanes:psv =* ) / bus:lanes =* / psv:lanes =*",wikitable
Primary features [ edit | edit source ],Highway [ edit source ],Street parking tagged on the main roadway (see Street parking ) [ edit source ],parking :left / :right / :both (hereafter: parking: side ),lane | street_side | on_kerb | half_on_kerb | shoulder | no | separate | yes,way,Primary key to record parking along the street. Describes the parking position of parked vehicles in the street.,wikitable
Primary features [ edit | edit source ],Highway [ edit source ],Street parking tagged on the main roadway (see Street parking ) [ edit source ],parking: side orientation =*,parallel | diagonal | perpendicular,way,To specify the orientation of parked vehicles if there is street parking.,wikitable
Primary features [ edit | edit source ],Highway [ edit source ],Lifecycle (see also lifecycle prefixes ) [ edit source ],highway,proposed,way,"For planned roads, use with proposed =* and a value of the proposed highway value.",wikitable
Primary features [ edit | edit source ],Highway [ edit source ],Lifecycle (see also lifecycle prefixes ) [ edit source ],highway,construction,way,For roads under construction. Use construction =* to hold the value for the completed road.,wikitable
Primary features [ edit | edit source ],Highway [ edit source ],Attributes [ edit source ],abutters,commercial | industrial | mixed | residential | retail etc.,way,See Key:abutters for more details.,wikitable
Primary features [ edit | edit source ],Highway [ edit source ],Attributes [ edit source ],bicycle_road,yes,way,"A bicycle road is a road designated for bicycles. If residential streets get the status of bicycle roads, normally, by special signs, motor traffic is admitted with limited speed, often only for residents.",wikitable
Primary features [ edit | edit source ],Highway [ edit source ],Attributes [ edit source ],bus_bay,both | left | right,way,A bus bay outside the main carriageway for boarding/alighting,wikitable
Primary features [ edit | edit source ],Highway [ edit source ],Attributes [ edit source ],change,yes | no | not_right | not_left | only_right | only_left,way,Specify the allowed/forbidden lane changes,wikitable
Primary features [ edit | edit source ],Highway [ edit source ],Attributes [ edit source ],destination,<place name of destination>,way,Destination when following a linear feature,wikitable
Primary features [ edit | edit source ],Highway [ edit source ],Attributes [ edit source ],embankment,yes | dyke,way,"A dyke or a raised bank to carry a road, railway, or canal across a low-lying or wet area.",wikitable
Primary features [ edit | edit source ],Highway [ edit source ],Attributes [ edit source ],embedded_rails,yes | <type of railway>,way,A highway on which non-railway traffic is also allowed has railway tracks embedded in it but the rails are mapped as separate ways.,wikitable
Primary features [ edit | edit source ],Highway [ edit source ],Attributes [ edit source ],ford,yes,node way,"The road crosses through stream or river, vehicles must enter any water.",wikitable
Primary features [ edit | edit source ],Highway [ edit source ],Attributes [ edit source ],frontage_road,yes,way,A frontage road.,wikitable
Primary features [ edit | edit source ],Highway [ edit source ],Attributes [ edit source ],ice_road,yes,way,"A highway is laid upon frozen water basin, definitely doesn't exist in summer.",wikitable
Primary features [ edit | edit source ],Highway [ edit source ],Attributes [ edit source ],incline,Number % | ° | up | down,node way,"Incline steepness as percents (""5%"") or degrees (""20°""). Positive/negative values indicate movement upward/downwards in the direction of the way.",wikitable
Primary features [ edit | edit source ],Highway [ edit source ],Attributes [ edit source ],junction,roundabout,way closed way,"This automatically implies oneway = yes , the oneway direction is defined by the sequential ordering of nodes within the Way. This applies on a way, tagged with highway =* already.",wikitable
Primary features [ edit | edit source ],Highway [ edit source ],Attributes [ edit source ],lanes,<number>,way,"The number of traffic lanes for general purpose traffic, also for buses and other specific classes of vehicle.",wikitable
Primary features [ edit | edit source ],Highway [ edit source ],Attributes [ edit source ],lane_markings,yes | no,way,Specifies if a highway has painted markings to indicate the position of the lanes.,wikitable
Primary features [ edit | edit source ],Highway [ edit source ],Attributes [ edit source ],lit,yes | no,node way area,Street lighting,wikitable
Primary features [ edit | edit source ],Highway [ edit source ],Attributes [ edit source ],maxspeed,<number>,way,"Specifies the maximum legal speed limit on a road, railway or waterway.",wikitable
Primary features [ edit | edit source ],Highway [ edit source ],Attributes [ edit source ],motorroad,yes | no,way node,The motorroad tag is used to describe highways that have motorway-like access restrictions but that are not a motorway.,wikitable
Primary features [ edit | edit source ],Highway [ edit source ],Attributes [ edit source ],mountain_pass,yes,node,The highest point of a mountain pass.,wikitable
Primary features [ edit | edit source ],Highway [ edit source ],Attributes [ edit source ],mtb:scale,0-6,way,Applies to highway = path and highway = track . A classification scheme for mtb trails (few inclination and downhill).,wikitable
Primary features [ edit | edit source ],Highway [ edit source ],Attributes [ edit source ],mtb:scale :uphill,0-5,way,A classification scheme for mtb trails for going uphill if there is significant inclination.,wikitable
Primary features [ edit | edit source ],Highway [ edit source ],Attributes [ edit source ],mtb:scale :imba,0-4,way,The IMBA Trail Difficulty Rating System shall be used for bikeparks. It is adapted to mtb trails with artificial obstacles.,wikitable
Primary features [ edit | edit source ],Highway [ edit source ],Attributes [ edit source ],mtb:description,Text,way,Applies to highway = path and highway = track . A key to input variable infos related to mtbiking on a way with human words,wikitable
Primary features [ edit | edit source ],Highway [ edit source ],Attributes [ edit source ],oneway,yes | no | reversible,way,Oneway streets are streets where you are only allowed to drive in one direction.,wikitable
Primary features [ edit | edit source ],Highway [ edit source ],Attributes [ edit source ],oneway:bicycle,yes | no |,way,Used on ways with oneway = yes where it is legally permitted to cycle in both directions.,wikitable
Primary features [ edit | edit source ],Highway [ edit source ],Attributes [ edit source ],overtaking,yes | no | caution | both | forward | backward,way,Specifying sections of roads where overtaking is legally forbidden. Use overtaking : forward = yes/no/caution and overtaking : backward = yes/no/caution when it depends on driving direction.,wikitable
Primary features [ edit | edit source ],Highway [ edit source ],Attributes [ edit source ],parking:lane,parallel | diagonal | perpendicular | marked | no_parking | no_stopping | fire_lane.,way,Deprecated variant to map parking along streets. See section on street parking above or the street parking page for more details.,wikitable
Primary features [ edit | edit source ],Highway [ edit source ],Attributes [ edit source ],parking:condition,free | ticket | disc | residents | customers | private,way,Deprecated variant to map parking conditions along streets. See section on street parking above or the street parking page for more details.,wikitable
Primary features [ edit | edit source ],Highway [ edit source ],Attributes [ edit source ],passing_places,yes,way,A way which has frequent passing places (See also: highway = passing_place ),wikitable
Primary features [ edit | edit source ],Highway [ edit source ],Attributes [ edit source ],priority,forward | backward,way,"Traffic priority for narrow parts of roads, e.g. narrow bridges.",wikitable
Primary features [ edit | edit source ],Highway [ edit source ],Attributes [ edit source ],priority_road,designated | yes_unposted | end,way,Specifying roads signposted as priority roads.,wikitable
Primary features [ edit | edit source ],Highway [ edit source ],Attributes [ edit source ],sac_scale,strolling | hiking | mountain_hiking | demanding_mountain_hiking | alpine_hiking | demanding_alpine_hiking | difficult_alpine_hiking,way,Applies to highway = path and highway = footway . A classification scheme for hiking trails.,wikitable
Primary features [ edit | edit source ],Highway [ edit source ],Attributes [ edit source ],service,alley | driveway | parking_aisle etc.,way,See Key:service for more details.,wikitable
Primary features [ edit | edit source ],Highway [ edit source ],Attributes [ edit source ],shoulder,no | yes | right | both | left,way,Presence of shoulder in highway,wikitable
Primary features [ edit | edit source ],Highway [ edit source ],Attributes [ edit source ],side_road,yes,way,A side road.,wikitable
Primary features [ edit | edit source ],Highway [ edit source ],Attributes [ edit source ],smoothness,excellent | good | intermediate | bad | very_bad | horrible | very_horrible | impassable,way area,Specifies the physical usability of a way for wheeled vehicles due to surface regularity/flatness. See Key:smoothness for more details.,wikitable
Primary features [ edit | edit source ],Highway [ edit source ],Attributes [ edit source ],surface,paved | unpaved | asphalt | concrete | paving_stones | sett | cobblestone | metal | wood | compacted | fine_gravel | gravel | pebblestone | plastic | grass_paver | grass | dirt | earth | mud | sand | ground,way,See Key:surface for more details.,wikitable
Primary features [ edit | edit source ],Highway [ edit source ],Attributes [ edit source ],tactile_paving,yes | no,node way area,A paving in the ground to be followed with a blindman's stick.,wikitable
Primary features [ edit | edit source ],Highway [ edit source ],Attributes [ edit source ],tracktype,grade1 | grade2 | grade3 | grade4 | grade5,way,To describe the quality of the surface. See Key:tracktype for more information.,wikitable
Primary features [ edit | edit source ],Highway [ edit source ],Attributes [ edit source ],traffic_calming,bump | hump | table | island | cushion | yes | etc.,node way,Features used to slow down traffic. See Key:traffic calming for more details.,wikitable
Primary features [ edit | edit source ],Highway [ edit source ],Attributes [ edit source ],trail_visibility,excellent | good | intermediate | bad | horrible | no,way,"Applies to highway = path , highway = footway , highway = cycleway and highway = bridleway . A classification for hiking trails visibility",wikitable
Primary features [ edit | edit source ],Highway [ edit source ],Attributes [ edit source ],trailblazed,yes | no | poles | cairns | symbols,way,Applies to highway =* . Describing trail blazing and marking. See Key:trailblazed for more information.,wikitable
Primary features [ edit | edit source ],Highway [ edit source ],Attributes [ edit source ],trailblazed:visibility,excellent | good | intermediate | bad | horrible | no,way,Applies to trailblazed =* . A classification for visibility of trailblazing. See Key:trailblazed:visibility for more information.,wikitable
Primary features [ edit | edit source ],Highway [ edit source ],Attributes [ edit source ],turn,left | slight_left | through | right | slight_right | merge_to_left | merge_to_right | reverse,way,The key turn can be used to specify the direction in which a way or a lane will lead.,wikitable
Primary features [ edit | edit source ],Highway [ edit source ],Attributes [ edit source ],width,<number>,way,The width of a feature.,wikitable
Primary features [ edit | edit source ],Highway [ edit source ],Attributes [ edit source ],winter_road,yes,way,"A highway functions during winter, probably can't be driven in summer.",wikitable
Primary features [ edit | edit source ],Highway [ edit source ],Other highway features [ edit source ],highway,bus_stop,node,A small bus stop. Optionally one may also use public_transport = stop_position for the position where the vehicle stops and public_transport = platform for the place where passengers wait.,wikitable
Primary features [ edit | edit source ],Highway [ edit source ],Other highway features [ edit source ],highway,crossing,node,"A.k.a. crosswalk. Pedestrians can cross a street here; e.g., zebra crossing",wikitable
Primary features [ edit | edit source ],Highway [ edit source ],Other highway features [ edit source ],highway,cyclist_waiting_aid,node,Street furniture for cyclists that are intended to make waiting at esp. traffic lights more comfortable.,wikitable
Primary features [ edit | edit source ],Highway [ edit source ],Other highway features [ edit source ],highway,elevator,node way,"An elevator or lift, used to travel vertically, providing passenger and freight access between pathways at different floor levels.",wikitable
Primary features [ edit | edit source ],Highway [ edit source ],Other highway features [ edit source ],highway,emergency_bay,node way,An area beside a highway where you can safely stop your car in case of breakdown or emergency.,wikitable
Primary features [ edit | edit source ],Highway [ edit source ],Other highway features [ edit source ],highway,emergency_access_point,node,Sign number which can be used to define your current position in case of an emergency. Use with ref = NUMBER_ON_THE_SIGN . See also emergency = access_point,wikitable
Primary features [ edit | edit source ],Highway [ edit source ],Other highway features [ edit source ],highway,give_way,node,"A ""give way,"" or ""Yield"" sign",wikitable
Primary features [ edit | edit source ],Highway [ edit source ],Other highway features [ edit source ],emergency,phone,node,A calling device can be used to tell on your current position in case of an emergency. Use with ref = NUMBER_ON_THE_SIGN,wikitable
Primary features [ edit | edit source ],Highway [ edit source ],Other highway features [ edit source ],highway,hitchhiking,node,"Like a bus_stop but for free, uncertain, spontaneous rides with strangers.",wikitable
Primary features [ edit | edit source ],Highway [ edit source ],Other highway features [ edit source ],highway,ladder,node way,A vertical or inclined set of steps or rungs intended for climbing or descending of a person with the help of hands.,wikitable
Primary features [ edit | edit source ],Highway [ edit source ],Other highway features [ edit source ],highway,milestone,node,Highway location marker,wikitable
Primary features [ edit | edit source ],Highway [ edit source ],Other highway features [ edit source ],highway,mini_roundabout,node,"Similar to roundabouts, but at the center there is either a painted circle or a fully traversable island. In case of an untraversable center island, junction = roundabout should be used. Rendered as anti-clockwise by default direction = anticlockwise . To render clockwise add the tag direction = clockwise .",wikitable
Primary features [ edit | edit source ],Highway [ edit source ],Other highway features [ edit source ],highway,motorway_junction,node,"Indicates a junction (UK) or exit (US). ref =* should be set to the exit number or junction identifier. (Some roads – e.g., the A14 – also carry junction numbers, so the tag may be encountered elsewhere despite its name)",wikitable
Primary features [ edit | edit source ],Highway [ edit source ],Other highway features [ edit source ],highway,passing_place,node,The location of a passing space,wikitable
Primary features [ edit | edit source ],Highway [ edit source ],Other highway features [ edit source ],highway,platform,node way area,A platform at a bus stop or station.,wikitable
Primary features [ edit | edit source ],Highway [ edit source ],Other highway features [ edit source ],highway,rest_area,node area,"Place where drivers can leave the road to rest, but not refuel.",wikitable
Primary features [ edit | edit source ],Highway [ edit source ],Other highway features [ edit source ],highway,services,node area,"A service station to get food and eat something, often found at motorways",wikitable
Primary features [ edit | edit source ],Highway [ edit source ],Other highway features [ edit source ],highway,speed_camera,node,A fixed road-side or overhead speed camera.,wikitable
Primary features [ edit | edit source ],Highway [ edit source ],Other highway features [ edit source ],highway,speed_display,node,A dynamic electronic sign that displays the speed of the passer-by motorist.,wikitable
Primary features [ edit | edit source ],Highway [ edit source ],Other highway features [ edit source ],highway,stop,node,A stop sign,wikitable
Primary features [ edit | edit source ],Highway [ edit source ],Other highway features [ edit source ],highway,street_lamp,node,"A street light, lamppost, street lamp, light standard, or lamp standard is a raised source of light on the edge of a road, which is turned on or lit at a certain time every night",wikitable
Primary features [ edit | edit source ],Highway [ edit source ],Other highway features [ edit source ],highway,toll_gantry,node,"A toll gantry is a gantry suspended over a way, usually a motorway, as part of a system of electronic toll collection. For a toll booth with any kind of barrier or booth see: barrier = toll_booth",wikitable
Primary features [ edit | edit source ],Highway [ edit source ],Other highway features [ edit source ],highway,traffic_mirror,node,Mirror that reflects the traffic on one road when direct view is blocked.,wikitable
Primary features [ edit | edit source ],Highway [ edit source ],Other highway features [ edit source ],highway,traffic_signals,node,Lights that control the traffic,wikitable
Primary features [ edit | edit source ],Highway [ edit source ],Other highway features [ edit source ],highway,trailhead,node,Designated place to start on a trail or route,wikitable
Primary features [ edit | edit source ],Highway [ edit source ],Other highway features [ edit source ],highway,turning_circle,node,"A turning circle is a rounded, widened area usually, but not necessarily, at the end of a road to facilitate easier turning of a vehicle. Also known as a cul de sac .",wikitable
Primary features [ edit | edit source ],Highway [ edit source ],Other highway features [ edit source ],highway,turning_loop,node,"A widened area of a highway with a non-traversable island for turning around, often circular and at the end of a road.",wikitable
Primary features [ edit | edit source ],Highway [ edit source ],Other highway features [ edit source ],highway,User Defined,node way,All commonly used values according to Taginfo,wikitable
Primary features [ edit | edit source ],Historic,,historic,aircraft,,(taglist; descriptions load from Taginfo in the wiki page),taglist
Primary features [ edit | edit source ],Historic,,historic,anchor,,(taglist; descriptions load from Taginfo in the wiki page),taglist
Primary features [ edit | edit source ],Historic,,historic,aqueduct,,(taglist; descriptions load from Taginfo in the wiki page),taglist
Primary features [ edit | edit source ],Historic,,historic,archaeological_site,,(taglist; descriptions load from Taginfo in the wiki page),taglist
Primary features [ edit | edit source ],Historic,,historic,battlefield,,(taglist; descriptions load from Taginfo in the wiki page),taglist
Primary features [ edit | edit source ],Historic,,historic,bomb_crater,,(taglist; descriptions load from Taginfo in the wiki page),taglist
Primary features [ edit | edit source ],Historic,,historic,boundary_stone,,(taglist; descriptions load from Taginfo in the wiki page),taglist
Primary features [ edit | edit source ],Historic,,historic,building,,(taglist; descriptions load from Taginfo in the wiki page),taglist
Primary features [ edit | edit source ],Historic,,historic,bullaun_stone,,(taglist; descriptions load from Taginfo in the wiki page),taglist
Primary features [ edit | edit source ],Historic,,historic,cannon,,(taglist; descriptions load from Taginfo in the wiki page),taglist
Primary features [ edit | edit source ],Historic,,historic,caravanserai,,(taglist; descriptions load from Taginfo in the wiki page),taglist
Primary features [ edit | edit source ],Historic,,historic,castle,,(taglist; descriptions load from Taginfo in the wiki page),taglist
Primary features [ edit | edit source ],Historic,,historic,castle_wall,,(taglist; descriptions load from Taginfo in the wiki page),taglist
Primary features [ edit | edit source ],Historic,,historic,cattle_crush,,(taglist; descriptions load from Taginfo in the wiki page),taglist
Primary features [ edit | edit source ],Historic,,historic,charcoal_pile,,(taglist; descriptions load from Taginfo in the wiki page),taglist
Primary features [ edit | edit source ],Historic,,historic,church,,(taglist; descriptions load from Taginfo in the wiki page),taglist
Primary features [ edit | edit source ],Historic,,historic,city_gate,,(taglist; descriptions load from Taginfo in the wiki page),taglist
Primary features [ edit | edit source ],Historic,,historic,citywalls,,(taglist; descriptions load from Taginfo in the wiki page),taglist
Primary features [ edit | edit source ],Historic,,historic,creamery,,(taglist; descriptions load from Taginfo in the wiki page),taglist
Primary features [ edit | edit source ],Historic,,historic,district,,(taglist; descriptions load from Taginfo in the wiki page),taglist
Primary features [ edit | edit source ],Historic,,historic,epigraph,,(taglist; descriptions load from Taginfo in the wiki page),taglist
Primary features [ edit | edit source ],Historic,,historic,farm,,(taglist; descriptions load from Taginfo in the wiki page),taglist
Primary features [ edit | edit source ],Historic,,historic,fort,,(taglist; descriptions load from Taginfo in the wiki page),taglist
Primary features [ edit | edit source ],Historic,,historic,gallows,,(taglist; descriptions load from Taginfo in the wiki page),taglist
Primary features [ edit | edit source ],Historic,,historic,house,,(taglist; descriptions load from Taginfo in the wiki page),taglist
Primary features [ edit | edit source ],Historic,,historic,high_cross,,(taglist; descriptions load from Taginfo in the wiki page),taglist
Primary features [ edit | edit source ],Historic,,historic,highwater_mark,,(taglist; descriptions load from Taginfo in the wiki page),taglist
Primary features [ edit | edit source ],Historic,,historic,lavoir,,(taglist; descriptions load from Taginfo in the wiki page),taglist
Primary features [ edit | edit source ],Historic,,historic,lime_kiln,,(taglist; descriptions load from Taginfo in the wiki page),taglist
Primary features [ edit | edit source ],Historic,,historic,locomotive,,(taglist; descriptions load from Taginfo in the wiki page),taglist
Primary features [ edit | edit source ],Historic,,historic,machine,,(taglist; descriptions load from Taginfo in the wiki page),taglist
Primary features [ edit | edit source ],Historic,,historic,manor,,(taglist; descriptions load from Taginfo in the wiki page),taglist
Primary features [ edit | edit source ],Historic,,historic,memorial,,(taglist; descriptions load from Taginfo in the wiki page),taglist
Primary features [ edit | edit source ],Historic,,historic,milestone,,(taglist; descriptions load from Taginfo in the wiki page),taglist
Primary features [ edit | edit source ],Historic,,historic,millstone,,(taglist; descriptions load from Taginfo in the wiki page),taglist
Primary features [ edit | edit source ],Historic,,historic,mine,,(taglist; descriptions load from Taginfo in the wiki page),taglist
Primary features [ edit | edit source ],Historic,,historic,minecart,,(taglist; descriptions load from Taginfo in the wiki page),taglist
Primary features [ edit | edit source ],Historic,,historic,monastery,,(taglist; descriptions load from Taginfo in the wiki page),taglist
Primary features [ edit | edit source ],Historic,,historic,monument,,(taglist; descriptions load from Taginfo in the wiki page),taglist
Primary features [ edit | edit source ],Historic,,historic,mosque,,(taglist; descriptions load from Taginfo in the wiki page),taglist
Primary features [ edit | edit source ],Historic,,historic,ogham_stone,,(taglist; descriptions load from Taginfo in the wiki page),taglist
Primary features [ edit | edit source ],Historic,,historic,optical_telegraph,,(taglist; descriptions load from Taginfo in the wiki page),taglist
Primary features [ edit | edit source ],Historic,,historic,pillory,,(taglist; descriptions load from Taginfo in the wiki page),taglist
Primary features [ edit | edit source ],Historic,,historic,pound,,(taglist; descriptions load from Taginfo in the wiki page),taglist
Primary features [ edit | edit source ],Historic,,historic,railway_car,,(taglist; descriptions load from Taginfo in the wiki page),taglist
Primary features [ edit | edit source ],Historic,,historic,road,,(taglist; descriptions load from Taginfo in the wiki page),taglist
Primary features [ edit | edit source ],Historic,,historic,round_tower,,(taglist; descriptions load from Taginfo in the wiki page),taglist
Primary features [ edit | edit source ],Historic,,historic,ruins,,(taglist; descriptions load from Taginfo in the wiki page),taglist
Primary features [ edit | edit source ],Historic,,historic,rune_stone,,(taglist; descriptions load from Taginfo in the wiki page),taglist
Primary features [ edit | edit source ],Historic,,historic,shieling,,(taglist; descriptions load from Taginfo in the wiki page),taglist
Primary features [ edit | edit source ],Historic,,historic,ship,,(taglist; descriptions load from Taginfo in the wiki page),taglist
Primary features [ edit | edit source ],Historic,,historic,stećak,,(taglist; descriptions load from Taginfo in the wiki page),taglist
Primary features [ edit | edit source ],Historic,,historic,stone,,(taglist; descriptions load from Taginfo in the wiki page),taglist
Primary features [ edit | edit source ],Historic,,historic,tank,,(taglist; descriptions load from Taginfo in the wiki page),taglist
Primary features [ edit | edit source ],Historic,,historic,temple,,(taglist; descriptions load from Taginfo in the wiki page),taglist
Primary features [ edit | edit source ],Historic,,historic,tomb,,(taglist; descriptions load from Taginfo in the wiki page),taglist
Primary features [ edit | edit source ],Historic,,historic,tower,,(taglist; descriptions load from Taginfo in the wiki page),taglist
Primary features [ edit | edit source ],Historic,,historic,vehicle,,(taglist; descriptions load from Taginfo in the wiki page),taglist
Primary features [ edit | edit source ],Historic,,historic,wayside_cross,,(taglist; descriptions load from Taginfo in the wiki page),taglist
Primary features [ edit | edit source ],Historic,,historic,wayside_shrine,,(taglist; descriptions load from Taginfo in the wiki page),taglist
Primary features [ edit | edit source ],Historic,,historic,wreck,,(taglist; descriptions load from Taginfo in the wiki page),taglist
Primary features [ edit | edit source ],Historic,,historic,warehouse,,(taglist; descriptions load from Taginfo in the wiki page),taglist
Primary features [ edit | edit source ],Historic,,historic,yes,,(taglist; descriptions load from Taginfo in the wiki page),taglist
Primary features [ edit | edit source ],Landuse,Common landuse key values - developed land [ edit source ],landuse,commercial,node area,"Predominantly commercial businesses and their offices. Commercial businesses which sell goods should be categorised as landuse = retail . Commercial businesses can sell services on site and may include private Doctor's Surgeries, and those non-government services for mental and physical health, such as a Counselor's or Physiotherapist's practice or Veterinary. Commercial businesses can also include office buildings and business parks which have limited interface with the public and sell their services either on site, or externally. Commercial businesses have low amounts of public foot traffic.",wikitable
Primary features [ edit | edit source ],Landuse,Common landuse key values - developed land [ edit source ],landuse,construction,node area,"A site which is under active development and construction of a building or structure, including any purposeful alteration to the land or vegetation upon it. Abandoned construction projects and sites should not use this tag.",wikitable
Primary features [ edit | edit source ],Landuse,Common landuse key values - developed land [ edit source ],landuse,education,node area,An area predominately used for educational purposes/facilities.,wikitable
Primary features [ edit | edit source ],Landuse,Common landuse key values - developed land [ edit source ],landuse,fairground,node area,A site where a fair takes place,wikitable
Primary features [ edit | edit source ],Landuse,Common landuse key values - developed land [ edit source ],landuse,industrial,node area,"Predominantly industrial landuses such as workshops, factories, or warehouses.",wikitable
Primary features [ edit | edit source ],Landuse,Common landuse key values - developed land [ edit source ],landuse,residential,node area,"Land where people reside; predominantly residential detached (single houses, grouped dwellings), or attached (apartments, flats, units) dwellings. For ""Mixed-Use"" areas where more than half of the land is residential, tag as residential. See also : Land use and areas of natural land § Open questions",wikitable
Primary features [ edit | edit source ],Landuse,Common landuse key values - developed land [ edit source ],landuse,retail,node area,"Predominantly retail businesses such as shops. Retail businesses sell physical goods such as food (prepared or grocery), clothing, medicine, stationary, appliances, tools, or other similar physical items. Retail businesses have high amounts of public foot traffic. Retail businesses do not exclusively provide or sell their services. For businesses which sell services see landuse = commercial . Generally a member of the public could freely walk into and access a retail business. Retail is a subset of commercial, but should be used and treated as mutually exclusive in OpenStreetMap.",wikitable
Primary features [ edit | edit source ],Landuse,Common landuse key values - developed land [ edit source ],landuse,institutional,node area,"Land used for institutional purposes, see Institution (disambiguation) . Institutional land may contain one or more buildings like an office = government , office = ngo , office = association , amenity = social_facility and their associated infrastructure (car parks, service roads, yards and so-on) inside the area. The meaning of this tag is ambiguous and unclear by some. Consider using another tag that better describes the object. For instance landuse = civic_admin .",wikitable
Primary features [ edit | edit source ],Landuse,Common landuse key values - rural and agricultural land [ edit source ],landuse,aquaculture,node area,"Aquaculture is the farming of freshwater and saltwater organisms such as finfish, molluscs, crustaceans and aquatic plants. Warning: currently, there is no convention on the exact meaning of this tag. Therefore, it makes sense to treat it like ""boundary of aquaculture"" (without implication of water body), which means, water body should be tagged by its own, using natural = water etc.",wikitable
Primary features [ edit | edit source ],Landuse,Common landuse key values - rural and agricultural land [ edit source ],landuse,allotments,node area,A piece of land given over to local residents for growing vegetables and flowers.,wikitable
Primary features [ edit | edit source ],Landuse,Common landuse key values - rural and agricultural land [ edit source ],landuse,farmland,area,"An area of farmland used for tillage (cereals, vegetables, oil plants, flowers).",wikitable
Primary features [ edit | edit source ],Landuse,Common landuse key values - rural and agricultural land [ edit source ],landuse,farmyard,area,"An area of land with farm buildings like farmhouse, dwellings, farmsteads, sheds, stables, barns, equipment sheds, feed bunkers, etc. plus the open space in between them and the shrubbery/trees around them.",wikitable
Primary features [ edit | edit source ],Landuse,Common landuse key values - rural and agricultural land [ edit source ],landuse,animal_keeping,area,"An area of land that is used to keep animals, particularly horses and livestock.",wikitable
Primary features [ edit | edit source ],Landuse,Common landuse key values - rural and agricultural land [ edit source ],landuse,flowerbed,area,An area designated for flowers,wikitable
Primary features [ edit | edit source ],Landuse,Common landuse key values - rural and agricultural land [ edit source ],landuse,forest,node area,Managed forest or woodland plantation ( Other languages ). Some use this to map an area of trees rather than the use of the land. See Forest .,wikitable
Primary features [ edit | edit source ],Landuse,Common landuse key values - rural and agricultural land [ edit source ],landuse,logging,area,An area where some or all trees have been cut down,wikitable
Primary features [ edit | edit source ],Landuse,Common landuse key values - rural and agricultural land [ edit source ],landuse,greenhouse_horticulture,area,Area used for growing plants in greenhouses,wikitable
Primary features [ edit | edit source ],Landuse,Common landuse key values - rural and agricultural land [ edit source ],landuse,meadow,node area,"A meadow or pasture: land primarily vegetated by grass and non-woody plants, mainly used for hay or grazing",wikitable
Primary features [ edit | edit source ],Landuse,Common landuse key values - rural and agricultural land [ edit source ],landuse,orchard,node area,intentional planting of trees or shrubs maintained for food production,wikitable
Primary features [ edit | edit source ],Landuse,Common landuse key values - rural and agricultural land [ edit source ],landuse,plant_nursery,area,intentional planting of plants maintaining for the production of new plants,wikitable
Primary features [ edit | edit source ],Landuse,Common landuse key values - rural and agricultural land [ edit source ],landuse,vineyard,node area,A piece of land where grapes are grown.,wikitable
Primary features [ edit | edit source ],Landuse,Common landuse key values - traffic and transportation [ edit source ],landuse,depot,area,"An area used as a depot for e.g. vehicles (trains, buses or trams). Consider using rather standard landuse tags like landuse = railway , landuse = commercial , landuse = industrial , with subtag like industrial = depot .",wikitable
Primary features [ edit | edit source ],Landuse,Common landuse key values - traffic and transportation [ edit source ],landuse,garages,area,"One level buildings with boxes commonly for cars, usually made of brick and metal. Usually this area belong to garage cooperative with own name, chairman, budget, rules, security, etc.",wikitable
Primary features [ edit | edit source ],Landuse,Common landuse key values - traffic and transportation [ edit source ],landuse,highway,area,"Area of land used for a highway, including all auxiliary areas like associated footways, verges and ditches.",wikitable
Primary features [ edit | edit source ],Landuse,Common landuse key values - traffic and transportation [ edit source ],landuse,port,area,coastal industrial area where commercial traffic is handled. Consider using landuse = industrial + industrial = port for this type of industrial area.,wikitable
Primary features [ edit | edit source ],Landuse,Common landuse key values - traffic and transportation [ edit source ],landuse,railway,area,Area for railway use,wikitable
Primary features [ edit | edit source ],Landuse,Common landuse key values - waterbody [ edit source ],landuse,basin,node area,An area artificially graded to hold water. Together with basin =* for stormwater/rainwater infiltration/detention/retention basins. Other languages .,wikitable
Primary features [ edit | edit source ],Landuse,Common landuse key values - waterbody [ edit source ],landuse,reservoir,node area,A reservoir on Wikipedia. Deprecated variant of natural = water + water = reservoir . See Proposed features/Reservoir for details.,wikitable
Primary features [ edit | edit source ],Landuse,Common landuse key values - waterbody [ edit source ],landuse,salt_pond,area,A place where salt (saline) water is evaporated to extract its salt.,wikitable
Primary features [ edit | edit source ],Landuse,Other landuse key values [ edit source ],landuse,brownfield,node area,Describes land scheduled for new development where old buildings have been demolished and cleared,wikitable
Primary features [ edit | edit source ],Landuse,Other landuse key values [ edit source ],landuse,cemetery,node area,Place for burials. You can add religion =* (values listed in the place of worship page ). Smaller places (e.g. with a church nearby) may use amenity = grave_yard instead.,wikitable
Primary features [ edit | edit source ],Landuse,Other landuse key values [ edit source ],landuse,conservation,area,"Protected areas (deprecated) Alternate tagging of same thing: boundary = protected_area , protected_area =*",wikitable
Primary features [ edit | edit source ],Landuse,Other landuse key values [ edit source ],landuse,grass,node area,"An area of mown and managed grass not otherwise covered by a more specific tag. Some view this as not a landuse, see the main page landuse = grass for discussion.",wikitable
Primary features [ edit | edit source ],Landuse,Other landuse key values [ edit source ],landuse,greenfield,node area,Describes land scheduled for new development where there have been no buildings before. A greenfield is scheduled to turn into a construction site,wikitable
Primary features [ edit | edit source ],Landuse,Other landuse key values [ edit source ],landuse,landfill,node area,Place where waste is dumped.,wikitable
Primary features [ edit | edit source ],Landuse,Other landuse key values [ edit source ],landuse,military,node area,For land areas owned/used by the military for whatever purpose,wikitable
Primary features [ edit | edit source ],Landuse,Other landuse key values [ edit source ],landuse,quarry,node area,Surface mineral extraction,wikitable
Primary features [ edit | edit source ],Landuse,Other landuse key values [ edit source ],landuse,recreation_ground,node area,"An open green space for general recreation, which may include pitches, nets and so on, usually municipal but possibly also private to colleges or companies",wikitable
Primary features [ edit | edit source ],Landuse,Other landuse key values [ edit source ],landuse,religious,node area,An area used for religious purposes,wikitable
Primary features [ edit | edit source ],Landuse,Other landuse key values [ edit source ],landuse,village_green,node area,A village green is a distinctive area of grassy public land in a village centre. Not a generic tag for urban greenery. It is a typical English term – defined separately from 'common land' under the Commons Registration Act 1965 and the Commons Act 2006.,wikitable
Primary features [ edit | edit source ],Landuse,Other landuse key values [ edit source ],landuse,greenery,area,"Used for any area covered with landscaping or decorative greenery, regardless of it being on a roundabout, along a street or in a park/garden, This tag has been used for vegetation that is hard to classify, either because its kind or because its diversity.",wikitable
Primary features [ edit | edit source ],Landuse,Other landuse key values [ edit source ],landuse,winter_sports,node area,An area dedicated to winter sports (e.g. skiing),wikitable
Primary features [ edit | edit source ],Landuse,Other landuse key values [ edit source ],landuse,user defined,node area,All commonly used values according to Taginfo,wikitable
Primary features [ edit | edit source ],Leisure,,leisure,adult_gaming_centre,node area,"A venue with gambling machines, usually with a minimum age requirement.",wikitable
Primary features [ edit | edit source ],Leisure,,leisure,amusement_arcade,node area,A venue with pay-to-play games.,wikitable
Primary features [ edit | edit source ],Leisure,,leisure,beach_resort,node area,"A managed beach, including within the boundary any associated facilities. Entry may also require payment of a fee.",wikitable
Primary features [ edit | edit source ],Leisure,,leisure,bandstand,node area,A bandstand is an open structure where musical bands can perform concerts.,wikitable
Primary features [ edit | edit source ],Leisure,,leisure,bird_hide,node area,"A place that is used to observe wildlife, especially birds.",wikitable
Primary features [ edit | edit source ],Leisure,,leisure,common,node area,Identify land over which the public has general rights of use for certain leisure activities.,wikitable
Primary features [ edit | edit source ],Leisure,,leisure,dance,node area,A dance venue or dance hall.,wikitable
Primary features [ edit | edit source ],Leisure,,leisure,disc_golf_course,node area,A place to play disc golf.,wikitable
Primary features [ edit | edit source ],Leisure,,leisure,dog_park,node area,"A designated area, with or without a fenced boundary, where dog-owners are permitted to exercise their pets unrestrained.",wikitable
Primary features [ edit | edit source ],Leisure,,leisure,escape_game,node area,"A physical adventure game in which players solve a series of puzzles using clues, hints and strategy to complete the objectives at hand.",wikitable
Primary features [ edit | edit source ],Leisure,,leisure,firepit,node area,"A fire ring or fire pit, often at a campsite or picnic site.",wikitable
Primary features [ edit | edit source ],Leisure,,leisure,fishing,node area,A public or private place for fishing.,wikitable
Primary features [ edit | edit source ],Leisure,,leisure,fitness_centre,node area,"Fitness centre, health club or gym with exercise machines, fitness classes or both, for exercise.",wikitable
Primary features [ edit | edit source ],Leisure,,leisure,fitness_station,node area,An outdoor facility where people can practise typical fitness exercises.,wikitable
Primary features [ edit | edit source ],Leisure,,leisure,garden,node area,A place where flowers and other plants are grown in a decorative and structured manner or for scientific purposes.,wikitable
Primary features [ edit | edit source ],Leisure,,leisure,hackerspace,node area,"A place where people with common interests (science, technology, ...) meet.",wikitable
Primary features [ edit | edit source ],Leisure,,leisure,horse_riding,node area,"A facility where people practise horse riding, usually in their spare time, e.g. a riding centre. For a riding arena use leisure = pitch + sport = equestrian .",wikitable
Primary features [ edit | edit source ],Leisure,,leisure,ice_rink,node area,A place where you can skate and play bandy or ice hockey.,wikitable
Primary features [ edit | edit source ],Leisure,,leisure,marina,node area,A facility for mooring leisure yachts and motor boats.,wikitable
Primary features [ edit | edit source ],Leisure,,leisure,miniature_golf,node area,A place or area where you can play miniature golf.,wikitable
Primary features [ edit | edit source ],Leisure,,leisure,nature_reserve,node area,"A protected area of importance for wildlife, flora, fauna or features of geological or other special interest.",wikitable
Primary features [ edit | edit source ],Leisure,,leisure,paddling_pool [en],node area,"A paddling pool is a shallow pool, typically less than 30cm (1 ft.) deep, for children to play in.",wikitable
Primary features [ edit | edit source ],Leisure,,leisure,park,node area,"A park, usually in an urban (municipal) setting, created for recreation and relaxation.",wikitable
Primary features [ edit | edit source ],Leisure,,leisure,picnic_table,node area,A table with benches for food and rest.,wikitable
Primary features [ edit | edit source ],Leisure,,leisure,pitch,node area,"An area designed for practising a particular sport, normally designated with appropriate markings.",wikitable
Primary features [ edit | edit source ],Leisure,,leisure,playground,node area,A playground: an area designed for children to play.,wikitable
Primary features [ edit | edit source ],Leisure,,leisure,slipway,node area,A slipway: a ramp for launching a boat into water.,wikitable
Primary features [ edit | edit source ],Leisure,,leisure,sports_centre,node area,A sports centre is a distinct facility where sports take place within an enclosed area.,wikitable
Primary features [ edit | edit source ],Leisure,,leisure,stadium,node area,A major sports facility with substantial tiered seating.,wikitable
Primary features [ edit | edit source ],Leisure,,leisure,summer_camp,node area,A place for supervised camps for children or teenagers conducted during the summer months.,wikitable
Primary features [ edit | edit source ],Leisure,,leisure,swimming_area,node area,"An area for swimming within a larger body of water (such as a river, lake or the sea) that is marked by a rope, buoys or similar.",wikitable
Primary features [ edit | edit source ],Leisure,,leisure,swimming_pool,node area,A swimming pool (water area only).,wikitable
Primary features [ edit | edit source ],Leisure,,leisure,track,node area,"A track for running, cycling and other non-motorised racing such as horses, greyhounds.",wikitable
Primary features [ edit | edit source ],Leisure,,leisure,water_park,node area,"An amusement park with features like water slides, recreational pools (e.g. wave pools) or lazy rivers.",wikitable
Primary features [ edit | edit source ],Man made,,man_made,adit,,(taglist; descriptions load from Taginfo in the wiki page),taglist
Primary features [ edit | edit source ],Man made,,man_made,beacon,,(taglist; descriptions load from Taginfo in the wiki page),taglist
Primary features [ edit | edit source ],Man made,,man_made,breakwater,,(taglist; descriptions load from Taginfo in the wiki page),taglist
Primary features [ edit | edit source ],Man made,,man_made,bridge,,(taglist; descriptions load from Taginfo in the wiki page),taglist
Primary features [ edit | edit source ],Man made,,man_made,bunker_silo,,(taglist; descriptions load from Taginfo in the wiki page),taglist
Primary features [ edit | edit source ],Man made,,man_made,carpet_hanger,,(taglist; descriptions load from Taginfo in the wiki page),taglist
Primary features [ edit | edit source ],Man made,,man_made,chimney,,(taglist; descriptions load from Taginfo in the wiki page),taglist
Primary features [ edit | edit source ],Man made,,man_made,column,,(taglist; descriptions load from Taginfo in the wiki page),taglist
Primary features [ edit | edit source ],Man made,,man_made,communications_tower,,(taglist; descriptions load from Taginfo in the wiki page),taglist
Primary features [ edit | edit source ],Man made,,man_made,crane,,(taglist; descriptions load from Taginfo in the wiki page),taglist
Primary features [ edit | edit source ],Man made,,man_made,cross,,(taglist; descriptions load from Taginfo in the wiki page),taglist
Primary features [ edit | edit source ],Man made,,man_made,cutline,,(taglist; descriptions load from Taginfo in the wiki page),taglist
Primary features [ edit | edit source ],Man made,,man_made,clearcut,,(taglist; descriptions load from Taginfo in the wiki page),taglist
Primary features [ edit | edit source ],Man made,,man_made,dovecote,,(taglist; descriptions load from Taginfo in the wiki page),taglist
Primary features [ edit | edit source ],Man made,,man_made,dyke,,(taglist; descriptions load from Taginfo in the wiki page),taglist
Primary features [ edit | edit source ],Man made,,man_made,embankment,,(taglist; descriptions load from Taginfo in the wiki page),taglist
Primary features [ edit | edit source ],Man made,,man_made,flagpole,,(taglist; descriptions load from Taginfo in the wiki page),taglist
Primary features [ edit | edit source ],Man made,,man_made,gasometer,,(taglist; descriptions load from Taginfo in the wiki page),taglist
Primary features [ edit | edit source ],Man made,,man_made,goods_conveyor,,(taglist; descriptions load from Taginfo in the wiki page),taglist
Primary features [ edit | edit source ],Man made,,man_made,groyne,,(taglist; descriptions load from Taginfo in the wiki page),taglist
Primary features [ edit | edit source ],Man made,,man_made,guard_stone,,(taglist; descriptions load from Taginfo in the wiki page),taglist
Primary features [ edit | edit source ],Man made,,man_made,kiln,,(taglist; descriptions load from Taginfo in the wiki page),taglist
Primary features [ edit | edit source ],Man made,,man_made,lighthouse,,(taglist; descriptions load from Taginfo in the wiki page),taglist
Primary features [ edit | edit source ],Man made,,man_made,mast,,(taglist; descriptions load from Taginfo in the wiki page),taglist
Primary features [ edit | edit source ],Man made,,man_made,mineshaft,,(taglist; descriptions load from Taginfo in the wiki page),taglist
Primary features [ edit | edit source ],Man made,,man_made,monitoring_station,,(taglist; descriptions load from Taginfo in the wiki page),taglist
Primary features [ edit | edit source ],Man made,,man_made,obelisk,,(taglist; descriptions load from Taginfo in the wiki page),taglist
Primary features [ edit | edit source ],Man made,,man_made,observatory,,(taglist; descriptions load from Taginfo in the wiki page),taglist
Primary features [ edit | edit source ],Man made,,man_made,offshore_platform,,(taglist; descriptions load from Taginfo in the wiki page),taglist
Primary features [ edit | edit source ],Man made,,man_made,petroleum_well,,(taglist; descriptions load from Taginfo in the wiki page),taglist
Primary features [ edit | edit source ],Man made,,man_made,pier,,(taglist; descriptions load from Taginfo in the wiki page),taglist
Primary features [ edit | edit source ],Man made,,man_made,pipeline,,(taglist; descriptions load from Taginfo in the wiki page),taglist
Primary features [ edit | edit source ],Man made,,man_made,pump,,(taglist; descriptions load from Taginfo in the wiki page),taglist
Primary features [ edit | edit source ],Man made,,man_made,pumping_station,,(taglist; descriptions load from Taginfo in the wiki page),taglist
Primary features [ edit | edit source ],Man made,,man_made,reservoir_covered,,(taglist; descriptions load from Taginfo in the wiki page),taglist
Primary features [ edit | edit source ],Man made,,man_made,sewer_vent,,(taglist; descriptions load from Taginfo in the wiki page),taglist
Primary features [ edit | edit source ],Man made,,man_made,silo,,(taglist; descriptions load from Taginfo in the wiki page),taglist
Primary features [ edit | edit source ],Man made,,man_made,snow_fence,,(taglist; descriptions load from Taginfo in the wiki page),taglist
Primary features [ edit | edit source ],Man made,,man_made,snow_net,,(taglist; descriptions load from Taginfo in the wiki page),taglist
Primary features [ edit | edit source ],Man made,,man_made,storage_tank,,(taglist; descriptions load from Taginfo in the wiki page),taglist
Primary features [ edit | edit source ],Man made,,man_made,street_cabinet,,(taglist; descriptions load from Taginfo in the wiki page),taglist
Primary features [ edit | edit source ],Man made,,man_made,stupa,,(taglist; descriptions load from Taginfo in the wiki page),taglist
Primary features [ edit | edit source ],Man made,,man_made,surveillance,,(taglist; descriptions load from Taginfo in the wiki page),taglist
Primary features [ edit | edit source ],Man made,,man_made,survey_point,,(taglist; descriptions load from Taginfo in the wiki page),taglist
Primary features [ edit | edit source ],Man made,,man_made,tailings_pond,,(taglist; descriptions load from Taginfo in the wiki page),taglist
Primary features [ edit | edit source ],Man made,,man_made,telescope,,(taglist; descriptions load from Taginfo in the wiki page),taglist
Primary features [ edit | edit source ],Man made,,man_made,tower,,(taglist; descriptions load from Taginfo in the wiki page),taglist
Primary features [ edit | edit source ],Man made,,man_made,video_wall,,(taglist; descriptions load from Taginfo in the wiki page),taglist
Primary features [ edit | edit source ],Man made,,man_made,wastewater_plant,,(taglist; descriptions load from Taginfo in the wiki page),taglist
Primary features [ edit | edit source ],Man made,,man_made,watermill,,(taglist; descriptions load from Taginfo in the wiki page),taglist
Primary features [ edit | edit source ],Man made,,man_made,water_tower,,(taglist; descriptions load from Taginfo in the wiki page),taglist
Primary features [ edit | edit source ],Man made,,man_made,water_well,,(taglist; descriptions load from Taginfo in the wiki page),taglist
Primary features [ edit | edit source ],Man made,,man_made,water_tap,,(taglist; descriptions load from Taginfo in the wiki page),taglist
Primary features [ edit | edit source ],Man made,,man_made,water_works,,(taglist; descriptions load from Taginfo in the wiki page),taglist
Primary features [ edit | edit source ],Man made,,man_made,wildlife_crossing,,(taglist; descriptions load from Taginfo in the wiki page),taglist
Primary features [ edit | edit source ],Man made,,man_made,windmill,,(taglist; descriptions load from Taginfo in the wiki page),taglist
Primary features [ edit | edit source ],Man made,,man_made,works,,(taglist; descriptions load from Taginfo in the wiki page),taglist
Primary features [ edit | edit source ],Man made,,man_made,yes,,(taglist; descriptions load from Taginfo in the wiki page),taglist
Primary features [ edit | edit source ],Military,,military,academy,,(taglist; descriptions load from Taginfo in the wiki page),taglist
Primary features [ edit | edit source ],Military,,military,airfield,,(taglist; descriptions load from Taginfo in the wiki page),taglist
Primary features [ edit | edit source ],Military,,military,base,,(taglist; descriptions load from Taginfo in the wiki page),taglist
Primary features [ edit | edit source ],Military,,military,bunker,,(taglist; descriptions load from Taginfo in the wiki page),taglist
Primary features [ edit | edit source ],Military,,military,barracks,,(taglist; descriptions load from Taginfo in the wiki page),taglist
Primary features [ edit | edit source ],Military,,military,checkpoint,,(taglist; descriptions load from Taginfo in the wiki page),taglist
Primary features [ edit | edit source ],Military,,military,danger_area,,(taglist; descriptions load from Taginfo in the wiki page),taglist
Primary features [ edit | edit source ],Military,,military,nuclear_explosion_site,,(taglist; descriptions load from Taginfo in the wiki page),taglist
Primary features [ edit | edit source ],Military,,military,obstacle_course,,(taglist; descriptions load from Taginfo in the wiki page),taglist
Primary features [ edit | edit source ],Military,,military,office,,(taglist; descriptions load from Taginfo in the wiki page),taglist
Primary features [ edit | edit source ],Military,,military,range,,(taglist; descriptions load from Taginfo in the wiki page),taglist
Primary features [ edit | edit source ],Military,,military,school,,(taglist; descriptions load from Taginfo in the wiki page),taglist
Primary features [ edit | edit source ],Military,,military,training_area,,(taglist; descriptions load from Taginfo in the wiki page),taglist
Primary features [ edit | edit source ],Military,,military,trench,,(taglist; descriptions load from Taginfo in the wiki page),taglist
Primary features [ edit | edit source ],Natural,Vegetation [ edit source ],natural,fell,,(taglist; descriptions load from Taginfo in the wiki page),taglist
Primary features [ edit | edit source ],Natural,Vegetation [ edit source ],natural,grassland,,(taglist; descriptions load from Taginfo in the wiki page),taglist
Primary features [ edit | edit source ],Natural,Vegetation [ edit source ],natural,heath,,(taglist; descriptions load from Taginfo in the wiki page),taglist
Primary features [ edit | edit source ],Natural,Vegetation [ edit source ],natural,moor,,(taglist; descriptions load from Taginfo in the wiki page),taglist
Primary features [ edit | edit source ],Natural,Vegetation [ edit source ],natural,scrub,,(taglist; descriptions load from Taginfo in the wiki page),taglist
Primary features [ edit | edit source ],Natural,Vegetation [ edit source ],natural,shrubbery,,(taglist; descriptions load from Taginfo in the wiki page),taglist
Primary features [ edit | edit source ],Natural,Vegetation [ edit source ],natural,tree,,(taglist; descriptions load from Taginfo in the wiki page),taglist
Primary features [ edit | edit source ],Natural,Vegetation [ edit source ],natural,tree_row,,(taglist; descriptions load from Taginfo in the wiki page),taglist
Primary features [ edit | edit source ],Natural,Vegetation [ edit source ],natural,tundra,,(taglist; descriptions load from Taginfo in the wiki page),taglist
Primary features [ edit | edit source ],Natural,Vegetation [ edit source ],natural,wood,,(taglist; descriptions load from Taginfo in the wiki page),taglist
Primary features [ edit | edit source ],Natural,Water related [ edit source ],natural,bay,,(taglist; descriptions load from Taginfo in the wiki page),taglist
Primary features [ edit | edit source ],Natural,Water related [ edit source ],natural,beach,,(taglist; descriptions load from Taginfo in the wiki page),taglist
Primary features [ edit | edit source ],Natural,Water related [ edit source ],natural,blowhole,,(taglist; descriptions load from Taginfo in the wiki page),taglist
Primary features [ edit | edit source ],Natural,Water related [ edit source ],natural,cape,,(taglist; descriptions load from Taginfo in the wiki page),taglist
Primary features [ edit | edit source ],Natural,Water related [ edit source ],natural,coastline,,(taglist; descriptions load from Taginfo in the wiki page),taglist
Primary features [ edit | edit source ],Natural,Water related [ edit source ],natural,crevasse,,(taglist; descriptions load from Taginfo in the wiki page),taglist
Primary features [ edit | edit source ],Natural,Water related [ edit source ],natural,geyser,,(taglist; descriptions load from Taginfo in the wiki page),taglist
Primary features [ edit | edit source ],Natural,Water related [ edit source ],natural,glacier,,(taglist; descriptions load from Taginfo in the wiki page),taglist
Primary features [ edit | edit source ],Natural,Water related [ edit source ],natural,hot_spring,,(taglist; descriptions load from Taginfo in the wiki page),taglist
Primary features [ edit | edit source ],Natural,Water related [ edit source ],natural,isthmus,,(taglist; descriptions load from Taginfo in the wiki page),taglist
Primary features [ edit | edit source ],Natural,Water related [ edit source ],natural,mud,,(taglist; descriptions load from Taginfo in the wiki page),taglist
Primary features [ edit | edit source ],Natural,Water related [ edit source ],natural,peninsula,,(taglist; descriptions load from Taginfo in the wiki page),taglist
Primary features [ edit | edit source ],Natural,Water related [ edit source ],natural,reef,,(taglist; descriptions load from Taginfo in the wiki page),taglist
Primary features [ edit | edit source ],Natural,Water related [ edit source ],natural,shingle,,(taglist; descriptions load from Taginfo in the wiki page),taglist
Primary features [ edit | edit source ],Natural,Water related [ edit source ],natural,shoal,,(taglist; descriptions load from Taginfo in the wiki page),taglist
Primary features [ edit | edit source ],Natural,Water related [ edit source ],natural,spring,,(taglist; descriptions load from Taginfo in the wiki page),taglist
Primary features [ edit | edit source ],Natural,Water related [ edit source ],natural,strait,,(taglist; descriptions load from Taginfo in the wiki page),taglist
Primary features [ edit | edit source ],Natural,Water related [ edit source ],natural,water,,(taglist; descriptions load from Taginfo in the wiki page),taglist
Primary features [ edit | edit source ],Natural,Water related [ edit source ],natural,wetland,,(taglist; descriptions load from Taginfo in the wiki page),taglist
Primary features [ edit | edit source ],Natural,Geology related [ edit source ],natural,arch,,(taglist; descriptions load from Taginfo in the wiki page),taglist
Primary features [ edit | edit source ],Natural,Geology related [ edit source ],natural,arete,,(taglist; descriptions load from Taginfo in the wiki page),taglist
Primary features [ edit | edit source ],Natural,Geology related [ edit source ],natural,bare_rock,,(taglist; descriptions load from Taginfo in the wiki page),taglist
Primary features [ edit | edit source ],Natural,Geology related [ edit source ],natural,blockfield,,(taglist; descriptions load from Taginfo in the wiki page),taglist
Primary features [ edit | edit source ],Natural,Geology related [ edit source ],natural,cave_entrance,,(taglist; descriptions load from Taginfo in the wiki page),taglist
Primary features [ edit | edit source ],Natural,Geology related [ edit source ],natural,cliff,,(taglist; descriptions load from Taginfo in the wiki page),taglist
Primary features [ edit | edit source ],Natural,Geology related [ edit source ],natural,dune,,(taglist; descriptions load from Taginfo in the wiki page),taglist
Primary features [ edit | edit source ],Natural,Geology related [ edit source ],natural,earth_bank,,(taglist; descriptions load from Taginfo in the wiki page),taglist
Primary features [ edit | edit source ],Natural,Geology related [ edit source ],natural,fumarole,,(taglist; descriptions load from Taginfo in the wiki page),taglist
Primary features [ edit | edit source ],Natural,Geology related [ edit source ],natural,hill,,(taglist; descriptions load from Taginfo in the wiki page),taglist
Primary features [ edit | edit source ],Natural,Geology related [ edit source ],natural,peak,,(taglist; descriptions load from Taginfo in the wiki page),taglist
Primary features [ edit | edit source ],Natural,Geology related [ edit source ],natural,ridge,,(taglist; descriptions load from Taginfo in the wiki page),taglist
Primary features [ edit | edit source ],Natural,Geology related [ edit source ],natural,rock,,(taglist; descriptions load from Taginfo in the wiki page),taglist
Primary features [ edit | edit source ],Natural,Geology related [ edit source ],natural,saddle,,(taglist; descriptions load from Taginfo in the wiki page),taglist
Primary features [ edit | edit source ],Natural,Geology related [ edit source ],natural,sand,,(taglist; descriptions load from Taginfo in the wiki page),taglist
Primary features [ edit | edit source ],Natural,Geology related [ edit source ],natural,scree,,(taglist; descriptions load from Taginfo in the wiki page),taglist
Primary features [ edit | edit source ],Natural,Geology related [ edit source ],natural,sinkhole,,(taglist; descriptions load from Taginfo in the wiki page),taglist
Primary features [ edit | edit source ],Natural,Geology related [ edit source ],natural,stone,,(taglist; descriptions load from Taginfo in the wiki page),taglist
Primary features [ edit | edit source ],Natural,Geology related [ edit source ],natural,valley,,(taglist; descriptions load from Taginfo in the wiki page),taglist
Primary features [ edit | edit source ],Natural,Geology related [ edit source ],natural,volcano,,(taglist; descriptions load from Taginfo in the wiki page),taglist
Primary features [ edit | edit source ],Office,,office,accountant,,(taglist; descriptions load from Taginfo in the wiki page),taglist
Primary features [ edit | edit source ],Office,,office,advertising_agency,,(taglist; descriptions load from Taginfo in the wiki page),taglist
Primary features [ edit | edit source ],Office,,office,airline,,(taglist; descriptions load from Taginfo in the wiki page),taglist
Primary features [ edit | edit source ],Office,,office,architect,,(taglist; descriptions load from Taginfo in the wiki page),taglist
Primary features [ edit | edit source ],Office,,office,association,,(taglist; descriptions load from Taginfo in the wiki page),taglist
Primary features [ edit | edit source ],Office,,office,broadcaster,,(taglist; descriptions load from Taginfo in the wiki page),taglist
Primary features [ edit | edit source ],Office,,office,chamber,,(taglist; descriptions load from Taginfo in the wiki page),taglist
Primary features [ edit | edit source ],Office,,office,charity,,(taglist; descriptions load from Taginfo in the wiki page),taglist
Primary features [ edit | edit source ],Office,,office,company,,(taglist; descriptions load from Taginfo in the wiki page),taglist
Primary features [ edit | edit source ],Office,,office,construction_company,,(taglist; descriptions load from Taginfo in the wiki page),taglist
Primary features [ edit | edit source ],Office,,office,consulting,,(taglist; descriptions load from Taginfo in the wiki page),taglist
Primary features [ edit | edit source ],Office,,office,courier,,(taglist; descriptions load from Taginfo in the wiki page),taglist
Primary features [ edit | edit source ],Office,,office,coworking,,(taglist; descriptions load from Taginfo in the wiki page),taglist
Primary features [ edit | edit source ],Office,,office,diplomatic,,(taglist; descriptions load from Taginfo in the wiki page),taglist
Primary features [ edit | edit source ],Office,,office,educational_institution,,(taglist; descriptions load from Taginfo in the wiki page),taglist
Primary features [ edit | edit source ],Office,,office,employment_agency,,(taglist; descriptions load from Taginfo in the wiki page),taglist
Primary features [ edit | edit source ],Office,,office,energy_supplier,,(taglist; descriptions load from Taginfo in the wiki page),taglist
Primary features [ edit | edit source ],Office,,office,engineer,,(taglist; descriptions load from Taginfo in the wiki page),taglist
Primary features [ edit | edit source ],Office,,office,estate_agent,,(taglist; descriptions load from Taginfo in the wiki page),taglist
Primary features [ edit | edit source ],Office,,office,event_management,,(taglist; descriptions load from Taginfo in the wiki page),taglist
Primary features [ edit | edit source ],Office,,office,financial,,(taglist; descriptions load from Taginfo in the wiki page),taglist
Primary features [ edit | edit source ],Office,,office,financial_advisor,,(taglist; descriptions load from Taginfo in the wiki page),taglist
Primary features [ edit | edit source ],Office,,office,forestry,,(taglist; descriptions load from Taginfo in the wiki page),taglist
Primary features [ edit | edit source ],Office,,office,foundation,,(taglist; descriptions load from Taginfo in the wiki page),taglist
Primary features [ edit | edit source ],Office,,office,geodesist,,(taglist; descriptions load from Taginfo in the wiki page),taglist
Primary features [ edit | edit source ],Office,,office,gongo,,(taglist; descriptions load from Taginfo in the wiki page),taglist
Primary features [ edit | edit source ],Office,,office,government,,(taglist; descriptions load from Taginfo in the wiki page),taglist
Primary features [ edit | edit source ],Office,,office,graphic_design,,(taglist; descriptions load from Taginfo in the wiki page),taglist
Primary features [ edit | edit source ],Office,,office,guide,,(taglist; descriptions load from Taginfo in the wiki page),taglist
Primary features [ edit | edit source ],Office,,office,harbour_master,,(taglist; descriptions load from Taginfo in the wiki page),taglist
Primary features [ edit | edit source ],Office,,office,insurance,,(taglist; descriptions load from Taginfo in the wiki page),taglist
Primary features [ edit | edit source ],Office,,office,it,,(taglist; descriptions load from Taginfo in the wiki page),taglist
Primary features [ edit | edit source ],Office,,office,lawyer,,(taglist; descriptions load from Taginfo in the wiki page),taglist
Primary features [ edit | edit source ],Office,,office,logistics,,(taglist; descriptions load from Taginfo in the wiki page),taglist
Primary features [ edit | edit source ],Office,,office,moving_company,,(taglist; descriptions load from Taginfo in the wiki page),taglist
Primary features [ edit | edit source ],Office,,office,newspaper,,(taglist; descriptions load from Taginfo in the wiki page),taglist
Primary features [ edit | edit source ],Office,,office,ngo,,(taglist; descriptions load from Taginfo in the wiki page),taglist
Primary features [ edit | edit source ],Office,,office,notary,,(taglist; descriptions load from Taginfo in the wiki page),taglist
Primary features [ edit | edit source ],Office,,office,politician,,(taglist; descriptions load from Taginfo in the wiki page),taglist
Primary features [ edit | edit source ],Office,,office,political_party,,(taglist; descriptions load from Taginfo in the wiki page),taglist
Primary features [ edit | edit source ],Office,,office,property_management,,(taglist; descriptions load from Taginfo in the wiki page),taglist
Primary features [ edit | edit source ],Office,,office,publisher,,(taglist; descriptions load from Taginfo in the wiki page),taglist
Primary features [ edit | edit source ],Office,,office,quango,,(taglist; descriptions load from Taginfo in the wiki page),taglist
Primary features [ edit | edit source ],Office,,office,religion,,(taglist; descriptions load from Taginfo in the wiki page),taglist
Primary features [ edit | edit source ],Office,,office,research,,(taglist; descriptions load from Taginfo in the wiki page),taglist
Primary features [ edit | edit source ],Office,,office,school,,(taglist; descriptions load from Taginfo in the wiki page),taglist
Primary features [ edit | edit source ],Office,,office,security,,(taglist; descriptions load from Taginfo in the wiki page),taglist
Primary features [ edit | edit source ],Office,,office,surveyor,,(taglist; descriptions load from Taginfo in the wiki page),taglist
Primary features [ edit | edit source ],Office,,office,tax_advisor,,(taglist; descriptions load from Taginfo in the wiki page),taglist
Primary features [ edit | edit source ],Office,,office,telecommunication,,(taglist; descriptions load from Taginfo in the wiki page),taglist
Primary features [ edit | edit source ],Office,,office,transport,,(taglist; descriptions load from Taginfo in the wiki page),taglist
Primary features [ edit | edit source ],Office,,office,travel_agent,,(taglist; descriptions load from Taginfo in the wiki page),taglist
Primary features [ edit | edit source ],Office,,office,tutoring,,(taglist; descriptions load from Taginfo in the wiki page),taglist
Primary features [ edit | edit source ],Office,,office,union,,(taglist; descriptions load from Taginfo in the wiki page),taglist
Primary features [ edit | edit source ],Office,,office,university,,(taglist; descriptions load from Taginfo in the wiki page),taglist
Primary features [ edit | edit source ],Office,,office,visa,,(taglist; descriptions load from Taginfo in the wiki page),taglist
Primary features [ edit | edit source ],Office,,office,water_utility,,(taglist; descriptions load from Taginfo in the wiki page),taglist
Primary features [ edit | edit source ],Office,,office,yes,,(taglist; descriptions load from Taginfo in the wiki page),taglist
Primary features [ edit | edit source ],Place,Administratively declared places [ edit source ],place,country,,(taglist; descriptions load from Taginfo in the wiki page),taglist
Primary features [ edit | edit source ],Place,Administratively declared places [ edit source ],place,state,,(taglist; descriptions load from Taginfo in the wiki page),taglist
Primary features [ edit | edit source ],Place,Administratively declared places [ edit source ],place,region,,(taglist; descriptions load from Taginfo in the wiki page),taglist
Primary features [ edit | edit source ],Place,Administratively declared places [ edit source ],place,province,,(taglist; descriptions load from Taginfo in the wiki page),taglist
Primary features [ edit | edit source ],Place,Administratively declared places [ edit source ],place,district,,(taglist; descriptions load from Taginfo in the wiki page),taglist
Primary features [ edit | edit source ],Place,Administratively declared places [ edit source ],place,county,,(taglist; descriptions load from Taginfo in the wiki page),taglist
Primary features [ edit | edit source ],Place,Administratively declared places [ edit source ],place,subdistrict,,(taglist; descriptions load from Taginfo in the wiki page),taglist
Primary features [ edit | edit source ],Place,Administratively declared places [ edit source ],place,municipality,,(taglist; descriptions load from Taginfo in the wiki page),taglist
Primary features [ edit | edit source ],Place,"Populated settlements, urban [ edit source ]",place,city,,(taglist; descriptions load from Taginfo in the wiki page),taglist
Primary features [ edit | edit source ],Place,"Populated settlements, urban [ edit source ]",place,borough,,(taglist; descriptions load from Taginfo in the wiki page),taglist
Primary features [ edit | edit source ],Place,"Populated settlements, urban [ edit source ]",place,suburb,,(taglist; descriptions load from Taginfo in the wiki page),taglist
Primary features [ edit | edit source ],Place,"Populated settlements, urban [ edit source ]",place,quarter,,(taglist; descriptions load from Taginfo in the wiki page),taglist
Primary features [ edit | edit source ],Place,"Populated settlements, urban [ edit source ]",place,neighbourhood,,(taglist; descriptions load from Taginfo in the wiki page),taglist
Primary features [ edit | edit source ],Place,"Populated settlements, urban [ edit source ]",place,city_block,,(taglist; descriptions load from Taginfo in the wiki page),taglist
Primary features [ edit | edit source ],Place,"Populated settlements, urban [ edit source ]",place,plot,,(taglist; descriptions load from Taginfo in the wiki page),taglist
Primary features [ edit | edit source ],Place,"Populated settlements, urban and rural [ edit source ]",place,city,,(taglist; descriptions load from Taginfo in the wiki page),taglist
Primary features [ edit | edit source ],Place,"Populated settlements, urban and rural [ edit source ]",place,town,,(taglist; descriptions load from Taginfo in the wiki page),taglist
Primary features [ edit | edit source ],Place,"Populated settlements, urban and rural [ edit source ]",place,village,,(taglist; descriptions load from Taginfo in the wiki page),taglist
Primary features [ edit | edit source ],Place,"Populated settlements, urban and rural [ edit source ]",place,hamlet,,(taglist; descriptions load from Taginfo in the wiki page),taglist
Primary features [ edit | edit source ],Place,"Populated settlements, urban and rural [ edit source ]",place,isolated_dwelling,,(taglist; descriptions load from Taginfo in the wiki page),taglist
Primary features [ edit | edit source ],Place,"Populated settlements, urban and rural [ edit source ]",place,farm,,(taglist; descriptions load from Taginfo in the wiki page),taglist
Primary features [ edit | edit source ],Place,"Populated settlements, urban and rural [ edit source ]",place,allotments,,(taglist; descriptions load from Taginfo in the wiki page),taglist
Primary features [ edit | edit source ],Place,Other places [ edit source ],place,continent,,(taglist; descriptions load from Taginfo in the wiki page),taglist
Primary features [ edit | edit source ],Place,Other places [ edit source ],place,archipelago,,(taglist; descriptions load from Taginfo in the wiki page),taglist
Primary features [ edit | edit source ],Place,Other places [ edit source ],place,island,,(taglist; descriptions load from Taginfo in the wiki page),taglist
Primary features [ edit | edit source ],Place,Other places [ edit source ],place,islet,,(taglist; descriptions load from Taginfo in the wiki page),taglist
Primary features [ edit | edit source ],Place,Other places [ edit source ],place,square,,(taglist; descriptions load from Taginfo in the wiki page),taglist
Primary features [ edit | edit source ],Place,Other places [ edit source ],place,locality,,(taglist; descriptions load from Taginfo in the wiki page),taglist
Primary features [ edit | edit source ],Place,Other places [ edit source ],place,polder,,(taglist; descriptions load from Taginfo in the wiki page),taglist
Primary features [ edit | edit source ],Place,Other places [ edit source ],place,sea,,(taglist; descriptions load from Taginfo in the wiki page),taglist
Primary features [ edit | edit source ],Place,Other places [ edit source ],place,ocean,,(taglist; descriptions load from Taginfo in the wiki page),taglist
Primary features [ edit | edit source ],Place,Additional attributes [ edit source ],population,*,,(taglist; descriptions load from Taginfo in the wiki page),taglist
Primary features [ edit | edit source ],Place,Additional attributes [ edit source ],population,is_in=*,,(taglist; descriptions load from Taginfo in the wiki page),taglist
Primary features [ edit | edit source ],Power,,power,cable,,(taglist; descriptions load from Taginfo in the wiki page),taglist
Primary features [ edit | edit source ],Power,,power,catenary_mast,,(taglist; descriptions load from Taginfo in the wiki page),taglist
Primary features [ edit | edit source ],Power,,power,compensator,,(taglist; descriptions load from Taginfo in the wiki page),taglist
Primary features [ edit | edit source ],Power,,power,connection,,(taglist; descriptions load from Taginfo in the wiki page),taglist
Primary features [ edit | edit source ],Power,,power,converter,,(taglist; descriptions load from Taginfo in the wiki page),taglist
Primary features [ edit | edit source ],Power,,power,generator,,(taglist; descriptions load from Taginfo in the wiki page),taglist
Primary features [ edit | edit source ],Power,,power,heliostat,,(taglist; descriptions load from Taginfo in the wiki page),taglist
Primary features [ edit | edit source ],Power,,power,insulator,,(taglist; descriptions load from Taginfo in the wiki page),taglist
Primary features [ edit | edit source ],Power,,power,inverter,,(taglist; descriptions load from Taginfo in the wiki page),taglist
Primary features [ edit | edit source ],Power,,power,line,,(taglist; descriptions load from Taginfo in the wiki page),taglist
Primary features [ edit | edit source ],Power,,power,line=busbar,,(taglist; descriptions load from Taginfo in the wiki page),taglist
Primary features [ edit | edit source ],Power,,power,bay,,(taglist; descriptions load from Taginfo in the wiki page),taglist
Primary features [ edit | edit source ],Power,,power,power=minor_line,,(taglist; descriptions load from Taginfo in the wiki page),taglist
Primary features [ edit | edit source ],Power,,power,plant,,(taglist; descriptions load from Taginfo in the wiki page),taglist
Primary features [ edit | edit source ],Power,,power,pole,,(taglist; descriptions load from Taginfo in the wiki page),taglist
Primary features [ edit | edit source ],Power,,power,portal,,(taglist; descriptions load from Taginfo in the wiki page),taglist
Primary features [ edit | edit source ],Power,,power,substation,,(taglist; descriptions load from Taginfo in the wiki page),taglist
Primary features [ edit | edit source ],Power,,power,switch,,(taglist; descriptions load from Taginfo in the wiki page),taglist
Primary features [ edit | edit source ],Power,,power,switchgear,,(taglist; descriptions load from Taginfo in the wiki page),taglist
Primary features [ edit | edit source ],Power,,power,terminal,,(taglist; descriptions load from Taginfo in the wiki page),taglist
Primary features [ edit | edit source ],Power,,power,tower,,(taglist; descriptions load from Taginfo in the wiki page),taglist
Primary features [ edit | edit source ],Power,,power,transformer,,(taglist; descriptions load from Taginfo in the wiki page),taglist
Primary features [ edit | edit source ],Public transport,,public_transport,stop_position,,(taglist; descriptions load from Taginfo in the wiki page),taglist
Primary features [ edit | edit source ],Public transport,,public_transport,platform,,(taglist; descriptions load from Taginfo in the wiki page),taglist
Primary features [ edit | edit source ],Public transport,,public_transport,station,,(taglist; descriptions load from Taginfo in the wiki page),taglist
Primary features [ edit | edit source ],Public transport,,public_transport,stop_area,,(taglist; descriptions load from Taginfo in the wiki page),taglist
Primary features [ edit | edit source ],Public transport,,public_transport,stop_area_group,,(taglist; descriptions load from Taginfo in the wiki page),taglist
Primary features [ edit | edit source ],Railway,Tracks [ edit source ],railway,abandoned,way,"The course of a former railway which has been abandoned and the track removed . The course is still recognized through embankments, cuttings, tree rows, bridges, tunnels, remaining track ties, building shapes and rolling or straight ways. Demolished rails that are no longer identifiable are better mapped in OpenHistoricalMap (they are controversial in OSM). [ 1 ]",wikitable
Primary features [ edit | edit source ],Railway,Tracks [ edit source ],railway,construction,way,Railway under construction.,wikitable
Primary features [ edit | edit source ],Railway,Tracks [ edit source ],railway,proposed,way,Railway being proposed but haven't started construction. Please see the proposed page regarding verifiability on the ground of this value.,wikitable
Primary features [ edit | edit source ],Railway,Tracks [ edit source ],railway,disused,way,"A section of railway which is no longer used but where the track and infrastructure remains in place. The track is likely overgrown with endemic vegetation, but could be brought back into useful service with only minor effort.",wikitable
Primary features [ edit | edit source ],Railway,Tracks [ edit source ],railway,funicular,way,"Cable driven inclined railways on a steep slope, with a pair of cars connected by one cable",wikitable
Primary features [ edit | edit source ],Railway,Tracks [ edit source ],railway,light_rail,way,"A higher-standard tram system, normally in its own right-of-way. Often it connects towns and thus reaches a considerable length (tens of kilometres).",wikitable
Primary features [ edit | edit source ],Railway,Tracks [ edit source ],railway,miniature,way,"Miniature railways are narrower than narrow gauge and carry passengers, frequently at an exact scale of ""standard-sized"" rail (for example ""1/4 scale""). They can often be found in parks.",wikitable
Primary features [ edit | edit source ],Railway,Tracks [ edit source ],railway,monorail,way,A railway with only a single rail. A monorail can run above the rail like in Las Vegas and Disneyland or can suspend below the rail like the Wuppertal Schwebebahn (Germany).,wikitable
Primary features [ edit | edit source ],Railway,Tracks [ edit source ],railway,narrow_gauge,way,Narrow-gauge passenger or freight train tracks. Narrow gauge railways can have mainline railway service like the Rhaetian Railway in Switzerland or can be a small light industrial railway. Use gauge =* to specify the actual width of rails in mm.,wikitable
Primary features [ edit | edit source ],Railway,Tracks [ edit source ],railway,preserved,way,This is the old tag for historic trains. Use railway:preserved = yes for historical railway instead.,wikitable
Primary features [ edit | edit source ],Railway,Tracks [ edit source ],railway,rail,way,Full sized passenger or freight train tracks in the standard gauge for the country or state.,wikitable
Primary features [ edit | edit source ],Railway,Tracks [ edit source ],railway,subway,way,A city passenger rail service running mostly grade separated (see Wikipedia:rapid transit ). Often a significant portion of the line or its system/network is underground.,wikitable
Primary features [ edit | edit source ],Railway,Tracks [ edit source ],railway,tram,way,"One or two carriage rail vehicle tracks, usually sharing motor road, sometimes called ""street running"" ( Other languages ).",wikitable
Primary features [ edit | edit source ],Railway,Additional track features or attributes [ edit source ],bridge,yes,way,"If the railway goes over a street, waterway or other railway on an elevated structure.",wikitable
Primary features [ edit | edit source ],Railway,Additional track features or attributes [ edit source ],cutting,yes,way,"A section where the railway is significantly lower than ground level, but not underground.",wikitable
Primary features [ edit | edit source ],Railway,Additional track features or attributes [ edit source ],electrified,contact_line rail yes no,way,"contact_line: a power line over the train head rail: a third rail near the track supplying the train with power yes: electrified track, but no details available no: track with no power supply.",wikitable
Primary features [ edit | edit source ],Railway,Additional track features or attributes [ edit source ],embankment,yes,way,A section where the railway is raised significantly higher than ground level.,wikitable
Primary features [ edit | edit source ],Railway,Additional track features or attributes [ edit source ],embedded_rails,yes / <type of railway>,way,Specifies that a highway on which non-railway traffic is also allowed has railway tracks embedded in it but the rails are mapped as separate ways.,wikitable
Primary features [ edit | edit source ],Railway,Additional track features or attributes [ edit source ],frequency,< number > [Hz],way,The frequency with which a line is electrified. Use 0 for DC. Also see the voltage tag.,wikitable
Primary features [ edit | edit source ],Railway,Additional track features or attributes [ edit source ],passenger_lines,< number >,way,Used to describe number of tracks of the railway line a certain track segment belongs to.,wikitable
Primary features [ edit | edit source ],Railway,Additional track features or attributes [ edit source ],railway:track_ref,< number >,way,Track number,wikitable
Primary features [ edit | edit source ],Railway,Additional track features or attributes [ edit source ],service,crossover,way,Relatively short lengths of track which switch traffic from one parallel line to another,wikitable
Primary features [ edit | edit source ],Railway,Additional track features or attributes [ edit source ],service,siding,way,"Relatively short lengths of track, running parallel to (and connected to) a main route",wikitable
Primary features [ edit | edit source ],Railway,Additional track features or attributes [ edit source ],service,spur,way,"Relatively short lengths of track, built to give one company or entity access to a main or branch line.",wikitable
Primary features [ edit | edit source ],Railway,Additional track features or attributes [ edit source ],service,yard,way,Tracks within railway company operated marshalling or maintenance yards.,wikitable
Primary features [ edit | edit source ],Railway,Additional track features or attributes [ edit source ],tunnel,yes,way,If the railway goes below ground. Most subways have this tag.,wikitable
Primary features [ edit | edit source ],Railway,Additional track features or attributes [ edit source ],tracks,< number >,way,"Number of parallel tracks in close proximity when mapped as one single way representing all tracks . If not given means unknown and defaults to 1. In many parts of the world the tracks are being drawn out separately so that there is more detail, in which case this tag isn't used.",wikitable
Primary features [ edit | edit source ],Railway,Additional track features or attributes [ edit source ],usage,main branch industrial military tourism scientific test,way,"main line: heavy traffic branch line: connecting places with a mainline industrial: servicing large plants (iron, chemical etc.), surface mining, … military: servicing military area tourism: most mountain rails (rack-rails, funicular) and preserved railways scientific: rail transport at spaceports, large array telescopes, etc. test: track for testing new wheels, rails, tracks and rail technologies.",wikitable
Primary features [ edit | edit source ],Railway,Additional track features or attributes [ edit source ],voltage,< number >,way,The voltage with which a line is electrified. Also see the frequency tag.,wikitable
Primary features [ edit | edit source ],Railway,Stations and stops [ edit source ],railway,halt,node,A small station without switches,wikitable
Primary features [ edit | edit source ],Railway,Stations and stops [ edit source ],public_transport,stop_position,node,The position on the railway track where the train (its centre) stops at a platform. This is useful for routing on long platforms where also short trains stop and on long platforms where multiple trains stop behind each other. See also public_transport = stop_area .,wikitable
Primary features [ edit | edit source ],Railway,Stations and stops [ edit source ],public_transport,platform,node way area,"This is parallel to the rail line for showing where the actual platforms are. It is also to know where you can change platform and enter the station, so use footpaths to connect them. This is really useful for routing too. Use only if the platform is served by public transport.",wikitable
Primary features [ edit | edit source ],Railway,Stations and stops [ edit source ],railway,platform,way area,"This is parallel to the rail line for showing where the actual platforms are. It is also to know where you can change platform and enter the station, so use footpaths to connect them. This is really useful for routing too. Use in addition to public_transport = platform .",wikitable
Primary features [ edit | edit source ],Railway,Stations and stops [ edit source ],public_transport,station,node area,Railway passenger-only station.,wikitable
Primary features [ edit | edit source ],Railway,Stations and stops [ edit source ],railway,station,node area,Railway passenger and/or cargo station. Use in addition to public_transport = station .,wikitable
Primary features [ edit | edit source ],Railway,Stations and stops [ edit source ],railway,stop,node,Marks the position where trains stop at a station. It should be added as a node on a railway=rail way.,wikitable
Primary features [ edit | edit source ],Railway,Stations and stops [ edit source ],railway,subway_entrance,node,"The entrance to a subway station, usually going from surface to underground.",wikitable
Primary features [ edit | edit source ],Railway,Stations and stops [ edit source ],railway,tram_stop,node,A tram stop is a place where a passenger can embark / disembark a tram.,wikitable
Primary features [ edit | edit source ],Railway,Infrastructure [ edit source ],landuse,railway,area,Ground used around railways and railwaystations.,wikitable
Primary features [ edit | edit source ],Railway,Infrastructure [ edit source ],railway,buffer_stop,node,Stops the train at the end of a track. See buffer stop .,wikitable
Primary features [ edit | edit source ],Railway,Infrastructure [ edit source ],railway,crossing,node,A point where pedestrians may cross.,wikitable
Primary features [ edit | edit source ],Railway,Infrastructure [ edit source ],railway,derail,node,A device used to prevent fouling of a rail track by unauthorized movements of trains or unattended rolling stock. See Derail (railroad) .,wikitable
Primary features [ edit | edit source ],Railway,Infrastructure [ edit source ],railway,level_crossing,node,A point where rails and roads cross.,wikitable
Primary features [ edit | edit source ],Railway,Infrastructure [ edit source ],railway,railway_crossing,node,Crossing rails with no interconnection.,wikitable
Primary features [ edit | edit source ],Railway,Infrastructure [ edit source ],railway,roundhouse,area,A semicircular building with many stalls for servicing engines.,wikitable
Primary features [ edit | edit source ],Railway,Infrastructure [ edit source ],railway,signal,node,Any kind of railway signal.,wikitable
Primary features [ edit | edit source ],Railway,Infrastructure [ edit source ],railway,switch,node,Full connections between railways (aka 'points').,wikitable
Primary features [ edit | edit source ],Railway,Infrastructure [ edit source ],railway,tram_level_crossing,node,A point where trams and roads cross.,wikitable
Primary features [ edit | edit source ],Railway,Infrastructure [ edit source ],railway,traverser,node area,These are used for changing trains between railways. Also known as transfer table.,wikitable
Primary features [ edit | edit source ],Railway,Infrastructure [ edit source ],railway,turntable,node area,These are used for changing the direction that part of a train is pointing in.,wikitable
Primary features [ edit | edit source ],Railway,Infrastructure [ edit source ],railway,ventilation_shaft,node way,A structure that allows ventilation in underground tunnels,wikitable
Primary features [ edit | edit source ],Railway,Infrastructure [ edit source ],railway,wash,node area,A railroad carriage/car wash,wikitable
Primary features [ edit | edit source ],Railway,Infrastructure [ edit source ],railway,water_crane,node,A structure to deliver water to steam locomotives,wikitable
Primary features [ edit | edit source ],Railway,Infrastructure [ edit source ],railway,workshop,area,"Repair shop' for (rail) rolling stock' is a place where maintenance or overhaul of these vehicles (rail vehicles, metro, tram, light rail, monorail) is carried out. It should be added as a area on a building=yes.",wikitable
Primary features [ edit | edit source ],Railway,Infrastructure [ edit source ],railway,user defined,node way,All commonly used values according to Taginfo,wikitable
Primary features [ edit | edit source ],Route,,route,bicycle,relation,"Cycle routes or bicycles route are named, numbered or otherwise signed. May go along roads, trails or dedicated cycle paths",wikitable
Primary features [ edit | edit source ],Route,,route,bus,relation,The route a public bus service takes. See Buses .,wikitable
Primary features [ edit | edit source ],Route,,route,canoe,relation,Signed route for canoeing through a waterway.,wikitable
Primary features [ edit | edit source ],Route,,route,detour,relation,Route for fixed detour routes. Examples are Bedarfsumleitung in Germany and uitwijkroute in the Netherlands,wikitable
Primary features [ edit | edit source ],Route,,route,ferry,way relation,"The route a ferry takes from terminal to terminal Please make sure to add at least one node per tile (zoom level 12), better at least one every few km, so offline editors catch it with bbox requests.",wikitable
Primary features [ edit | edit source ],Route,,route,fitness_trail,relation,Fitness trails consist of a path or course equipped with obstacles or stations distributed along its length for exercising the human body.,wikitable
Primary features [ edit | edit source ],Route,,route,foot,relation,"Walking Route - is used for routes which are walkable without any limitations regarding fitness, equipment or weather conditions.",wikitable
Primary features [ edit | edit source ],Route,,route,funicular,relation,,wikitable
Primary features [ edit | edit source ],Route,,route,hiking,relation,Hiking explains how to tag hiking routes.,wikitable
Primary features [ edit | edit source ],Route,,route,horse,relation,Riding routes,wikitable
Primary features [ edit | edit source ],Route,,route,inline_skates,relation,Inline has more information on the subject.,wikitable
Primary features [ edit | edit source ],Route,,route,light_rail,relation,Route of a light rail line.,wikitable
Primary features [ edit | edit source ],Route,,route,mtb,relation,Mountain biking explains how to tag mtb routes.,wikitable
Primary features [ edit | edit source ],Route,,route,piste,way relation,"Route of a piste (e.g., snowshoe or XC-Ski trails) in a winter sport area.",wikitable
Primary features [ edit | edit source ],Route,,route,railway,relation,"A sequence of railway ways, often named (e.g., Channel Tunnel ). See Railways .",wikitable
Primary features [ edit | edit source ],Route,,route,road,relation,Can be used to map various road routes/long roads.,wikitable
Primary features [ edit | edit source ],Route,,route,running,relation,For running (jogging) routes.,wikitable
Primary features [ edit | edit source ],Route,,route,ski,relation,"For ski tracks (e.g., XC-Ski Trails User:Langläufer/Loipemap ).",wikitable
Primary features [ edit | edit source ],Route,,route,subway,relation,Route of a metro service,wikitable
Primary features [ edit | edit source ],Route,,route,train,relation,"Train services (e.g., London-Paris Eurostar ) See Railways .",wikitable
Primary features [ edit | edit source ],Route,,route,tracks,relation,Railroad track as rail infrastructure.,wikitable
Primary features [ edit | edit source ],Route,,route,tram,relation,See Trams for more information on tagging tram services.,wikitable
Primary features [ edit | edit source ],Route,,route,trolleybus,relation,The route of a trolleybus service.,wikitable
Primary features [ edit | edit source ],Route,,route,User defined,relation,All commonly used values according to Taginfo .,wikitable
Primary features [ edit | edit source ],Shop,"Food, beverages [ edit source ]",shop,alcohol,,,wikitable
Primary features [ edit | edit source ],Shop,"Food, beverages [ edit source ]",shop,bakery,,,wikitable
Primary features [ edit | edit source ],Shop,"Food, beverages [ edit source ]",shop,beverages,,,wikitable
Primary features [ edit | edit source ],Shop,"Food, beverages [ edit source ]",shop,brewing_supplies,,,wikitable
Primary features [ edit | edit source ],Shop,"Food, beverages [ edit source ]",shop,butcher,,,wikitable
Primary features [ edit | edit source ],Shop,"Food, beverages [ edit source ]",shop,cheese,,,wikitable
Primary features [ edit | edit source ],Shop,"Food, beverages [ edit source ]",shop,chocolate,,,wikitable
Primary features [ edit | edit source ],Shop,"Food, beverages [ edit source ]",shop,coffee,,,wikitable
Primary features [ edit | edit source ],Shop,"Food, beverages [ edit source ]",shop,confectionery,,,wikitable
Primary features [ edit | edit source ],Shop,"Food, beverages [ edit source ]",shop,convenience,,,wikitable
Primary features [ edit | edit source ],Shop,"Food, beverages [ edit source ]",shop,dairy,,,wikitable
Primary features [ edit | edit source ],Shop,"Food, beverages [ edit source ]",shop,deli,,,wikitable
Primary features [ edit | edit source ],Shop,"Food, beverages [ edit source ]",shop,farm,,,wikitable
Primary features [ edit | edit source ],Shop,"Food, beverages [ edit source ]",shop,food,,,wikitable
Primary features [ edit | edit source ],Shop,"Food, beverages [ edit source ]",shop,frozen_food,,,wikitable
Primary features [ edit | edit source ],Shop,"Food, beverages [ edit source ]",shop,greengrocer,,,wikitable
Primary features [ edit | edit source ],Shop,"Food, beverages [ edit source ]",shop,health_food,,,wikitable
Primary features [ edit | edit source ],Shop,"Food, beverages [ edit source ]",shop,ice_cream,,,wikitable
Primary features [ edit | edit source ],Shop,"Food, beverages [ edit source ]",shop,nuts,,,wikitable
Primary features [ edit | edit source ],Shop,"Food, beverages [ edit source ]",shop,pasta,,,wikitable
Primary features [ edit | edit source ],Shop,"Food, beverages [ edit source ]",shop,pastry,,,wikitable
Primary features [ edit | edit source ],Shop,"Food, beverages [ edit source ]",shop,seafood,,,wikitable
Primary features [ edit | edit source ],Shop,"Food, beverages [ edit source ]",shop,spices,,,wikitable
Primary features [ edit | edit source ],Shop,"Food, beverages [ edit source ]",shop,tea,,,wikitable
Primary features [ edit | edit source ],Shop,"Food, beverages [ edit source ]",shop,tortilla,,,wikitable
Primary features [ edit | edit source ],Shop,"Food, beverages [ edit source ]",shop,water,,,wikitable
Primary features [ edit | edit source ],Shop,"Food, beverages [ edit source ]",shop,wine,,,wikitable
Primary features [ edit | edit source ],Shop,"General store, department store, mall [ edit source ]",shop,department_store,,,wikitable
Primary features [ edit | edit source ],Shop,"General store, department store, mall [ edit source ]",shop,general,,,wikitable
Primary features [ edit | edit source ],Shop,"General store, department store, mall [ edit source ]",shop,kiosk,,,wikitable
Primary features [ edit | edit source ],Shop,"General store, department store, mall [ edit source ]",shop,mall,,,wikitable
Primary features [ edit | edit source ],Shop,"General store, department store, mall [ edit source ]",shop,supermarket,,,wikitable
Primary features [ edit | edit source ],Shop,"General store, department store, mall [ edit source ]",shop,wholesale,,,wikitable
Primary features [ edit | edit source ],Shop,"Clothing, shoes, accessories [ edit source ]",shop,baby_goods,,,wikitable
Primary features [ edit | edit source ],Shop,"Clothing, shoes, accessories [ edit source ]",shop,bag,,,wikitable
Primary features [ edit | edit source ],Shop,"Clothing, shoes, accessories [ edit source ]",shop,boutique,,,wikitable
Primary features [ edit | edit source ],Shop,"Clothing, shoes, accessories [ edit source ]",shop,clothes,,,wikitable
Primary features [ edit | edit source ],Shop,"Clothing, shoes, accessories [ edit source ]",shop,fabric,,,wikitable
Primary features [ edit | edit source ],Shop,"Clothing, shoes, accessories [ edit source ]",shop,fashion,,,wikitable
Primary features [ edit | edit source ],Shop,"Clothing, shoes, accessories [ edit source ]",shop,fashion_accessories,,,wikitable
Primary features [ edit | edit source ],Shop,"Clothing, shoes, accessories [ edit source ]",shop,jewelry,,,wikitable
Primary features [ edit | edit source ],Shop,"Clothing, shoes, accessories [ edit source ]",shop,leather,,,wikitable
Primary features [ edit | edit source ],Shop,"Clothing, shoes, accessories [ edit source ]",shop,sewing,,,wikitable
Primary features [ edit | edit source ],Shop,"Clothing, shoes, accessories [ edit source ]",shop,shoes,,,wikitable
Primary features [ edit | edit source ],Shop,"Clothing, shoes, accessories [ edit source ]",shop,shoe_repair,,,wikitable
Primary features [ edit | edit source ],Shop,"Clothing, shoes, accessories [ edit source ]",shop,tailor,,,wikitable
Primary features [ edit | edit source ],Shop,"Clothing, shoes, accessories [ edit source ]",shop,watches,,,wikitable
Primary features [ edit | edit source ],Shop,"Clothing, shoes, accessories [ edit source ]",shop,wool,,,wikitable
Primary features [ edit | edit source ],Shop,"Discount store, charity [ edit source ]",shop,charity,,,wikitable
Primary features [ edit | edit source ],Shop,"Discount store, charity [ edit source ]",shop,second_hand,,,wikitable
Primary features [ edit | edit source ],Shop,"Discount store, charity [ edit source ]",shop,variety_store,,,wikitable
Primary features [ edit | edit source ],Shop,Health and beauty [ edit source ],shop,beauty,,,wikitable
Primary features [ edit | edit source ],Shop,Health and beauty [ edit source ],shop,chemist,,,wikitable
Primary features [ edit | edit source ],Shop,Health and beauty [ edit source ],shop,cosmetics,,,wikitable
Primary features [ edit | edit source ],Shop,Health and beauty [ edit source ],shop,erotic,,,wikitable
Primary features [ edit | edit source ],Shop,Health and beauty [ edit source ],shop,hairdresser,,,wikitable
Primary features [ edit | edit source ],Shop,Health and beauty [ edit source ],shop,hairdresser_supply,,,wikitable
Primary features [ edit | edit source ],Shop,Health and beauty [ edit source ],shop,hearing_aids,,,wikitable
Primary features [ edit | edit source ],Shop,Health and beauty [ edit source ],shop,herbalist,,,wikitable
Primary features [ edit | edit source ],Shop,Health and beauty [ edit source ],shop,massage,,,wikitable
Primary features [ edit | edit source ],Shop,Health and beauty [ edit source ],shop,medical_supply,,,wikitable
Primary features [ edit | edit source ],Shop,Health and beauty [ edit source ],shop,nutrition_supplements,,,wikitable
Primary features [ edit | edit source ],Shop,Health and beauty [ edit source ],shop,optician,,,wikitable
Primary features [ edit | edit source ],Shop,Health and beauty [ edit source ],shop,perfumery,,,wikitable
Primary features [ edit | edit source ],Shop,Health and beauty [ edit source ],shop,piercing,,,wikitable
Primary features [ edit | edit source ],Shop,Health and beauty [ edit source ],shop,tattoo,,,wikitable
Primary features [ edit | edit source ],Shop,"Do-it-yourself, household, building materials, gardening [ edit source ]",shop,agrarian,,,wikitable
Primary features [ edit | edit source ],Shop,"Do-it-yourself, household, building materials, gardening [ edit source ]",shop,appliance,,,wikitable
Primary features [ edit | edit source ],Shop,"Do-it-yourself, household, building materials, gardening [ edit source ]",shop,bathroom_furnishing,,,wikitable
Primary features [ edit | edit source ],Shop,"Do-it-yourself, household, building materials, gardening [ edit source ]",shop,country_store,,,wikitable
Primary features [ edit | edit source ],Shop,"Do-it-yourself, household, building materials, gardening [ edit source ]",shop,doityourself,,,wikitable
Primary features [ edit | edit source ],Shop,"Do-it-yourself, household, building materials, gardening [ edit source ]",shop,electrical,,,wikitable
Primary features [ edit | edit source ],Shop,"Do-it-yourself, household, building materials, gardening [ edit source ]",shop,energy,,,wikitable
Primary features [ edit | edit source ],Shop,"Do-it-yourself, household, building materials, gardening [ edit source ]",shop,fireplace,,,wikitable
Primary features [ edit | edit source ],Shop,"Do-it-yourself, household, building materials, gardening [ edit source ]",shop,florist,,,wikitable
Primary features [ edit | edit source ],Shop,"Do-it-yourself, household, building materials, gardening [ edit source ]",shop,garden_centre,,,wikitable
Primary features [ edit | edit source ],Shop,"Do-it-yourself, household, building materials, gardening [ edit source ]",shop,garden_furniture,,,wikitable
Primary features [ edit | edit source ],Shop,"Do-it-yourself, household, building materials, gardening [ edit source ]",shop,gas,,,wikitable
Primary features [ edit | edit source ],Shop,"Do-it-yourself, household, building materials, gardening [ edit source ]",shop,glaziery,,,wikitable
Primary features [ edit | edit source ],Shop,"Do-it-yourself, household, building materials, gardening [ edit source ]",shop,groundskeeping,,,wikitable
Primary features [ edit | edit source ],Shop,"Do-it-yourself, household, building materials, gardening [ edit source ]",shop,hardware,,,wikitable
Primary features [ edit | edit source ],Shop,"Do-it-yourself, household, building materials, gardening [ edit source ]",shop,houseware,,,wikitable
Primary features [ edit | edit source ],Shop,"Do-it-yourself, household, building materials, gardening [ edit source ]",shop,locksmith,,,wikitable
Primary features [ edit | edit source ],Shop,"Do-it-yourself, household, building materials, gardening [ edit source ]",shop,paint,,,wikitable
Primary features [ edit | edit source ],Shop,"Do-it-yourself, household, building materials, gardening [ edit source ]",shop,pottery,,,wikitable
Primary features [ edit | edit source ],Shop,"Do-it-yourself, household, building materials, gardening [ edit source ]",shop,security,,,wikitable
Primary features [ edit | edit source ],Shop,"Do-it-yourself, household, building materials, gardening [ edit source ]",shop,tool_hire,,,wikitable
Primary features [ edit | edit source ],Shop,"Do-it-yourself, household, building materials, gardening [ edit source ]",shop,trade,,,wikitable
Primary features [ edit | edit source ],Shop,Furniture and interior [ edit source ],shop,antiques,,,wikitable
Primary features [ edit | edit source ],Shop,Furniture and interior [ edit source ],shop,bed,,,wikitable
Primary features [ edit | edit source ],Shop,Furniture and interior [ edit source ],shop,candles,,,wikitable
Primary features [ edit | edit source ],Shop,Furniture and interior [ edit source ],shop,carpet,,,wikitable
Primary features [ edit | edit source ],Shop,Furniture and interior [ edit source ],shop,curtain,,,wikitable
Primary features [ edit | edit source ],Shop,Furniture and interior [ edit source ],shop,doors,,,wikitable
Primary features [ edit | edit source ],Shop,Furniture and interior [ edit source ],shop,flooring,,,wikitable
Primary features [ edit | edit source ],Shop,Furniture and interior [ edit source ],shop,furniture,,,wikitable
Primary features [ edit | edit source ],Shop,Furniture and interior [ edit source ],shop,household_linen,,,wikitable
Primary features [ edit | edit source ],Shop,Furniture and interior [ edit source ],shop,interior_decoration,,,wikitable
Primary features [ edit | edit source ],Shop,Furniture and interior [ edit source ],shop,kitchen,,,wikitable
Primary features [ edit | edit source ],Shop,Furniture and interior [ edit source ],shop,lighting,,,wikitable
Primary features [ edit | edit source ],Shop,Furniture and interior [ edit source ],shop,tiles,,,wikitable
Primary features [ edit | edit source ],Shop,Furniture and interior [ edit source ],shop,window_blind,,,wikitable
Primary features [ edit | edit source ],Shop,Electronics [ edit source ],shop,computer,,,wikitable
Primary features [ edit | edit source ],Shop,Electronics [ edit source ],shop,electronics,,,wikitable
Primary features [ edit | edit source ],Shop,Electronics [ edit source ],shop,hifi,,,wikitable
Primary features [ edit | edit source ],Shop,Electronics [ edit source ],shop,mobile_phone,,,wikitable
Primary features [ edit | edit source ],Shop,Electronics [ edit source ],shop,printer_ink,,,wikitable
Primary features [ edit | edit source ],Shop,Electronics [ edit source ],shop,radiotechnics,,,wikitable
Primary features [ edit | edit source ],Shop,Electronics [ edit source ],shop,telecommunication,,,wikitable
Primary features [ edit | edit source ],Shop,Electronics [ edit source ],shop,vacuum_cleaner,,,wikitable
Primary features [ edit | edit source ],Shop,"Outdoors and sport, vehicles [ edit source ]",shop,[[ Too many Data Items entities accessed. | atv ]],,,wikitable
Primary features [ edit | edit source ],Shop,"Outdoors and sport, vehicles [ edit source ]",shop,aviation,,,wikitable
Primary features [ edit | edit source ],Shop,"Outdoors and sport, vehicles [ edit source ]",shop,bicycle,,,wikitable
Primary features [ edit | edit source ],Shop,"Outdoors and sport, vehicles [ edit source ]",shop,boat,,,wikitable
Primary features [ edit | edit source ],Shop,"Outdoors and sport, vehicles [ edit source ]",shop,car,,,wikitable
Primary features [ edit | edit source ],Shop,"Outdoors and sport, vehicles [ edit source ]",shop,car_parts,,,wikitable
Primary features [ edit | edit source ],Shop,"Outdoors and sport, vehicles [ edit source ]",shop,car_repair,,,wikitable
Primary features [ edit | edit source ],Shop,"Outdoors and sport, vehicles [ edit source ]",shop,caravan,,,wikitable
Primary features [ edit | edit source ],Shop,"Outdoors and sport, vehicles [ edit source ]",shop,fishing,,,wikitable
Primary features [ edit | edit source ],Shop,"Outdoors and sport, vehicles [ edit source ]",shop,fuel,,,wikitable
Primary features [ edit | edit source ],Shop,"Outdoors and sport, vehicles [ edit source ]",shop,golf,,,wikitable
Primary features [ edit | edit source ],Shop,"Outdoors and sport, vehicles [ edit source ]",shop,hunting,,,wikitable
Primary features [ edit | edit source ],Shop,"Outdoors and sport, vehicles [ edit source ]",shop,military_surplus,,,wikitable
Primary features [ edit | edit source ],Shop,"Outdoors and sport, vehicles [ edit source ]",shop,motorcycle,,,wikitable
Primary features [ edit | edit source ],Shop,"Outdoors and sport, vehicles [ edit source ]",shop,motorcycle_repair,,,wikitable
Primary features [ edit | edit source ],Shop,"Outdoors and sport, vehicles [ edit source ]",shop,outdoor,,,wikitable
Primary features [ edit | edit source ],Shop,"Outdoors and sport, vehicles [ edit source ]",shop,scooter,,,wikitable
Primary features [ edit | edit source ],Shop,"Outdoors and sport, vehicles [ edit source ]",shop,scuba_diving,,,wikitable
Primary features [ edit | edit source ],Shop,"Outdoors and sport, vehicles [ edit source ]",shop,ski,,,wikitable
Primary features [ edit | edit source ],Shop,"Outdoors and sport, vehicles [ edit source ]",shop,snowmobile,,,wikitable
Primary features [ edit | edit source ],Shop,"Outdoors and sport, vehicles [ edit source ]",shop,sports,,,wikitable
Primary features [ edit | edit source ],Shop,"Outdoors and sport, vehicles [ edit source ]",shop,surf,,,wikitable
Primary features [ edit | edit source ],Shop,"Outdoors and sport, vehicles [ edit source ]",shop,swimming_pool,,,wikitable
Primary features [ edit | edit source ],Shop,"Outdoors and sport, vehicles [ edit source ]",shop,trailer,,,wikitable
Primary features [ edit | edit source ],Shop,"Outdoors and sport, vehicles [ edit source ]",shop,truck,,,wikitable
Primary features [ edit | edit source ],Shop,"Outdoors and sport, vehicles [ edit source ]",shop,tyres,,,wikitable
Primary features [ edit | edit source ],Shop,"Art, music, hobbies [ edit source ]",shop,art,,,wikitable
Primary features [ edit | edit source ],Shop,"Art, music, hobbies [ edit source ]",shop,camera,,,wikitable
Primary features [ edit | edit source ],Shop,"Art, music, hobbies [ edit source ]",shop,collector,,,wikitable
Primary features [ edit | edit source ],Shop,"Art, music, hobbies [ edit source ]",shop,craft,,,wikitable
Primary features [ edit | edit source ],Shop,"Art, music, hobbies [ edit source ]",shop,frame,,,wikitable
Primary features [ edit | edit source ],Shop,"Art, music, hobbies [ edit source ]",shop,games,,,wikitable
Primary features [ edit | edit source ],Shop,"Art, music, hobbies [ edit source ]",shop,model,,,wikitable
Primary features [ edit | edit source ],Shop,"Art, music, hobbies [ edit source ]",shop,music,,,wikitable
Primary features [ edit | edit source ],Shop,"Art, music, hobbies [ edit source ]",shop,musical_instrument,,,wikitable
Primary features [ edit | edit source ],Shop,"Art, music, hobbies [ edit source ]",shop,photo,,,wikitable
Primary features [ edit | edit source ],Shop,"Art, music, hobbies [ edit source ]",shop,trophy,,,wikitable
Primary features [ edit | edit source ],Shop,"Art, music, hobbies [ edit source ]",shop,video,,,wikitable
Primary features [ edit | edit source ],Shop,"Art, music, hobbies [ edit source ]",shop,video_games,,,wikitable
Primary features [ edit | edit source ],Shop,"Stationery, gifts, books, newspapers [ edit source ]",shop,anime,,,wikitable
Primary features [ edit | edit source ],Shop,"Stationery, gifts, books, newspapers [ edit source ]",shop,books,,,wikitable
Primary features [ edit | edit source ],Shop,"Stationery, gifts, books, newspapers [ edit source ]",shop,gift,,,wikitable
Primary features [ edit | edit source ],Shop,"Stationery, gifts, books, newspapers [ edit source ]",shop,lottery,,,wikitable
Primary features [ edit | edit source ],Shop,"Stationery, gifts, books, newspapers [ edit source ]",shop,newsagent,,,wikitable
Primary features [ edit | edit source ],Shop,"Stationery, gifts, books, newspapers [ edit source ]",shop,stationery,,,wikitable
Primary features [ edit | edit source ],Shop,"Stationery, gifts, books, newspapers [ edit source ]",shop,ticket,,,wikitable
Primary features [ edit | edit source ],Shop,Others [ edit source ],shop,bookmaker,,,wikitable
Primary features [ edit | edit source ],Shop,Others [ edit source ],shop,cannabis,,,wikitable
Primary features [ edit | edit source ],Shop,Others [ edit source ],shop,copyshop,,,wikitable
Primary features [ edit | edit source ],Shop,Others [ edit source ],shop,dry_cleaning,,,wikitable
Primary features [ edit | edit source ],Shop,Others [ edit source ],shop,e-cigarette,,,wikitable
Primary features [ edit | edit source ],Shop,Others [ edit source ],shop,funeral_directors,,,wikitable
Primary features [ edit | edit source ],Shop,Others [ edit source ],shop,laundry,,,wikitable
Primary features [ edit | edit source ],Shop,Others [ edit source ],shop,money_lender,,,wikitable
Primary features [ edit | edit source ],Shop,Others [ edit source ],shop,outpost,,,wikitable
Primary features [ edit | edit source ],Shop,Others [ edit source ],shop,party,,,wikitable
Primary features [ edit | edit source ],Shop,Others [ edit source ],shop,pawnbroker,,,wikitable
Primary features [ edit | edit source ],Shop,Others [ edit source ],shop,pest_control,,,wikitable
Primary features [ edit | edit source ],Shop,Others [ edit source ],shop,pet,,,wikitable
Primary features [ edit | edit source ],Shop,Others [ edit source ],shop,pet_grooming,,,wikitable
Primary features [ edit | edit source ],Shop,Others [ edit source ],shop,pyrotechnics,,,wikitable
Primary features [ edit | edit source ],Shop,Others [ edit source ],shop,religion,,,wikitable
Primary features [ edit | edit source ],Shop,Others [ edit source ],shop,rental,,,wikitable
Primary features [ edit | edit source ],Shop,Others [ edit source ],shop,storage_rental,,,wikitable
Primary features [ edit | edit source ],Shop,Others [ edit source ],shop,tobacco,,,wikitable
Primary features [ edit | edit source ],Shop,Others [ edit source ],shop,toys,,,wikitable
Primary features [ edit | edit source ],Shop,Others [ edit source ],shop,travel_agency,,,wikitable
Primary features [ edit | edit source ],Shop,Others [ edit source ],shop,vacant,,,wikitable
Primary features [ edit | edit source ],Shop,Others [ edit source ],shop,vending_machine,,,wikitable
Primary features [ edit | edit source ],Shop,Others [ edit source ],shop,weapons,,,wikitable
Primary features [ edit | edit source ],Shop,Others [ edit source ],shop,yes,,,wikitable
Primary features [ edit | edit source ],Shop,Others [ edit source ],shop,user defined,,,wikitable
Primary features [ edit | edit source ],Telecom,,telecom,exchange,,(taglist; descriptions load from Taginfo in the wiki page),taglist
Primary features [ edit | edit source ],Telecom,,telecom,connection_point,,(taglist; descriptions load from Taginfo in the wiki page),taglist
Primary features [ edit | edit source ],Telecom,,telecom,distribution_point,,(taglist; descriptions load from Taginfo in the wiki page),taglist
Primary features [ edit | edit source ],Telecom,,telecom,service_device,,(taglist; descriptions load from Taginfo in the wiki page),taglist
Primary features [ edit | edit source ],Telecom,,telecom,data_center,,(taglist; descriptions load from Taginfo in the wiki page),taglist
Primary features [ edit | edit source ],Telecom,,telecom,line,,(taglist; descriptions load from Taginfo in the wiki page),taglist
Primary features [ edit | edit source ],Telecom,,telecom,cable_landing_station,,(taglist; descriptions load from Taginfo in the wiki page),taglist
Primary features [ edit | edit source ],Tourism,,tourism,alpine_hut,,(taglist; descriptions load from Taginfo in the wiki page),taglist
Primary features [ edit | edit source ],Tourism,,tourism,apartment,,(taglist; descriptions load from Taginfo in the wiki page),taglist
Primary features [ edit | edit source ],Tourism,,tourism,aquarium,,(taglist; descriptions load from Taginfo in the wiki page),taglist
Primary features [ edit | edit source ],Tourism,,tourism,artwork,,(taglist; descriptions load from Taginfo in the wiki page),taglist
Primary features [ edit | edit source ],Tourism,,tourism,attraction,,(taglist; descriptions load from Taginfo in the wiki page),taglist
Primary features [ edit | edit source ],Tourism,,tourism,camp_pitch,,(taglist; descriptions load from Taginfo in the wiki page),taglist
Primary features [ edit | edit source ],Tourism,,tourism,camp_site,,(taglist; descriptions load from Taginfo in the wiki page),taglist
Primary features [ edit | edit source ],Tourism,,tourism,caravan_site,,(taglist; descriptions load from Taginfo in the wiki page),taglist
Primary features [ edit | edit source ],Tourism,,tourism,chalet,,(taglist; descriptions load from Taginfo in the wiki page),taglist
Primary features [ edit | edit source ],Tourism,,tourism,gallery,,(taglist; descriptions load from Taginfo in the wiki page),taglist
Primary features [ edit | edit source ],Tourism,,tourism,guest_house,,(taglist; descriptions load from Taginfo in the wiki page),taglist
Primary features [ edit | edit source ],Tourism,,tourism,hostel,,(taglist; descriptions load from Taginfo in the wiki page),taglist
Primary features [ edit | edit source ],Tourism,,tourism,hotel,,(taglist; descriptions load from Taginfo in the wiki page),taglist
Primary features [ edit | edit source ],Tourism,,tourism,information,,(taglist; descriptions load from Taginfo in the wiki page),taglist
Primary features [ edit | edit source ],Tourism,,tourism,motel,,(taglist; descriptions load from Taginfo in the wiki page),taglist
Primary features [ edit | edit source ],Tourism,,tourism,museum,,(taglist; descriptions load from Taginfo in the wiki page),taglist
Primary features [ edit | edit source ],Tourism,,tourism,picnic_site,,(taglist; descriptions load from Taginfo in the wiki page),taglist
Primary features [ edit | edit source ],Tourism,,tourism,theme_park,,(taglist; descriptions load from Taginfo in the wiki page),taglist
Primary features [ edit | edit source ],Tourism,,tourism,viewpoint,,(taglist; descriptions load from Taginfo in the wiki page),taglist
Primary features [ edit | edit source ],Tourism,,tourism,wilderness_hut,,(taglist; descriptions load from Taginfo in the wiki page),taglist
Primary features [ edit | edit source ],Tourism,,tourism,zoo,,(taglist; descriptions load from Taginfo in the wiki page),taglist
Primary features [ edit | edit source ],Tourism,,tourism,yes,,(taglist; descriptions load from Taginfo in the wiki page),taglist
Primary features [ edit | edit source ],Water,,water,river,,(taglist; descriptions load from Taginfo in the wiki page),taglist
Primary features [ edit | edit source ],Water,,water,oxbow,,(taglist; descriptions load from Taginfo in the wiki page),taglist
Primary features [ edit | edit source ],Water,,water,canal,,(taglist; descriptions load from Taginfo in the wiki page),taglist
Primary features [ edit | edit source ],Water,,water,ditch,,(taglist; descriptions load from Taginfo in the wiki page),taglist
Primary features [ edit | edit source ],Water,,water,lock,,(taglist; descriptions load from Taginfo in the wiki page),taglist
Primary features [ edit | edit source ],Water,,water,fish_pass,,(taglist; descriptions load from Taginfo in the wiki page),taglist
Primary features [ edit | edit source ],Water,,water,lake,,(taglist; descriptions load from Taginfo in the wiki page),taglist
Primary features [ edit | edit source ],Water,,water,reservoir,,(taglist; descriptions load from Taginfo in the wiki page),taglist
Primary features [ edit | edit source ],Water,,water,pond,,(taglist; descriptions load from Taginfo in the wiki page),taglist
Primary features [ edit | edit source ],Water,,water,basin,,(taglist; descriptions load from Taginfo in the wiki page),taglist
Primary features [ edit | edit source ],Water,,water,lagoon,,(taglist; descriptions load from Taginfo in the wiki page),taglist
Primary features [ edit | edit source ],Water,,water,stream_pool,,(taglist; descriptions load from Taginfo in the wiki page),taglist
Primary features [ edit | edit source ],Water,,water,reflecting_pool,,(taglist; descriptions load from Taginfo in the wiki page),taglist
Primary features [ edit | edit source ],Water,,water,moat,,(taglist; descriptions load from Taginfo in the wiki page),taglist
Primary features [ edit | edit source ],Water,,water,wastewater,,(taglist; descriptions load from Taginfo in the wiki page),taglist
Primary features [ edit | edit source ],Waterway,Natural watercourses [ edit source ],waterway,river,,(taglist; descriptions load from Taginfo in the wiki page),taglist
Primary features [ edit | edit source ],Waterway,Natural watercourses [ edit source ],waterway,riverbank,,(taglist; descriptions load from Taginfo in the wiki page),taglist
Primary features [ edit | edit source ],Waterway,Natural watercourses [ edit source ],waterway,stream,,(taglist; descriptions load from Taginfo in the wiki page),taglist
Primary features [ edit | edit source ],Waterway,Natural watercourses [ edit source ],waterway,tidal_channel,,(taglist; descriptions load from Taginfo in the wiki page),taglist
Primary features [ edit | edit source ],Waterway,Man-made waterways [ edit source ],waterway,canal,,(taglist; descriptions load from Taginfo in the wiki page),taglist
Primary features [ edit | edit source ],Waterway,Man-made waterways [ edit source ],waterway,drain,,(taglist; descriptions load from Taginfo in the wiki page),taglist
Primary features [ edit | edit source ],Waterway,Man-made waterways [ edit source ],waterway,ditch,,(taglist; descriptions load from Taginfo in the wiki page),taglist
Primary features [ edit | edit source ],Waterway,Man-made waterways [ edit source ],waterway,pressurised,,(taglist; descriptions load from Taginfo in the wiki page),taglist
Primary features [ edit | edit source ],Waterway,Man-made waterways [ edit source ],waterway,fairway,,(taglist; descriptions load from Taginfo in the wiki page),taglist
Primary features [ edit | edit source ],Waterway,Facilities [ edit source ],waterway,dock,,(taglist; descriptions load from Taginfo in the wiki page),taglist
Primary features [ edit | edit source ],Waterway,Facilities [ edit source ],waterway,boatyard,,(taglist; descriptions load from Taginfo in the wiki page),taglist
Primary features [ edit | edit source ],Waterway,Barriers on waterways [ edit source ],waterway,dam,,(taglist; descriptions load from Taginfo in the wiki page),taglist
Primary features [ edit | edit source ],Waterway,Barriers on waterways [ edit source ],waterway,weir,,(taglist; descriptions load from Taginfo in the wiki page),taglist
Primary features [ edit | edit source ],Waterway,Barriers on waterways [ edit source ],waterway,waterfall,,(taglist; descriptions load from Taginfo in the wiki page),taglist
Primary features [ edit | edit source ],Waterway,Barriers on waterways [ edit source ],waterway,lock_gate,,(taglist; descriptions load from Taginfo in the wiki page),taglist
Primary features [ edit | edit source ],Waterway,Other features on waterways [ edit source ],waterway,soakhole,,(taglist; descriptions load from Taginfo in the wiki page),taglist
Primary features [ edit | edit source ],Waterway,Other features on waterways [ edit source ],waterway,turning_point,,(taglist; descriptions load from Taginfo in the wiki page),taglist
Primary features [ edit | edit source ],Waterway,Other features on waterways [ edit source ],waterway,water_point,,(taglist; descriptions load from Taginfo in the wiki page),taglist
Primary features [ edit | edit source ],Waterway,Other features on waterways [ edit source ],waterway,fuel,,(taglist; descriptions load from Taginfo in the wiki page),taglist
Additional properties [ edit | edit source ],Addresses,Tags for individual houses [ edit source ],addr:housenumber,user defined,node area,"The house number (may contain letters, dashes or other characters). Addresses describes ways to tag a single building with multiple addresses. Please do not only tag addr:housenumber =* , but also add at least addr:street =* or addr:place =* for places without streets (or map the belonging to a street with a relation using associatedStreet relation or street relation .) Some language have surfix in housenumber, for example, in France there are ""bis"", ""ter"" to indicate this is the second/third time in a continuous housenumber series. (In Chinese there are similar things 甲/乙/丙 for distinction.) Also in some Asian language there are surfix ""号"" or ""號"" for serial number, also widely used in housenumber. Whether contain the surfix in value still have different opinion in those places community.",wikitable
Additional properties [ edit | edit source ],Addresses,Tags for individual houses [ edit source ],addr:housename,user defined,node area,"The name of a house. This is sometimes used in some countries like England, Spain, Portugal, Latvia instead of (or in addition to) a house number.",wikitable
Additional properties [ edit | edit source ],Addresses,Tags for individual houses [ edit source ],addr:flats,user defined,node,The unit numbers (a range or a list) of the flats or apartments located behind a single entrance door.,wikitable
Additional properties [ edit | edit source ],Addresses,Tags for individual houses [ edit source ],addr:conscriptionnumber,user defined,node area,"This special kind of housenumber relates to a settlement instead of a street. Conscription numbers were introduced in the Austro-Hungarian Empire and are still in use in some parts of Europe, sometimes together with street-related housenumbers which are also called orientation numbers .",wikitable
Additional properties [ edit | edit source ],Addresses,Tags for individual houses [ edit source ],addr:street,user defined,node area,"The name of the respective street. If the street name is very long or nonexistent, the ref of the respective street. A way with highway =* or a square with place = square and the corresponding name should be found nearby. The belonging to a street can alternatively be represented by a associatedStreet relation or street relation . The keys addr:housenumber =* and addr:street =* in principle are the only necessary ones if there are valid border polygons. If you are not sure if it is so, just add addr:city =* , addr:postcode =* and addr:country =* .",wikitable
Additional properties [ edit | edit source ],Addresses,Tags for individual houses [ edit source ],addr:place,user defined,node area,"This is part of an address which refers to the name of some territorial zone (usually a place =* like island, square or very small village) instead of a street ( highway =* ). Should not be used together with addr:street =* .",wikitable
Additional properties [ edit | edit source ],Addresses,Tags for individual houses [ edit source ],addr:postcode,user defined,node area,The postal code of the building/area. Some mappers prefer to rely on boundary = postal_code,wikitable
Additional properties [ edit | edit source ],Addresses,Tags for individual houses [ edit source ],addr:city,user defined,node area,"The name of the city as given in postal addresses of the building/area. (In some places the city in the address corresponds to the post office that serves the area rather than the actual city, if any, in which the building is located.) Some mappers assume it can be derived from a boundary = administrative relation.",wikitable
Additional properties [ edit | edit source ],Addresses,Tags for individual houses [ edit source ],addr:country,user defined,node area,"The ISO 3166-1 alpha-2 two letter country code in upper case . Example: ""DE"" for Germany, ""CH"" for Switzerland, ""AT"" for Austria, ""FR"" for France, ""IT"" for Italy. Caveat: The ISO 3166-1 code for Great Britain is "" GB "" and not ""UK"". More or less favoured in different national communities.",wikitable
Additional properties [ edit | edit source ],Addresses,Tags for individual houses [ edit source ],addr:postbox,user defined,node area,"Use this for addressing postal service Post Office Box (PO Box, BP - Boîte Postale, CP - Case Postale, Поштански преградак, Поштански фах, Поштански претинац) as alternative to addressing using street names. Example: ""PO Box 34""",wikitable
Additional properties [ edit | edit source ],Addresses,Tags for individual houses [ edit source ],addr:full,user defined,node area,"Use this for a full-text, often multi-line, address if you find the structured address fields unsuitable for denoting the address of this particular location. Examples: ""Fifth house on the left after the village oak, Smalltown, Smallcountry"", or addresses using special delivery names or codes (possibly via an unrelated city name and post code), or PO Boxes. Beware that these strings can hardly be parsed by software: ""1200 West Sunset Boulevard Suite 110A"" is still better represented as addr:housenumber = 1200 + addr:street = West Sunset Boulevard + addr:unit = 110A .",wikitable
Additional properties [ edit | edit source ],Addresses,"For countries using hamlet, subdistrict, district, province, state, county [ edit source ]",addr:hamlet,user defined,node area,"The hamlet of the object. In France, some addresses use hamlets instead of street names, use the generic addr:place =* instead.",wikitable
Additional properties [ edit | edit source ],Addresses,"For countries using hamlet, subdistrict, district, province, state, county [ edit source ]",addr:suburb,user defined,node area,If an address exists several times in a city. You have to add the name of the settlement. See Australian definition of suburb .,wikitable
Additional properties [ edit | edit source ],Addresses,"For countries using hamlet, subdistrict, district, province, state, county [ edit source ]",addr:subdistrict,user defined,node area,The subdistrict of the object.,wikitable
Additional properties [ edit | edit source ],Addresses,"For countries using hamlet, subdistrict, district, province, state, county [ edit source ]",addr:district,user defined,node area,The district of the object.,wikitable
Additional properties [ edit | edit source ],Addresses,"For countries using hamlet, subdistrict, district, province, state, county [ edit source ]",addr:province,user defined,node area,"The province of the object. For Canada, uppercase two-letter postal abbreviations ( BC , AB , ON , QC , etc.) are used. In Russia a synonym {{{key:addr:region}}} is widely used",wikitable
Additional properties [ edit | edit source ],Addresses,"For countries using hamlet, subdistrict, district, province, state, county [ edit source ]",addr:state,user defined,node area,"The state of the object. For the US, uppercase two-letter postal abbreviations ( AK , CA , HI , NY , TX , WY , etc.) are used.",wikitable
Additional properties [ edit | edit source ],Addresses,"For countries using hamlet, subdistrict, district, province, state, county [ edit source ]",addr:county,user defined,node area,The county of the object.,wikitable
Additional properties [ edit | edit source ],Addresses,Tags for interpolation ways [ edit source ],addr:interpolation,all/even/odd/ alphabetic,way,How to interpolate the house numbers belonging to the way along the respective street. See detailed description .,wikitable
Additional properties [ edit | edit source ],Addresses,Tags for interpolation ways [ edit source ],addr:interpolation,Number n,way,Every n th house between the end nodes is represented by the interpolation way.,wikitable
Additional properties [ edit | edit source ],Addresses,Tags for interpolation ways [ edit source ],addr:inclusion,actual/estimate/potential,way,Optional tag to indicate the accuracy level of survey used to create the address interpolation way. See detailed description .,wikitable
Additional properties [ edit | edit source ],Annotations,,comment,*,,(taglist; descriptions load from Taginfo in the wiki page),taglist
Additional properties [ edit | edit source ],Annotations,,comment,contact:email=*,,(taglist; descriptions load from Taginfo in the wiki page),taglist
Additional properties [ edit | edit source ],Annotations,,comment,contact:fax=*,,(taglist; descriptions load from Taginfo in the wiki page),taglist
Additional properties [ edit | edit source ],Annotations,,comment,contact:phone=*,,(taglist; descriptions load from Taginfo in the wiki page),taglist
Additional properties [ edit | edit source ],Annotations,,comment,contact:sms=*,,(taglist; descriptions load from Taginfo in the wiki page),taglist
Additional properties [ edit | edit source ],Annotations,,comment,contact:website=*,,(taglist; descriptions load from Taginfo in the wiki page),taglist
Additional properties [ edit | edit source ],Annotations,,comment,delivery:*=*,,(taglist; descriptions load from Taginfo in the wiki page),taglist
Additional properties [ edit | edit source ],Annotations,,comment,description=*,,(taglist; descriptions load from Taginfo in the wiki page),taglist
Additional properties [ edit | edit source ],Annotations,,comment,drive_through:*=*,,(taglist; descriptions load from Taginfo in the wiki page),taglist
Additional properties [ edit | edit source ],Annotations,,comment,email=*,,(taglist; descriptions load from Taginfo in the wiki page),taglist
Additional properties [ edit | edit source ],Annotations,,comment,fax=*,,(taglist; descriptions load from Taginfo in the wiki page),taglist
Additional properties [ edit | edit source ],Annotations,,comment,fixme=*,,(taglist; descriptions load from Taginfo in the wiki page),taglist
Additional properties [ edit | edit source ],Annotations,,comment,image=*,,(taglist; descriptions load from Taginfo in the wiki page),taglist
Additional properties [ edit | edit source ],Annotations,,comment,note=*,,(taglist; descriptions load from Taginfo in the wiki page),taglist
Additional properties [ edit | edit source ],Annotations,,comment,phone=*,,(taglist; descriptions load from Taginfo in the wiki page),taglist
Additional properties [ edit | edit source ],Annotations,,comment,source=*,,(taglist; descriptions load from Taginfo in the wiki page),taglist
Additional properties [ edit | edit source ],Annotations,,comment,source=extrapolation,,(taglist; descriptions load from Taginfo in the wiki page),taglist
Additional properties [ edit | edit source ],Annotations,,comment,source=historical,,(taglist; descriptions load from Taginfo in the wiki page),taglist
Additional properties [ edit | edit source ],Annotations,,comment,source=image,,(taglist; descriptions load from Taginfo in the wiki page),taglist
Additional properties [ edit | edit source ],Annotations,,comment,source=knowledge,,(taglist; descriptions load from Taginfo in the wiki page),taglist
Additional properties [ edit | edit source ],Annotations,,comment,source=survey,,(taglist; descriptions load from Taginfo in the wiki page),taglist
Additional properties [ edit | edit source ],Annotations,,comment,source=voice,,(taglist; descriptions load from Taginfo in the wiki page),taglist
Additional properties [ edit | edit source ],Annotations,,comment,source:geometry=*,,(taglist; descriptions load from Taginfo in the wiki page),taglist
Additional properties [ edit | edit source ],Annotations,,comment,source:name=*,,(taglist; descriptions load from Taginfo in the wiki page),taglist
Additional properties [ edit | edit source ],Annotations,,comment,source:ref=*,,(taglist; descriptions load from Taginfo in the wiki page),taglist
Additional properties [ edit | edit source ],Annotations,,comment,source_ref=*,,(taglist; descriptions load from Taginfo in the wiki page),taglist
Additional properties [ edit | edit source ],Annotations,,comment,takeaway:*=*,,(taglist; descriptions load from Taginfo in the wiki page),taglist
Additional properties [ edit | edit source ],Annotations,,comment,wikipedia=*,,(taglist; descriptions load from Taginfo in the wiki page),taglist
Additional properties [ edit | edit source ],Properties,,area,yes,area,Means a feature that is normally linear is an area. You should not add this to features that are already defined as an area type.,wikitable
Additional properties [ edit | edit source ],Properties,,brand,user defined,node area,Brand of the feature.,wikitable
Additional properties [ edit | edit source ],Properties,,bridge,yes / aqueduct / viaduct / cantilever / movable / covered / …,way,"A bridge, use together with the tag layer =* . Value yes is generic, or you can specialize.",wikitable
Additional properties [ edit | edit source ],Properties,,capacity,amount,,Used for specifying capacity of a facility.,wikitable
Additional properties [ edit | edit source ],Properties,,charge,amount,,Used for specifying how much is charged for use/access to a facility. See toll =* or fee =* .,wikitable
Additional properties [ edit | edit source ],Properties,,clothes,see key's page,,Tagged on shops and other features to denote if they sell clothes or not and what type of clothes they sell.,wikitable
Additional properties [ edit | edit source ],Properties,,covered,yes,,"Used to denote that a node, way or area is covered by another entity (or in some cases the ground), when the use of layers is inappropriate, or additional clarification is needed.",wikitable
Additional properties [ edit | edit source ],Properties,,crossing,no / traffic_signals / uncontrolled / island / unmarked,,Further refinement for nodes already tagged with highway = crossing or railway = crossing,wikitable
Additional properties [ edit | edit source ],Properties,,crossing:island,yes / no,,Specifies whether a pedestrian crossing has a refuge island,wikitable
Additional properties [ edit | edit source ],Properties,,cutting,yes / left / right,,A cut in the land to carry a road or tram. Mostly in hilly landscape. See Cutting on Wikipedia,wikitable
Additional properties [ edit | edit source ],Properties,,disused,yes,,"For features that are useful for navigation, yet are unused. See abandoned =* if infrastructure is removed.",wikitable
Additional properties [ edit | edit source ],Properties,,drinking_water,yes / no,,Describes whether a drinking water is available,wikitable
Additional properties [ edit | edit source ],Properties,,drive_through,yes / no,,"Used to indicate if a pharmacy, bank, atm, or fast_food, or post_box offers drive_thru service. drive_through =* is different than drive_in =*",wikitable
Additional properties [ edit | edit source ],Properties,,drive_in,yes / no,,Used to indicate if a cinema is a drive-in cinema or a restaurant offers drive-in service. drive_in =* is different than drive_through =*,wikitable
Additional properties [ edit | edit source ],Properties,,electrified,contact_line / rail,,Indicates infrastructure to supply vehicles with electricity on rail tracks,wikitable
Additional properties [ edit | edit source ],Properties,,ele,Number,,"Elevation (also known as altitude or height) above mean sea level in metre, based on geoid model EGM 96 which is used by WGS 84 ( GPS ). (see also Altitude )",wikitable
Additional properties [ edit | edit source ],Properties,,embankment,yes,,"A raised bank to carry a road, railway, or canal across a low-lying or wet area. See Embankment on Wikipedia",wikitable
Additional properties [ edit | edit source ],Properties,,end_date,Date,,Date feature was removed,wikitable
Additional properties [ edit | edit source ],Properties,,energy_class [en],code,,An energy class of the feature,wikitable
Additional properties [ edit | edit source ],Properties,,est_width,Number,,A rough guess of the width of way in metres,wikitable
Additional properties [ edit | edit source ],Properties,,fee,yes / no,,Used for specifying whether fee is charged for use/access to a facility. See also toll =* .,wikitable
Additional properties [ edit | edit source ],Properties,,fire_object:type,poo / szo,,Potentially dangerous and socially significant objects,wikitable
Additional properties [ edit | edit source ],Properties,,fire_operator,Name,,"Fire station, which serves the object",wikitable
Additional properties [ edit | edit source ],Properties,,fire_rank,1bis / 2 to 5,area,"Rank fire, defined for a particular object",wikitable
Additional properties [ edit | edit source ],Properties,,frequency,Number,,Frequency in Hz,wikitable
Additional properties [ edit | edit source ],Properties,,gutter [en],yes/no,,Presence of the gutter,wikitable
Additional properties [ edit | edit source ],Properties,,hazard,see hazard,,Indicates of the hazards.,wikitable
Additional properties [ edit | edit source ],Properties,,hot_water,yes / no,,Describes whether a hot water is available,wikitable
Additional properties [ edit | edit source ],Properties,,inscription,User Defined,,"The full text of inscriptions, which can be found on buildings, memorials and other objects.",wikitable
Additional properties [ edit | edit source ],Properties,,internet_access,yes / wired / wlan / terminal / no,,"This tag is for indication that a map entity such as a building, a shop, restaurant, etc. offers internet access to the public, either as a paid service or even for free.",wikitable
Additional properties [ edit | edit source ],Properties,,layer,-5 to 5,,"0: ground (default); -1..-5:under ground layer; 1..5 (not +1):above ground layer This is intended to indicate actual physical separation, shouldn't be used just to influence rendering order.",wikitable
Additional properties [ edit | edit source ],Properties,,leaf_cycle,evergreen / deciduous / semi_evergreen / semi_deciduous / mixed,,Describes the phenology of leaves,wikitable
Additional properties [ edit | edit source ],Properties,,leaf_type,broadleaved / needleleaved / mixed / leafless,area,Describes the type of leaves,wikitable
Additional properties [ edit | edit source ],Properties,,location,underground / overground / underwater / roof / indoor,,Location,wikitable
Additional properties [ edit | edit source ],Properties,,narrow,yes,,"Relative indication that a way (waterway, highway, cycleway) gets narrower.",wikitable
Additional properties [ edit | edit source ],Properties,,nudism,yes / obligatory / designated / no / customary / permissive,,Indicates if the described object provides the possibility of nudism,wikitable
Additional properties [ edit | edit source ],Properties,,opening_hours,24/7 or mo md hh:mm-hh:mm. (read described syntax),,opening_hours describes when something is open.,wikitable
Additional properties [ edit | edit source ],Properties,,opening_hours:drive_through,24/7 or mo md hh:mm-hh:mm. (read described syntax),,opening_hours describes when something is open for drive-through services.,wikitable
Additional properties [ edit | edit source ],Properties,,operator,User Defined,,The operator tag can be used to name a company or corporation who's responsible for a certain object or who operates it.,wikitable
Additional properties [ edit | edit source ],Properties,,power_supply,yes / no,,Describes whether a power supply is available,wikitable
Additional properties [ edit | edit source ],Properties,,produce,User Defined,relation,Describes a feature's agricultural output produced though a natural process of growing or breeding.,wikitable
Additional properties [ edit | edit source ],Properties,,rental,see key's page,,Tagged on shops and other features to denote if they rent something or not and what they rent.,wikitable
Additional properties [ edit | edit source ],Properties,,sauna,yes / no,,Describes whether a sauna is available,wikitable
Additional properties [ edit | edit source ],Properties,,service_times,see opening_hours,,Times of service of a given feature e.g. church service,wikitable
Additional properties [ edit | edit source ],Properties,,shower,yes / no,,Describes whether a shower is available,wikitable
Additional properties [ edit | edit source ],Properties,,sport,soccer / tennis / basketball / baseball / multi / ...,,Describes which sports are placed on a facility such as a pitch or stadium.,wikitable
Additional properties [ edit | edit source ],Properties,,start_date,Date,relation,Date feature was created,wikitable
Additional properties [ edit | edit source ],Properties,,tactile_paving,yes /no,,Indicate if a specific place can be detected or followed with a blindman's stick.,wikitable
Additional properties [ edit | edit source ],Properties,,tidal,yes,area,Area is flooded by the tide,wikitable
Additional properties [ edit | edit source ],Properties,,toilets,yes / no,,Describes whether a toilets is available,wikitable
Additional properties [ edit | edit source ],Properties,,topless,yes / no,,Indicates if the described object provides the possibility of female topless practice,wikitable
Additional properties [ edit | edit source ],Properties,,tunnel,yes,way,"A tunnel, use together with a tag layer =* .",wikitable
Additional properties [ edit | edit source ],Properties,,toilets:wheelchair,yes / no,,States if a location has a wheelchair accessible toilet or not.,wikitable
Additional properties [ edit | edit source ],Properties,,wheelchair,yes / no / limited,,Indicates if a place is accessible using a wheelchair.,wikitable
Additional properties [ edit | edit source ],Properties,,width,Number,,Width of way in metres,wikitable
Additional properties [ edit | edit source ],Properties,,wood,coniferous / deciduous / mixed,,"Applies to landuse = forest and natural = wood detailing the sort of trees found within each landuse. Makes most sense when applied to areas. Be careful : this tag is now deprecated , please use instead leaf_cycle =*",wikitable
Additional properties [ edit | edit source ],References,,iata,*,,(taglist; descriptions load from Taginfo in the wiki page),taglist
Additional properties [ edit | edit source ],References,,iata,icao=*,,(taglist; descriptions load from Taginfo in the wiki page),taglist
Additional properties [ edit | edit source ],References,,iata,int_ref=*,,(taglist; descriptions load from Taginfo in the wiki page),taglist
Additional properties [ edit | edit source ],References,,iata,lcn_ref=*,,(taglist; descriptions load from Taginfo in the wiki page),taglist
Additional properties [ edit | edit source ],References,,iata,loc_ref=*,,(taglist; descriptions load from Taginfo in the wiki page),taglist
Additional properties [ edit | edit source ],References,,iata,local_ref=*,,(taglist; descriptions load from Taginfo in the wiki page),taglist
Additional properties [ edit | edit source ],References,,iata,nat_ref=*,,(taglist; descriptions load from Taginfo in the wiki page),taglist
Additional properties [ edit | edit source ],References,,iata,ncn_ref=*,,(taglist; descriptions load from Taginfo in the wiki page),taglist
Additional properties [ edit | edit source ],References,,iata,old_ref=*,,(taglist; descriptions load from Taginfo in the wiki page),taglist
Additional properties [ edit | edit source ],References,,iata,rcn_ref=*,,(taglist; descriptions load from Taginfo in the wiki page),taglist
Additional properties [ edit | edit source ],References,,iata,ref=*,,(taglist; descriptions load from Taginfo in the wiki page),taglist
Additional properties [ edit | edit source ],References,,iata,reg_ref=*,,(taglist; descriptions load from Taginfo in the wiki page),taglist
Additional properties [ edit | edit source ],References,,iata,route_ref=*,,(taglist; descriptions load from Taginfo in the wiki page),taglist
Additional properties [ edit | edit source ],References,,iata,source_ref=*,,(taglist; descriptions load from Taginfo in the wiki page),taglist
Additional properties [ edit | edit source ],Restrictions,,access,agricultural delivery designated destination forestry no official permissive private yes,way,"General access permission. agricultural – Only for agricultural traffic delivery – Only when delivering to the element. designated – A preferred or designated route for a specific vehicle type or types. Not compulsory but often marked by a traffic sign destination – Used for ways in designated local traffic areas, where traffic should only enter if its destination is within the area forestry – Only for forestry traffic no – No access for the general public. Consider using another tag indicating who can use the element official – The way is dedicated to a specific mode of travel by law. Usually marked by traffic signs and exclusive. In Germany use is also compulsory. clarification needed permissive – Open to general traffic until such time as the owner revokes the permission which they are legally allowed to do at any time in the future. private – Only with permission of the owner on an individual basis yes – The public has an official, legal right of access, i.e. it's a right of way (default value)",wikitable
Additional properties [ edit | edit source ],Restrictions,,agricultural,yes / no,way,"Access permission for agricultural vehicles, e.g. tractors.",wikitable
Additional properties [ edit | edit source ],Restrictions,,atv,For values see access above,way,"Access restricted to wheeled vehicles 1.27m (50 inches) or less in width, for example ATV",wikitable
Additional properties [ edit | edit source ],Restrictions,,bdouble,For values see access above,way area,"Access permission for Road Train B-double . A B-double (B-Train) consists of a prime mover towing a specialised trailer (known as a ""lead"" or ""A""-trailer) that has a fifth-wheel mounted on the rear towing another semi-trailer, resulting in two articulation points.",wikitable
Additional properties [ edit | edit source ],Restrictions,,bicycle,For values see access above + dismount,way,"Access permission for bicycles. Usage of bicycle = dismount and bicycle = no will vary in different countries. If according to local traffic rules a bicycle is no longer seen as a bicycle when there's no one driving it, then there's no need for using bicycle = dismount . If the local legislation still sees an undriven bicycle as a bicycle then you may need to use both bicycle = dismount and bicycle = no .",wikitable
Additional properties [ edit | edit source ],Restrictions,,boat,For values see access above,way area,"Access permission for small boats and pleasure crafts, including yachts",wikitable
Additional properties [ edit | edit source ],Restrictions,,bus,For values see access above,way area,Access permission for buses acting as public transport vehicles,wikitable
Additional properties [ edit | edit source ],Restrictions,,carriage,For values see access above,way area,Access permission for carriage drawn by horse(s) or other animals,wikitable
Additional properties [ edit | edit source ],Restrictions,,cycle_rickshaw,For values see access above,way area,Access permission for two-tracked human powered pedal vehicles,wikitable
Additional properties [ edit | edit source ],Restrictions,,electric_bicycle,For values see access above,way node area,Access permission for electric bicycles (mostly defined as having a maximum speed of 25 km/h),wikitable
Additional properties [ edit | edit source ],Restrictions,,emergency,yes,way,"Access permission for emergency motor vehicles; e.g., ambulance, fire truck, police car",wikitable
Additional properties [ edit | edit source ],Restrictions,,foot,For values see access above,way,Access permission for pedestrians.,wikitable
Additional properties [ edit | edit source ],Restrictions,,forestry,yes / no,way,"Access permission for forestry vehicles, e.g. tractors.",wikitable
Additional properties [ edit | edit source ],Restrictions,,golf_cart,For values see access above,way,"Access permission for golf carts and similar small, low-speed electric vehicles",wikitable
Additional properties [ edit | edit source ],Restrictions,,goods,For values see access above,way,"Access permission for light commercial vehicles (LCV) or goods vehicles of category N1 with a maximum allowed mass of up to 3.5 tonnes. In the USA, combined weight 26,000 lbs or less.",wikitable
Additional properties [ edit | edit source ],Restrictions,,hand_cart,For values see access above,way area,Access permission for human-pulled/pushed hand carts,wikitable
Additional properties [ edit | edit source ],Restrictions,,hazmat,For values see access above,way,Access permission for vehicles carrying hazardous materials.,wikitable
Additional properties [ edit | edit source ],Restrictions,,hgv,For values see access above,way,"Access permission for Heavy Goods Vehicles (HGV) (UK), e.g. for goods vehicles of category N2 and N3 (trucks, lorries) with a maximum allowed mass over 3.5 tonnes. In the USA, combined weight 26,001 lbs or greater.",wikitable
Additional properties [ edit | edit source ],Restrictions,,horse,For values see access above,way,Access permission for horse riders.,wikitable
Additional properties [ edit | edit source ],Restrictions,,hov,For values see access above,way,Access permission for high-occupancy vehicles,wikitable
Additional properties [ edit | edit source ],Restrictions,,inline_skates,yes / no,way node area,Access permission for Inline Skates,wikitable
Additional properties [ edit | edit source ],Restrictions,,lhv,For values see access above,way,"Access permission for Longer Heavier Vehicle (LHV) , e.g. for vehicles with 6 axles and can carry up to 44 metric tons",wikitable
Additional properties [ edit | edit source ],Restrictions,,mofa,For values see access above,way,Access permission for mofas,wikitable
Additional properties [ edit | edit source ],Restrictions,,moped,For values see access above,way,Access permission for mopeds,wikitable
Additional properties [ edit | edit source ],Restrictions,,motorboat,For values see access above,way area,Access permission boats and yachts using motor,wikitable
Additional properties [ edit | edit source ],Restrictions,,motorcar,For values see access above,way,Access permission for (motor) cars,wikitable
Additional properties [ edit | edit source ],Restrictions,,motorcycle,For values see access above,way,Access permission for motorcycles,wikitable
Additional properties [ edit | edit source ],Restrictions,,motor_vehicle,For values see access above,way,Access permission for any motorized vehicle,wikitable
Additional properties [ edit | edit source ],Restrictions,,psv,For values see access above,way,"Access permission for public service vehicles (UK) - buses, taxis, minibuses and share taxis",wikitable
Additional properties [ edit | edit source ],Restrictions,,roadtrain,For values see access above,way area,"Access permission for Road train , A road train consists of a relatively conventional tractor unit, but instead of pulling one trailer or semi-trailer, the road train pulls two or more of them.",wikitable
Additional properties [ edit | edit source ],Restrictions,,ski,For values see access above,way area,Access permission for skiers,wikitable
Additional properties [ edit | edit source ],Restrictions,,speed_pedelec,For values see access above,way node area,Access permission for electric bicycles (mostly defined as having a maximum speed of 45 km/h),wikitable
Additional properties [ edit | edit source ],Restrictions,,tank,For values see access above,way area,Access permission for (military) tanks,wikitable
Additional properties [ edit | edit source ],Restrictions,,taxi,For values see access above,way,Access permission for taxis,wikitable
Additional properties [ edit | edit source ],Restrictions,,trailer,For values see access above,way area,Access permission for vehicles with trailers,wikitable
Additional properties [ edit | edit source ],Restrictions,,tourist_bus,For values see access above,way area,Access permission for buses that are not acting as public transport vehicles,wikitable
Additional properties [ edit | edit source ],Restrictions,,vehicle,For values see access above,way,Access permission for all vehicles,wikitable
Additional properties [ edit | edit source ],Restrictions,,4wd_only,yes,way,A road signed as only suitable for 4WD (offroad) vehicles,wikitable
Additional properties [ edit | edit source ],Restrictions,,alcohol,yes / no,node area,"Whether alcohol is allowed, or what type of alcohol may be served, at a location.",wikitable
Additional properties [ edit | edit source ],Restrictions,,dog,yes / no,node way area relation,Describes if dogs are allowed.,wikitable
Additional properties [ edit | edit source ],Restrictions,,drinking_water:legal,yes / no,node area,Indication whether a feature is officially considered as a drinking water.,wikitable
Additional properties [ edit | edit source ],Restrictions,,female,yes,node area,Female-only or gender segregated (with male = yes ) feature,wikitable
Additional properties [ edit | edit source ],Restrictions,,gender_segregated,yes/no,node area,Used for indicating whether a feature has separated male and female facilities.,wikitable
Additional properties [ edit | edit source ],Restrictions,,male,yes,node area,Male-only or gender segregated (with female = yes ) feature,wikitable
Additional properties [ edit | edit source ],Restrictions,,max_age,age,node area,The legal maximum age,wikitable
Additional properties [ edit | edit source ],Restrictions,,maxaxleload,Weight,way,The legal maximum axleload – units other than tonnes should be explicit,wikitable
Additional properties [ edit | edit source ],Restrictions,,maxheight,Height,way,Height limit – units other than metres should be explicit,wikitable
Additional properties [ edit | edit source ],Restrictions,,maxlength,Length,way,Length limit – units other than metres should be explicit,wikitable
Additional properties [ edit | edit source ],Restrictions,,maxspeed,Speed,way,Maximum speed – units other than km/h should be explicit,wikitable
Additional properties [ edit | edit source ],Restrictions,,maxstay,Duration,way,Maximum stay – units other than minutes should be explicit,wikitable
Additional properties [ edit | edit source ],Restrictions,,maxweight,Weight,way,Weight limit – units other than tonnes should be explicit,wikitable
Additional properties [ edit | edit source ],Restrictions,,maxwidth,Width,way,Width limit – units other than metres should be explicit,wikitable
Additional properties [ edit | edit source ],Restrictions,,min_age,age,node area,The legal minimum age,wikitable
Additional properties [ edit | edit source ],Restrictions,,minspeed,Speed,way,Minimum speed – units other than km/h should be explicit,wikitable
Additional properties [ edit | edit source ],Restrictions,,noexit,yes,node way,A dead end road/cul de sac with only one access road,wikitable
Additional properties [ edit | edit source ],Restrictions,,oneway,yes / no / -1,way,"oneway = yes for traffic direction same as the sequence of nodes of the way. oneway = no for bidirectional traffic. oneway = -1 for traffic direction opposite to the sequence of nodes of the way (if the way cannot be reversed). Some road types are assumed to be one-way (e.g. highway = motorway ), others are assumed to be two-way (most others).",wikitable
Additional properties [ edit | edit source ],Restrictions,,openfire,yes / no,node area relation,This property specifies whether open fires are allowed at a feature.,wikitable
Additional properties [ edit | edit source ],Restrictions,,Relation:restriction,,relation,Used for a set of tags and members to represent a turn restriction.,wikitable
Additional properties [ edit | edit source ],Restrictions,,smoking,yes / no,node area relation,"For marking applicable smoking rules. However, if a law mandates a given smoking rule, that need not be mapped.",wikitable
Additional properties [ edit | edit source ],Restrictions,,toll,yes,node,Toll or fee must be paid to access way. See also barrier = toll_booth,wikitable
Additional properties [ edit | edit source ],Restrictions,,traffic_sign,city_limit,node,"Start/end sign of city limits, in most countries implies a specific ""city maxspeed"".",wikitable
Additional properties [ edit | edit source ],Restrictions,,unisex,yes,node area,Unisex feature,wikitable
